Front (Question)	Back (Answer)	Lecture	Exam Ticket
Чем обучение с учителем отличается от без учителя?	<p>При обучении с учителем есть пары (вход, истинный выход), и мы минимизируем loss между предсказанием и истиной. Без учителя истины нет — нет пар, только входы. Целью становится найти структуру, кластеры или уменьшить размерность, и loss формулируется хитро: реконструкция, контрастные пары или информационная мера. Supervised применять легче (данные есть), unsupervised — для исследовательских задач и когда маркировка дорога.</p>	Лекция_00	Разгон_(Основы_ML)
Что такое data leakage и почему это плохо?	<p>Data leakage — когда информация из test/val просочилась в train. Причины: нормализация на всей выборке, выбор признаков на всей выборке, временные ряды где test раньше train, дублирующиеся примеры. Результат: метрика на test нереалистично хороша, потом в боевых условиях модель падает. На экзамене надо знать примеры и правила: scale параметры только из train, feature selection на train, test не смотрим при подборе гиперпараметров.</p>	Лекция_00	Разгон_(Основы_ML)
Чем отличаются недообучение и переобучение?	<p>Недообучение (underfitting): модель слишком простая, большой bias. Loss на train высокий и не снижается, loss на train ≈ loss на val. Лечение: усложнить модель. Переобучение (overfitting): модель слишком сложная, большая variance. Loss на train упал низко, но loss на val выше и растёт. Лечение: регуляризация, больше данных, рано остановиться.</p>	Лекция_00	Разгон_(Основы_ML)
Что такое bias-variance tradeoff?	<p>При фиксированном объёме данных, по мере усложнения модели, ошибка bias монотонно падает (модель может выразить больше), а ошибка variance растёт (чувствительность к шуму выборки). Итоговая ошибка = bias² + variance + шум. Оптимум где-то в середине. На практике: train loss монотонно падает, val loss сначала падает, потом растёт. Точка минимума val loss — это баланс bias и variance.</p>	Лекция_00	Разгон_(Основы_ML)
Параметры и гиперпараметры — в чём разница?	<p>Параметры — это числа внутри модели, которые обучаются из данных (веса $w$, bias $b$). Гиперпараметры — это настройки алгоритма (learning rate, batch size, архитектура, λ регуляризации). Параметры ищем градиентным спуском, гиперпараметры подбираем вручную или через grid/random search на val.</p>	Лекция_00	Разгон_(Основы_ML)
Почему accuracy врёт на дисбалансированных классах?	<p>Пример: 99% данных класс 0, 1% класс 1. Модель выучилась говорить всегда класс 0. Accuracy = 99% ← выглядит отлично! Но Recall для класса 1 = 0%, F1 = 0. Accuracy не учитывает, что нас интересует класс 1. Решение: смотреть на Precision, Recall, F1, ROC-AUC вместо Accuracy при дисбалансе.</p>	Лекция_00	Разгон_(Основы_ML)
Что такое эпоха, батч, итерация и как они связаны?	<p>Выборка N примеров, batch size B. Одна эпоха = N/B итераций (один full pass по выборке). Каждая итерация: берём батч из B примеров, делаем forward, backward, обновляем параметры. Пример: 10000 примеров, batch 100 → одна эпоха = 100 итераций. Батчирование — для параллелизма на GPU и стабильности градиента.</p>	Лекция_00	Разгон_(Основы_ML)
Как выбрать скорость обучения η?	<p>Слишком большое η — расходимся (прыгаем через минимум). Слишком малое — очень медленно. Начни с 0.001 или 0.01 (для нейросетей), посмотри на loss — если падает гладко, хорошо. Если шумит или растёт — уменьши. На практике используют адаптивные оптимизаторы (Adam, RMSprop), которые подбирают η автоматически.</p>	Лекция_00	Разгон_(Основы_ML)
Зачем нужна регуляризация и какие есть виды?	<p>Регуляризация борется с переобучением. Виды: (1) L2 — штраф за большие веса, стягивает к нулю; (2) L1 — штраф за абсолютное значение, обнуляет веса, sparse; (3) Dropout — во время обучения выключаем ~50% нейронов случайно; (4) Early stopping — останавливаем как только val loss начал расти. На практике часто комбинируют: L2 + Dropout + Early stopping.</p>	Лекция_00	Разгон_(Основы_ML)
Почему мы делим данные на train/val/test, если можно обучить на всём?	<p>Потому что на train-данных ты можешь изначально переобучиться, и ты это не заметишь. Val нужен для выбора гиперпараметров и ранней остановки — это объективная мера, как модель работает на новых данных. Test — это финальная проверка, и мы смотрим на test только один раз, чтобы не переобучиться на выбор гиперпараметров даже случайно. Если смотреть на test много раз, то он становится как val, и реальная обобщающая способность неизвестна.</p>	Лекция_00	Разгон_(Основы_ML)
Что такое нейрон и что он вычисляет?	<p>Нейрон вычисляет $a = \varphi(w^\top x + b)$ — сначала линейную комбинацию входов со своими весами плюс смещение, затем применяет нелинейную функцию активации. Геометрически линейная часть задаёт гиперплоскость, а $z = w^\top x + b$ — расстояние со знаком от точки до неё, масштабированное на $\|w\|$.</p>	Лекция_01	Билет_1_Полносвязные_сети_Активации_Backprop
Почему нельзя обойтись без функции активации?	<p>Композиция линейных отображений линейна: $W_2(W_1x + b_1)+b_2 = (W_2W_1)x + (W_2b_1+b_2)$. Значит любая глубокая сеть без активаций сворачивается в один линейный слой и не может выразить ничего, кроме линейной модели — например, не решит XOR. Нелинейность — единственное, что делает глубину осмысленной.</p>	Лекция_01	Билет_1_Полносвязные_сети_Активации_Backprop
В чём разница между однослойной и многослойной сетью?	<p>Однослойная (перцептрон) реализует линейную модель: линейную либо логистическую регрессию. Её разделяющая поверхность — гиперплоскость, поэтому нелинейно разделимые задачи (XOR) ей недоступны. Многослойная за счёт скрытых слоёв с нелинейностями строит произвольные разделяющие поверхности. Содержательно: скрытые слои учат <em>представление</em> данных, а последний слой — обычный линейный классификатор поверх него.</p>	Лекция_01	Билет_1_Полносвязные_сети_Активации_Backprop
Сколько параметров в сети 784 → 128 → 64 → 10?	<p>Полносвязный слой $n_{in} \to n_{out}$ имеет $n_{in}\cdot n_{out} + n_{out}$ параметров.</p> <p>$784\cdot128 + 128 = 100\,352 + 128 = 100\,480$<br> $128\cdot64 + 64 = 8\,192 + 64 = 8\,256$<br> $64\cdot10 + 10 = 640 + 10 = 650$</p> <p><strong>Итого 109 386.</strong> Обрати внимание: 92% параметров в первом слое — это типично для MLP на изображениях и одна из причин, почему для картинок используют свёртки.</p>	Лекция_01	Билет_1_Полносвязные_сети_Активации_Backprop
Backprop — это алгоритм обучения?	<p>Нет, и это важное различие. Backprop <strong>вычисляет градиенты</strong>. Обучает <strong>градиентный спуск</strong> (SGD, Adam и т. д.), который использует эти градиенты для обновления весов. Backprop = эффективная реализация цепного правила, оптимизатор — отдельная сущность.</p>	Лекция_01	Билет_1_Полносвязные_сети_Активации_Backprop
Почему backprop идёт справа налево, а не слева направо?	<p>Loss — скалярная функция от многих параметров: $\mathbb{R}^{P} \to \mathbb{R}$, где $P$ огромно. При обходе справа налево (reverse mode) мы на каждом шаге умножаем <em>вектор на матрицу</em> — стоимость сопоставима с forward pass, и все $P$ градиентов получаются за один проход. При обходе слева направо (forward mode) пришлось бы делать отдельный проход на каждый параметр, то есть $P$ проходов.</p> <p>Правило: reverse mode выгоден, когда выходов мало, а входов много; forward mode — наоборот.</p>	Лекция_01	Билет_1_Полносвязные_сети_Активации_Backprop
Что такое $\delta$ и какой у неё смысл?	<p>$\delta^{(l)} = \partial L/\partial z^{(l)}$ — градиент функции потерь по предактивации слоя $l$, то есть «сколько ошибки приходится на этот слой». Зная $\delta^{(l)}$, градиенты по параметрам получаются тривиально: $\partial L/\partial W^{(l)} = \delta^{(l)}(a^{(l-1)})^\top$ и $\partial L/\partial b^{(l)} = \delta^{(l)}$. Рекуррентно $\delta$ пересчитывается назад: $\delta^{(l)} = (W^{(l+1)\top}\delta^{(l+1)})\odot\varphi'(z^{(l)})$.</p>	Лекция_01	Билет_1_Полносвязные_сети_Активации_Backprop
Почему при обучении нужно втрое больше памяти, чем при инференсе?	<p>Для backward pass нужны промежуточные активации $a^{(l)}$ и предактивации $z^{(l)}$ всех слоёв — они входят в формулы градиентов. Поэтому forward обязан их сохранить. Плюс хранятся сами градиенты и состояния оптимизатора (у Adam — два дополнительных буфера размера с веса). При инференсе ничего сохранять не нужно, память переиспользуется послойно.</p> <p>Отсюда приём <em>gradient checkpointing</em>: не хранить активации, а пересчитывать их заново при backward — экономия памяти ценой ~30% времени.</p>	Лекция_01	Билет_1_Полносвязные_сети_Активации_Backprop
Почему нельзя инициализировать веса нулями?	<p>Проблема симметрии: все нейроны слоя выдадут одинаковый выход, получат одинаковые $\delta$ и обновятся одинаково. Они останутся идентичными навсегда, и слой из $n$ нейронов будет эквивалентен одному. Поэтому веса инициализируют случайно (Xavier для tanh/sigmoid, He для ReLU), а bias можно нулями — симметрию уже нарушают веса.</p>	Лекция_01	Билет_1_Полносвязные_сети_Активации_Backprop
Что такое «умирающий ReLU» и как с ним бороться?	<p>Если после большого шага градиента веса нейрона стали такими, что $z < 0$ на всех объектах обучающей выборки, то $\text{ReLU}'(z) = 0$ всегда, градиент по этим весам всегда нулевой, и нейрон больше никогда не обновится — он мёртв.</p> <p>Средства: LeakyReLU или ELU (ненулевая производная слева), меньший learning rate, He-инициализация, BatchNorm (удерживает $z$ около нуля).</p>	Лекция_01	Билет_1_Полносвязные_сети_Активации_Backprop
Sigmoid или ReLU в скрытых слоях и почему?	<p>ReLU. У sigmoid максимум производной 0.25, и при перемножении по $L$ слоям градиент затухает экспоненциально ($0.25^{10} \approx 10^{-6}$). У ReLU производная в положительной области ровно 1 — градиент проходит без ослабления. Плюс ReLU в разы дешевле вычислительно. Sigmoid оставляют только там, где нужен именно выход в $(0,1)$: бинарная классификация на выходе и гейты в LSTM.</p>	Лекция_01	Билет_1_Полносвязные_сети_Активации_Backprop
Как связаны число слоёв и выразительная сила? Не лучше ли просто сделать один очень широкий слой?	<p>По теореме об универсальной аппроксимации одного скрытого слоя достаточно для приближения любой непрерывной функции на компакте. Но теорема не ограничивает <em>ширину</em>: для многих функций она растёт экспоненциально с размерностью входа.</p> <p>Глубина даёт экспоненциальную экономию параметров за счёт переиспользования признаков: слой $l$ строит признаки из признаков слоя $l-1$. Аналогия: в булевых схемах есть функции, требующие экспоненциального размера при глубине 2, но полиномиального при глубине $O(\log n)$. Цена глубины — проблемы обучения (затухание градиента), которые решают ReLU, BatchNorm и skip-connections.</p>	Лекция_01	Билет_1_Полносвязные_сети_Активации_Backprop
В чём разница между символьным и автоматическим дифференцированием?	<p>Символьное: подаём формулу в систему (SymPy), она манипулирует выражением, выводит формулу производной, потом вычисляем. Плюс — точно, минус — выражение может разрастись экспоненциально. Автодифф: разлагаем вычисление на элементарные операции, применяем цепное правило к конкретным <em>числам</em> во время вычисления. Точность машинная, стоимость фиксированная, не зависит от сложности формулы. Автодифф — способ индустриального стандарта в ML.</p>	Лекция_02	Билет_2_Автодифференцирование_PINN
Forward vs reverse mode — когда какой использовать?	<p>Forward mode: O(n·T) где n = число входов. Выгоден когда входов мало, выходов много. Reverse mode: O(m·T) где m = число выходов. Выгоден когда входов много, выходов мало. В нейросетях: входов тысячи/миллионы, выход = 1 скаляр loss, поэтому reverse выигрывает в миллионы раз. Reverse mode = backprop.</p>	Лекция_02	Билет_2_Автодифференцирование_PINN
Почему в нейросетях используется именно reverse mode?	<p>Потому что нужно вычислить градиент loss по всем параметрам. Параметров может быть млн, loss — один скаляр. Forward mode потребовал бы млн проходов (по одному на каждый параметр), reverse mode — один проход назад. Стоимость reverse ≈ одному forward pass, reverse в миллионы раз дешевле.</p>	Лекция_02	Билет_2_Автодифференцирование_PINN
Что такое вычислительный граф и зачем его сохранять?	<p>Вычислительный граф — это DAG (граф без циклов), где узлы = переменные, рёбра = операции. Во время forward pass PyTorch строит такой граф (динамически) и сохраняет его. При backward pass идём по графу в обратном порядке, применяя цепное правило. Граф нужен, чтобы знать, какие операции были и в каком порядке, и какие значения для них нужны.</p>	Лекция_02	Билет_2_Автодифференцирование_PINN
Что такое коллокационные точки в PINN и почему их случайные?	<p>Коллокационные точки — это точки $(x_i, t_i)$ внутри области, где проверяем, что уравнение выполняется. Типично 5000–50000 таких точек. Они <em>случайные</em>, потому что: (1) нет необходимости в сетке — можно брать любые точки; (2) стохастичность помогает избежать переобучения; (3) быстрее, чем регулярная сетка при высоких размерностях.</p>	Лекция_02	Билет_2_Автодифференцирование_PINN
Почему в PINN нельзя использовать ReLU?	<p>ReLU имеет вторую производную = 0 везде (кроме точки излома). Если PDE содержит $\frac{\partial^2 u}{\partial x^2}$ или выше, и $u$ реализована ReLU, то эта вторая производная всегда нулевая, уравнение вырождается в тривиальное. Нужны гладкие активации (tanh, sine, softplus) с ненулевыми производными любого порядка.</p>	Лекция_02	Билет_2_Автодифференцирование_PINN
Как в PyTorch считаются вторые производные?	<p>Использовать torch.autograd.grad с create_graph=True. Первый раз: grad1 = torch.autograd.grad(y, x, create_graph=True)[0]. Результат grad1 остаётся дифференцируемым. Второй раз: grad2 = torch.autograd.grad(grad1.sum(), x)[0]. Вторая производная в grad2. Минус: дорого по памяти и времени, так что вторые производные доступны только для малых сетей.</p>	Лекция_02	Билет_2_Автодифференцирование_PINN
Что такое адъюнкт в reverse mode и как он распространяется?	<p>Адъюнкт $\bar{z} = \frac{\partial L}{\partial z}$ для промежуточного значения z — это «сколько loss зависит от z». При reverse pass идём по графу назад и пересчитываем адъюнкты: $\bar{x} = \bar{z} \cdot \frac{\partial z}{\partial x}$ по цепному правилу. Если z зависит от нескольких x, адъюнкты суммируются. На выходе получаем $\frac{\partial L}{\partial \theta}$ для всех параметров θ.</p>	Лекция_02	Билет_2_Автодифференцирование_PINN
Почему PINN медленно сходятся и как это решается?	<p>Loss содержит три слагаемых: L_PDE, L_BC, L_IC с разными масштабами. Нужно балансировать через коэффициенты λ. Если λ неправильный, одна часть доминирует, другие зарывают. Решения: (1) Подбирать λ вручную (боль). (2) Динамическое перевзвешивание: пересчитывать λ во время обучения, давая больший вес слагаемым с большей ошибкой. (3) Использовать многозадачное обучение (multi-task learning). (4) Улучшать инициализацию весов и выбор гиперпараметров оптимизатора.</p>	Лекция_02	Билет_2_Автодифференцирование_PINN
Можно ли в PINN использовать данные (обратная задача)?	<p>Да, это основная фишка PINN. Если есть реальные измерения u_data в точках, добавляем в loss: $L = L_{\text{PDE}} + λ_d L_{\text{data}}$, где $L_{\text{data}} = \sum_i (u_\theta(x_i) - u_{\text{data}, i})^2$. Это позволяет совместить физику (уравнение должно выполняться) с данными (модель должна проходить через измерения). Отсюда и название «физически информированные» — информация одновременно от уравнения и от данных.</p>	Лекция_02	Билет_2_Автодифференцирование_PINN
На каких задачах PINN выигрывает у классических солверов?	<p>Высокие размерности (d ≥ 3), где сетка становится неприемлемо большой (проклятие размерности). Обратные задачи (искать коэффициенты уравнения по данным). Смешивание физики и данных при редких измерениях. Но на простых 1D–2D задачах классические солверы (FEM, FDM) быстрее и точнее. PINN — для специальных и трудных случаев.</p>	Лекция_02	Билет_2_Автодифференцирование_PINN
Чем loss отличается от метрики?	<p>Loss — дифференцируемая функция, которую модель минимизирует во время обучения (нужен градиент). Метрика — число, которое мы смотрим в конце, может быть недифференцируемой, главное что понятна человеку. Пример: оптимизируем cross-entropy, смотрим accuracy. Иногда совпадают, но обычно нет.</p>	Лекция_03	Билет_3_Loss-функции_MLE_MAP_/_L2
Почему MSE чувствительна к выбросам, а MAE нет?	<p>MSE = квадрат ошибки, поэтому большая ошибка наказывается резко (квадратично). Выброс с ошибкой 100 вносит вклад 10000 в loss. MAE = абсолютное значение, линейно. Выброс с ошибкой 100 вносит вклад 100. Также, производная MSE зависит от величины ошибки (2e), производная MAE константа (±1). Для робастности выбираем MAE.</p>	Лекция_03	Билет_3_Loss-функции_MLE_MAP_/_L2
MSE минимизирует среднее или медиану?	<p>MSE минимизирует среднее. Доказательство: $\min_a \sum (y_i - a)^2 \Rightarrow \frac{\partial}{\partial a} = 0 \Rightarrow a = \frac{1}{N}\sum y_i$. MAE минимизирует медиану: $\frac{\partial}{\partial a} \sum |y_i - a| = 0$ означает одинаковое число точек слева и справа от $a$, что есть определение медианы.</p>	Лекция_03	Билет_3_Loss-функции_MLE_MAP_/_L2
Что такое cross-entropy и KL-дивергенция?	<p>Cross-entropy $H(p,q) = -\sum p_i \log q_i$ — средняя неожиданность при кодировании истинного распределения $p$ кодом для распределения $q$. KL-дивергенция $\text{KL}(p\|q) = \sum p_i \log(p_i/q_i)$ — расстояние между $p$ и $q$. Связь: $H(p,q) = H(p) + \text{KL}(p\|q)$. Так как $H(p)$ константна, минимизация CE = минимизация KL = максимизация похожести q на p.</p>	Лекция_03	Билет_3_Loss-функции_MLE_MAP_/_L2
Почему нельзя использовать MSE для классификации вместо CE?	<p><strong>Причина 1 (градиент):</strong> при использовании sigmoid, градиент MSE = $2(\hat{y} - y) \sigma'(z)$ содержит множитель $\sigma'(z)$, который насыщается (близко к 0) при большой ошибке. Градиент CE = $(\hat{y} - y)$ — чистый, без насыщения. Причина 2 (модель): MSE предполагает гауссов шум, классификация — категориальное распределение. Вероятностно неправильно.</p>	Лекция_03	Билет_3_Loss-функции_MLE_MAP_/_L2
Как работает метод максимального правдоподобия?	<p>Ищем параметры $\theta$, которые максимизируют произведение вероятностей $\prod_i p(y_i|x_i,\theta)$. Логарифмируем: $\max \sum_i \log p(y_i|x_i,\theta)$. Или минимизируем NLL = $-\sum_i \log p(y_i|x_i,\theta)$. Логарифм: произведение становится суммой, избегаем underflow, монотонность сохраняется.</p>	Лекция_03	Билет_3_Loss-функции_MLE_MAP_/_L2
Докажи, что ММП с гауссовым шумом → MSE.	<p>Предположим $y_i = f(x_i,\theta) + \varepsilon_i$, $\varepsilon_i \sim N(0,\sigma^2)$. Тогда $p(y_i|x_i,\theta) = \frac{1}{\sqrt{2\pi\sigma^2}} \exp(-(y_i-f(x_i,\theta))^2/(2\sigma^2))$. Логарифм: $\log p = -\frac{1}{2}\log(2\pi\sigma^2) - (y_i-f(x_i,\theta))^2/(2\sigma^2)$. Первое слагаемое от θ не зависит. Максимизируем второе → минимизируем $\sum (y_i-f(x_i,\theta))^2$ = MSE. Вывод готов.</p>	Лекция_03	Билет_3_Loss-функции_MLE_MAP_/_L2
Откуда берётся binary cross-entropy и почему она лучше MSE?	<p>Для бинарной классификации истинное распределение Бернулли: $p(y|x,\theta) = \hat{y}^y (1-\hat{y})^{1-y}$, где $\hat{y} = \sigma(\theta^\top x)$. По ММП логарифм правдоподобия: $\log p = y\log\hat{y} + (1-y)\log(1-\hat{y})$. Максимизируем = минимизируем $-[y\log\hat{y} + (1-y)\log(1-\hat{y})]$ = BCE. Лучше MSE потому что: (1) нет насыщения градиента, (2) правильная вероятностная модель.</p>	Лекция_03	Билет_3_Loss-функции_MLE_MAP_/_L2
L2-регуляризация — это что из вероятности?	<p>L2-регуляризация = MAP (максимум апостериори) с гауссовым априором на параметры. Логарифм апостериора: $\log p(\theta|D) \propto \log p(D|\theta) + \log p(\theta) = \text{NLL} + \log N(θ; 0, \tau^2) = \text{NLL} - \|θ\|^2/(2\tau^2)$. Минимизируем: NLL + λ·||θ||² где λ~1/τ². Выбор λ = выбор дисперсии априора.</p>	Лекция_03	Билет_3_Loss-функции_MLE_MAP_/_L2
Что такое Focal loss и зачем нужна при дисбалансе?	<p>Focal loss: $L_f = -(1-\hat{y})^\gamma y \log\hat{y} - \hat{y}^\gamma (1-y)\log(1-\hat{y})$ с $\gamma>0$. Идея: примеры, на которых модель уже хорошо работает (высокая $\hat{y}$), получают маленький вес $(1-\hat{y})^\gamma \approx 0$. Примеры, на которых ошибается, получают вес близко к 1. Фокусируемся на hard examples, игнорируем easy. Это помогает при дисбалансе, не даёт модели сосредоточиться только на большом классе.</p>	Лекция_03	Билет_3_Loss-функции_MLE_MAP_/_L2
Какая вероятностная модель стоит за MAE?	<p>MAE стоит за лапласовым распределением шума: $p(y|x,\theta) = \frac{1}{2b} \exp(-|y-f(x,\theta)|/b)$ где $b$ — масштаб. По ММП логарифм: $\log p \propto -|y-f(x,\theta)|/b$. Максимизируем = минимизируем MAE. Лапласово распределение имеет тяжелые хвосты, что и обеспечивает робастность к выбросам.</p>	Лекция_03	Билет_3_Loss-функции_MLE_MAP_/_L2
Почему MLP плохо работает на картинках, а свёртки работают?	<p>Два причины. Первая: размер входа. Картинка 224×224×3 = 150k пикселей. MLP с одним скрытым слоем 1000 нейронов → 150M параметров только в первом слое. Переобучение неизбежно. Свёртка с 32 фильтрами 3×3 → 9·32=288 параметров, выигрыш в миллионы раз.</p> <p>Вторая: структура. MLP не понимает соседства пикселей — каждый пиксель обрабатывается независимо. Если кот сдвинется на 1 пиксель, MLP его не узнает. Свёртка локальна и разделяет веса — одно ядро применяется везде, получается трансляционная эквивариантность. Плюс пулинг вводит инвариантность к позиции.</p>	Лекция_04	Билет_4_Слои_свёрточных_сетей
Объясни разницу между эквивариантностью и инвариантностью.	<p>Эквивариантность: сдвиг входа → сдвиг выхода ровно на столько же. Это свёртка. Если объект сдвинулся, его изображение на карте признаков сдвинулось ровно настолько же. Полезно: позиция объекта сохраняется, выход пространственно структурирован.</p> <p>Инвариантность: сдвиг входа → выход не меняется. Это пулинг и глобальный пулинг. Если объект сдвинулся, выход остаётся тем же. Полезно: представление объекта независимо от его позиции на картинке, можно использовать для классификации.</p> <p>Архитектура: свёртки+пулинг. Сначала эквивариантность (выравниваем признаки), потом инвариантность (забываем позицию и берём главное), получаем финальный вектор признаков для классификации.</p>	Лекция_04	Билет_4_Слои_свёрточных_сетей
Как считается формула размера выхода при свёртке?	<p>$H_{\text{out}} = \lfloor (H_{\text{in}} + 2p - k) / s \rfloor + 1$. Здесь $H_{\text{in}}$ — высота входа, $p$ — padding, $k$ — размер ядра, $s$ — stride. Интуиция: входная размерность плюс добавленные нули ($2p$), минус ядро ($k$) — это рабочий размер. Делим на stride (шаг скольжения), округляем вниз, добавляем 1 (первая позиция входа).</p> <p>Пример: 224×224, k=3, p=1, s=1: $(224+2-3)/1 + 1 = 224$. Same padding! При s=2: $\lfloor 223/2 \rfloor + 1 = 112$. Вдвое меньше. ✓</p>	Лекция_04	Билет_4_Слои_свёрточных_сетей
Что такое padding и зачем он нужен?	<p>Padding — добавление нулей вокруг входной карты. Зачем? Без padding края входа видят меньше контекста, чем центр (углы видят только 4 соседа вместо 9 для 3×3 ядра). Это асимметрия.</p> <p>Same padding ($p = (k - 1)/2$ при $s = 1$) гарантирует, что выход той же размерности, что вход. Полезно: архитектура проще, нет неожиданного сжатия размеров.</p> <p>Valid padding (p=0) теряет края, выход меньше. Реже используется, но экономит вычисления на глубоких слоях.</p>	Лекция_04	Билет_4_Слои_свёрточных_сетей
Сколько параметров в Conv 3×3, 64 входных канала, 128 выходных?	<p>$k \times k \times C_{\text{in}} \times C_{\text{out}} + C_{\text{out}} = 3 \times 3 \times 64 \times 128 + 128 = 9 \times 8\,192 + 128 = 73\,728 + 128 = 73\,856$ параметров.</p> <p>Первое слагаемое — веса ядер (9 элементов × 64 входных канала × 128 ядер=фильтров), второе — bias для каждого фильтра. Не зависит от пространственных размеров входа!</p>	Лекция_04	Билет_4_Слои_свёрточных_сетей
Что такое 1×1 свёртка и зачем она?	<p>1×1 свёртка — это линейная комбинация каналов в каждой пространственной позиции, без пространственного контекста. Матрица весов $C_{\text{out}} \times C_{\text{in}}$ применяется к вектору каналов в каждой позиции независимо.</p> <p>Зачем? Bottleneck (сжатие каналов 64 → 16 → 64 с меньшим числом параметров), дешёвая нелинейность между каналами (Conv 1×1 + ReLU), изменение числа каналов. Используется в ResNet и GoogLeNet.</p>	Лекция_04	Билет_4_Слои_свёрточных_сетей
Как растёт рецептивное поле с глубиной?	<p>Формула: $RF_l = RF_{l-1} + (k_l - 1) \cdot \prod_{i=1}^{l-1} s_i$. На каждом слое рецептивное поле увеличивается на $(k-1)$ умножить на совокупный stride предыдущих слоёв.</p> <p>Пример: три слоя Conv 3×3, все s=1, p='same'. RF растёт: 1 → 3 → 5 → 7. Три слоя 3×3 дают RF=7, как один слой Conv 7×7, но с меньшим числом параметров (2·9=18 vs 49) и большей нелинейностью (три активации вместо одной).</p> <p>Важно: большое рецептивное поле требуется для классификации целых объектов, а не их частей.</p>	Лекция_04	Билет_4_Слои_свёрточных_сетей
Dilated свёртка vs обычная свёртка со stride?	<p>Обычная свёртка с stride=2 растит рецептивное поле, но теряет разрешение вчетверо. Dilated свёртка (dilation=2) растит рецептивное поле без потери разрешения.</p> <p>Ядро 3×3 с d=2 охватывает эффективно область 5×5, но параметров всё ещё 9, и выход той же размерности, что вход. Идеально для сегментации, где нужен полноразмерный выход (пиксель-в-пиксель), но нейрон должен видеть весь объект.</p>	Лекция_04	Билет_4_Слои_свёрточных_сетей
MaxPool: как работает backward pass?	<p>Максимум пулинга имеет градиент, который проходит только через позицию, где был максимум. Если в окне 2×2 максимум был на позиции (1,1), то dL/d(input[1,1]) += dL/d(output), остальные три позиции получают градиент 0.</p> <p>Это имеет смысл: максимум — это выбор, информация течёт через самую важную позицию. Нет параметров, которые обучаются, поэтому backward тривиален.</p>	Лекция_04	Билет_4_Слои_свёрточных_сетей
BatchNorm: train vs eval режим. В чём разница?	<p>Train режим: нормализуем по батчу. Вычисляем среднее и дисперсию текущего батча, используем их для нормализации. Плюс обновляем running_mean и running_var (скользящие среднее/дисперсия из всех батчей обучения).</p> <p>Eval режим: нормализуем по running statistics (накопленные из обучения). Это гарантирует консистентность между обучением и инференсом.</p> <p>Типичная ошибка: забыть model.eval() перед инференсом. Тогда нормализация по маленькому батчу (может быть 1 пример!) даёт ненадёжные статистики, выход отличается от обучения, точность падает.</p>	Лекция_04	Билет_4_Слои_свёрточных_сетей
Почему в типовом блоке Conv → BN → ReLU, а не Conv → ReLU → BN?	<p>Потому что BatchNorm лучше работает на ненормированных данных, нормализует входы к ReLU, делая активацию более стабильной. Если применить BN после ReLU, половина значений уже выключены (отрицательные части ReLU), и нормализация менее информативна.</p> <p>Плюс: если Conv → BN, то bias в Conv можно удалить (параметр β в BN может выразить любой смещение). Экономим параметры.</p>	Лекция_04	Билет_4_Слои_свёрточных_сетей
GlobalAveragePooling: почему это лучше, чем Flatten + FC?	<p>GlobalAveragePooling делает среднее по всей пространственной карте признаков. Выход 1-мерный вектор, независимый от размера входа. Если вход был 32×32×128 или 224×224×128, выход всё ещё 128-мерный!</p> <p>Преимущества: (1) инвариантность к размеру входа (нет нужды в resizing перед инференсом), (2) намного меньше параметров (нет Flatten + большого FC), (3) меньше переобучения, (4) интерпретируемость: каждая компонента выхода — среднее активации канала, что соответствует признаку.</p>	Лекция_04	Билет_4_Слои_свёрточных_сетей
Что главное в AlexNet, что запустило эпоху DL в зрении?	<p>Четыре вещи вместе: (1) ReLU вместо tanh — нет затухания градиента, быстрое обучение; (2) Dropout — регуляризация на огромном датасете; (3) GPU (CUDA) — обучение больших сетей за разумное время; (4) Data augmentation — помощь обобщению. Каждая по отдельности важна, но вместе они дали 11 пункт улучшения (26% → 15% top-5 error).</p>	Лекция_05	Билет_5_Архитектуры_CNN_Transfer_Learning
Почему VGG использует только ядра 3×3?	<p>Два слоя Conv 3×3 дают рецептивное поле 5×5, как один слой Conv 5×5, но параметров 2·9=18 vs 25 и две нелинейности вместо одной. Три слоя 3×3 → RF=7, параметров 27 vs 49 для Conv 7×7. Меньше параметров, больше нелинейности, более выразительно. Это стандарт в современных сетях.</p>	Лекция_05	Билет_5_Архитектуры_CNN_Transfer_Learning
Объясни идею Inception-блока.	<p>Вместо выбора одного размера ядра, применяем несколько параллельно: Conv 1×1 (маленький контекст), Conv 1×1→3×3 (средний), Conv 1×1→5×5 (большой), MaxPool→Conv 1×1. Каждый путь проходит независимо, выходы конкатенируются по каналам. Идея: пусть сеть сама выбирает, какие масштабы полезны. Это позволяет захватить признаки на разных масштабах в одном слое.</p>	Лекция_05	Билет_5_Архитектуры_CNN_Transfer_Learning
Что такое проблема деградации и как её решили?	<p>Проблема: сеть из 56 слоёв имела ВЫШЕ ошибку на обучающих данных, чем сеть из 20 слоёв, хотя была глубже. Причина: тяжело оптимизировать — градиент затухает или взрывается. Решение: skip-connections (residual blocks). Вместо $y = F(x)$ учим $y = F(x) + x$. Преимущество: градиент $\partial L/\partial x = \partial L/\partial y · (1 + \partial F/\partial x)$ имеет единицу, которая спасает от затухания. Плюс сеть может учить поправки, а не всё с нуля.</p>	Лекция_05	Билет_5_Архитектуры_CNN_Transfer_Learning
ResNet vs VGG: кто и почему лучше?	<p>ResNet лучше. VGG: 138M параметров, медленная, но простая и понятная. ResNet-50: 25M параметров, быстрая, точнее (92.2% vs 89.1% на ImageNet top-1). Причина: skip-connections решают проблему деградации, позволяя очень глубокие сети. ResNet-152 имеет то же количество параметров как VGG-16, но намного лучше благодаря глубине. Победитель: архитектура, которая решает проблему оптимизации, выигрывает.</p>	Лекция_05	Билет_5_Архитектуры_CNN_Transfer_Learning
Что такое Vision Transformer и как она работает?	<p>Vision Transformer (ViT) применяет архитектуру Transformer (из NLP, self-attention) к компьютерному зрению. Картинка разбивается на патчи 16×16, каждый патч как слово, затем проходит через Transformer блоки. На большом датасете (ImageNet-21k) ViT достигает точности не хуже CNN. Преимущество: может обучиться глобальному контексту напрямую через attention, не постепенно через рецептивное поле. Минус: нужно МНОГО данных, на маленьких датасетах CNN лучше.</p>	Лекция_05	Билет_5_Архитектуры_CNN_Transfer_Learning
Трансфер-обучение: когда использовать feature extraction, когда fine-tuning?	<p>Feature extraction (заморозить backbone, обучить FC): когда мало данных (&lt; 1K) и задача похожа на ImageNet. Обучаем только маленький FC слой на 500 картинок, не переобучится.</p> <p>Fine-tuning (разморозить и дообучить с малым LR): когда достаточно данных (1K-10K) и задача отличается, но не радикально. Разморозиваем часть/все слои, обучаем с LR в 100-1000 раз меньше обычного. Постепенная разморозка ещё лучше.</p> <p>Ключ: разные LR для разных слоёв, используй те же mean/std нормализацию что при предобучении, BatchNorm в eval при заморозке.</p>	Лекция_05	Билет_5_Архитектуры_CNN_Transfer_Learning
Почему трансфер-обучение работает?	<p>Иерархия признаков. Ранние слои CNN выучивают универсальные признаки: рёбра, углы, текстуры. Они полезны для любой задачи (собака, кошка, автомобиль — всё имеет края). Поздние слои учат специфичные для класса признаки: морда собаки, форма авто. При трансфер-обучении берём универсальные ранние признаки (они переносятся), замораживаем их, дообучаем только поздние слои и FC классификатор на новой задаче. Это экономит обучение и защищает от переобучения.</p>	Лекция_05	Билет_5_Архитектуры_CNN_Transfer_Learning
Критическая ошибка при трансфер-обучении?	<p>Забыть нормализацию входа! Использовать случайную нормализацию вместо ImageNet mean/std. Это испортит все предобученные признаки, точность упадёт. Второе: забыть model.eval() для BatchNorm слоёв при заморозке. BatchNorm в train режиме обновит running_mean/var по новому маленькому батчу, испортит статистики. Третье: слишком большой learning rate — перепишет предобученные веса. Используй 100-1000x меньше, чем при обучении с нуля.</p>	Лекция_05	Билет_5_Архитектуры_CNN_Transfer_Learning
Медицинские снимки и спутники: поможет ли трансфер?	<p>Поможет, но меньше, чем на ImageNet-похожих задачах. Медицинские снимки и спутниковые данные очень отличаются от RGB картинок из ImageNet. Ранние слои CNN (рёбра, текстуры) могут помочь, но поздние слои нужно переделать. Рекомендация: используй предобученные веса как инициализацию, но дообучи больше слоёв (не только FC) с аугментацией. Или используй self-supervised предобучение на своём датасете неразмеченных данных.</p>	Лекция_05	Билет_5_Архитектуры_CNN_Transfer_Learning
GlobalAveragePooling vs Flatten + FC?	<p>GlobalAveragePooling берёт среднее по всей пространственной карте. Выход независим от размера входа! Вход 32×32×128 или 224×224×128 → выход 128-мерный вектор. Плюсы: (1) параметров намного меньше (нет большого FC), (2) меньше переобучения, (3) интерпретируемость (каждый выход = среднее активации канала). Flatten + FC требует фиксированный размер входа и много параметров. GlobalAveragePooling используется везде сейчас.</p>	Лекция_05	Билет_5_Архитектуры_CNN_Transfer_Learning
Depthwise separable свёртка: как работает и чем выигрывает?	<p>Depthwise separable = два этапа: (1) Depthwise Conv 3×3 на каждом входном канале отдельно, даёт $k^2 · C_{in}$ параметров; (2) Pointwise Conv 1×1 комбинирует каналы, даёт $C_{in} · C_{out}$ параметров. Всего $k^2 · C_{in} + C_{in} · C_{out}$ вместо $k^2 · C_{in} · C_{out}$ обычной свёртки. Выигрыш: в $C_{out}$ раз меньше параметров! Для $k=3$, $C_{in}=64$, $C_{out}=128$: обычная 73K параметров, depthwise separable 9K. Используется в MobileNet для мобильных устройств.</p>	Лекция_05	Билет_5_Архитектуры_CNN_Transfer_Learning
В чём разница между Batch GD, SGD и mini-batch?	<p><strong>Batch GD:</strong> считаем градиент на <em>всей выборке</em>, один шаг = одна эпоха. Точный, но медленный.</p> <p><strong>SGD:</strong> считаем градиент на <em>одном примере</em>, много шагов за эпоху, очень дёшев. Шумный, но шум помогает избегать локальных минимумов.</p> <p><strong>Mini-batch:</strong> компромисс: батч из 32-256 примеров. Баланс шума и стабильности, хороший параллелизм на GPU. Стандарт на практике.</p>	Лекция_06	Билет_6_Оптимизаторы_SGD_Momentum_Adam_Матричные_производные
Почему SGD с шумом иногда лучше, чем чистый GD?	<p>Шум помогает избегать плохих локальных минимумов и седловых точек. В высоких размерностях локальные минимумы чрезвычайно редки, чаще встречаются седловые точки. Случайное возмущение помогает покинуть такую точку, чистый градиентный спуск застрял бы (градиент ноль). Плюс шум работает как регуляризация.</p>	Лекция_06	Билет_6_Оптимизаторы_SGD_Momentum_Adam_Матричные_производные
Что такое Momentum и зачем он нужен?	<p>Momentum — это накопление скорости: вместо чистого градиента ведём вектор скорости $v_t = \beta v_{t-1} + g_t$. Интуиция: шарик с инерцией. Плюсы: гасит зигзаг в узких ущельях (овраги), ускоряет движение в согласованных направлениях, помогает преодолеть плато. Стандартное значение $\beta = 0.9$ означает усреднение по примерно 10 последним градиентам.</p>	Лекция_06	Билет_6_Оптимизаторы_SGD_Momentum_Adam_Матричные_производные
Чем Adam отличается от SGD+Momentum?	<p>Adam = Momentum + адаптивный learning rate. Adam ведёт два буфера: первый момент $m$ (как Momentum) и второй момент $v$ (как RMSProp). Это позволяет иметь разный learning rate для каждого параметра в зависимости от дисперсии его градиентов. Плюс bias correction на ранних шагах. Результат: Adam сходится быстрее и работает с дефолт гиперпараметрами, но иногда финальное качество хуже, чем SGD+Momentum.</p>	Лекция_06	Билет_6_Оптимизаторы_SGD_Momentum_Adam_Матричные_производные
Зачем нужна коррекция смещения в Adam? Можно без неё?	<p>Без коррекции смещения $m$ и $v$ инициализируются нулями, и на первых шагах они сильно смещены к нулю. На $t=1$: $m_1 = 0.1 g_1$ (в 10 раз меньше!). Если использовать такое $m$ в шаге, он будет в 10 раз меньше нужного, обучение замирает. Коррекция $\hat m = m/(1-0.9^t)$ восстанавливает нормальный масштаб. При $t=1000$ коррекция почти не нужна (знаменатель ≈ 1), поэтому её эффект исчезает.</p>	Лекция_06	Билет_6_Оптимизаторы_SGD_Momentum_Adam_Матричные_производные
Почему Learning rate такой важный? Что будет, если выбрать неправильно?	<p>Learning rate контролирует размер шага. Слишком маленький (10^-6) → обучение медленное, может занять неделю; слишком большой (1) → прыгаем через минимум, веса расходятся, loss → NaN. Правильный (10^-3) → быстрая и стабильная сходимость. Learning rate — самый критичный гиперпараметр: влияет на всё.</p>	Лекция_06	Билет_6_Оптимизаторы_SGD_Momentum_Adam_Матричные_производные
Что такое bias correction? Формула и зачем?	<p>В Adam: $\hat m_t = m_t / (1 - \beta_1^t)$ и $\hat v_t = v_t / (1 - \beta_2^t)$. Зачем? Потому что $m$ и $v$ инициализируются нулями. Пример: при $\beta_1 = 0.9$, $t=1$: $m_1 = (1-0.9)g = 0.1 g$ (ошибка: слишком мало). Деление на $(1 - 0.9^1) = 0.1$ даёт $\hat m_1 = 0.1g / 0.1 = g$ (исправлено!). При больших $t$ эффект исчезает, так что это только для стабилизации начала обучения.</p>	Лекция_06	Билет_6_Оптимизаторы_SGD_Momentum_Adam_Матричные_производные
Какой оптимизатор выбрать для своего проекта?	<p>Сейчас стандарт: <strong>Adam</strong> (или AdamW для трансформеров). Начни с Adam, дефолт LR = 1e-3. Если качество плохое, попробуй SGD+Momentum (иногда даёт лучше качество в CV, но нужно подбирать LR). RMSProp может помочь с RNN. Главное: не тратить много времени на выбор, часто результат похож.</p>	Лекция_06	Билет_6_Оптимизаторы_SGD_Momentum_Adam_Матричные_производные
Производная скаляра по матрице: размер результата?	<p>Результат имеет <strong>размер самой матрицы</strong>. Пример: если $L$ — скаляр, $W \in \mathbb{R}^{3 \times 5}$, то $\partial L/\partial W$ — матрица $(3 \times 5)$. Это главное правило для проверки формул: если получилась другого размера, где-то потеря или нужно транспонирование.</p>	Лекция_06	Билет_6_Оптимизаторы_SGD_Momentum_Adam_Матричные_производные
Нормальное уравнение: откуда (X'X)^-1 X'y?	<p>Минимизируем $L = \frac{1}{2}\|Xw - y\|^2$. Градиент: $\frac{\partial L}{\partial w} = X^\top(Xw - y)$. Приравняем нулю: $X^\top Xw = X^\top y \Rightarrow w = (X^\top X)^{-1}X^\top y$. Это аналитическое решение: веса, которые идеально минимизируют MSE. На практике редко используется (обратная матрица дорого), но теоретический результат.</p>	Лекция_06	Билет_6_Оптимизаторы_SGD_Momentum_Adam_Матричные_производные
Почему вес decay в Adam работает не как L2-регуляризация?	<p>L2-регуляризация добавляет $\lambda w$ к градиенту: $g' = g + \lambda w$. Потом Adam применяет адаптивный шаг к этому $g'$. Результат: параметры с малым историческим градиентом получают большую коррекцию, параметры с большим — малую. Weight decay делает по-другому: вычитает $\eta \lambda w$ <em>вне</em> адаптивного механизма: $w \leftarrow w - \eta \frac{m}{v} - \eta \lambda w$. Результат: все параметры регуляризуются одинаково, независимо от $v$. Это правильнее и является стандартом (AdamW).</p>	Лекция_06	Билет_6_Оптимизаторы_SGD_Momentum_Adam_Матричные_производные
Как диагностировать недообучение и переобучение?	<p>Посмотри на кривые train и val loss по эпохам. Если оба loss высокие и не падают → недообучение (модель слабая). Если train падает, а val растёт → переобучение (модель запоминает). Если оба падают, val чуть выше train → норма. Быстрая диагностика за 30 секунд.</p>	Лекция_07	Билет_7_Аугментация_Тюнинг_гиперпараметров
Зачем нужна аугментация, если она меняет данные?	<p>Аугментация расширяет выборку: модель видит варианты одного объекта (повёрнутые, обрезанные, с шумом). Это как если бы датасет был в несколько раз больше. Плюс аугментация работает как регуляризация: модель не может запомнить пиксели, вынуждена учить инвариантные признаки. Результат: лучше обобщает на новые данные.</p>	Лекция_07	Билет_7_Аугментация_Тюнинг_гиперпараметров
Mixup vs CutMix: чем отличаются и когда какой?	<p>Mixup: смешиваем пиксели двух изображений линейно (60% кот + 40% собака). Размазанное изображение. CutMix: вырезаем куск из одного, вставляем в другое (кот с куском собаки). Реальнее выглядит. На практике CutMix часто работает лучше на изображениях (более natural), Mixup проще в реализации. Для текста Mixup редко используется, обычно back-translation.</p>	Лекция_07	Билет_7_Аугментация_Тюнинг_гиперпараметров
Learning rate: самый важный гиперпараметр? Почему?	<p>Да. Слишком маленький LR → обучение медленное, может час потребоваться вместо 10 минут. Слишком большой → loss → NaN, расходимся. Правильный LR → сходимся быстро к хорошему решению. LR влияет на всё. Поэтому всегда начинай с выбора LR.</p>	Лекция_07	Билет_7_Аугментация_Тюнинг_гиперпараметров
Grid vs Random search: какой лучше?	<p>Random обычно лучше. Причина: параметры имеют неравную важность. Grid может пройти мимо оптимума по важному параметру, если он не на сетке. Random распределит пробы по всему диапазону, не только по сетке. Практический вывод: используй random, если бюджет ограничен и параметры неравной важности. Grid — только если параметров очень мало (&lt;2-3).</p>	Лекция_07	Билет_7_Аугментация_Тюнинг_гиперпараметров
Байесовская оптимизация: зачем нужен суррогат?	<p>Суррогат (гауссовский процесс) — это дешёвая модель, которая интерполирует уже проведённые пробы. На основе суррогата выбираем следующую точку умно: не случайно, а там, где ожидаем улучшение (high expected improvement или UCB). Результат: гораздо меньше проб, чем random search (50 вместо 200).</p>	Лекция_07	Билет_7_Аугментация_Тюнинг_гиперпараметров
Гауссовский процесс: как он работает на пальцах?	<p>GP — это вероятностная модель. На каждой точке λ она выдаёт два числа: среднее $\mu(\lambda)$ (предсказанное значение) и стандартное отклонение $\sigma(\lambda)$ (неопределённость). Где данные есть, $\sigma$ мал (мы уверены). Где данных нет, $\sigma$ большой (мы не знаем). GP строится как взвешенная сумма гауссиан, центрированных на наблюдённые точки.</p>	Лекция_07	Билет_7_Аугментация_Тюнинг_гиперпараметров
Гиперпараметры: с какого начинать подбирать?	<p>Learning rate. Это самый важный и чувствительный параметр. Сначала найди range, где loss падает (не NaN, не плато): обычно $10^{-3}$ … $10^{-4}$ для CNN. Потом уточняй внутри. Остальные параметры менее критичны, дефолты часто работают. Исключение: batch size — большой батч требует пропорционально больший LR (linear scaling rule).</p>	Лекция_07	Билет_7_Аугментация_Тюнинг_гиперпараметров
Early stopping: как правильно использовать?	<p>Во время обучения мониторь loss (или accuracy) на валидационном наборе. Если он не падает K эпох подряд, остановись и верни лучшие веса. Это предотвращает переобучение. Параметр K обычно 10-20. Плюс: экономия времени, лучшее обобщение. Минус: требует дополнительного кода.</p>	Лекция_07	Билет_7_Аугментация_Тюнинг_гиперпараметров
Test-Time Augmentation (TTA): что это и зачем?	<p>На инференс (тесте) вместо одного предсказания модели подаём несколько аугментированных вариантов изображения и усредняем предсказания. Медленнее (~10x), но качество лучше, особенно если тестовые данные трудные. Используется в соревнованиях (Kaggle). Не используется на train, только на test.</p>	Лекция_07	Билет_7_Аугментация_Тюнинг_гиперпараметров
Почему классификация не работает для face recognition?	<p>В классификации число классов K фиксировано: если нанимают нового сотрудника, нужно переобучать модель. Plus разметка: нужна целая выборка нового лица. Метрический подход: обучаем функцию расстояния один раз, потом новое лицо просто добавляем в gallery как новый эталон — никакого переобучения.</p>	Лекция_08	Билет_8_Метрические_методы_Сиамские_сети
Что такое сиамская сеть и почему веса в обеих ветках общие?	<p>Сиамская сеть — это архитектура, где одна и та же сеть применяется к нескольким входам. Веса общие из-за симметрии: расстояние $d(a,b) = d(b,a)$, поэтому перестановка входов не должна влиять на результат. Если бы веса были разные, одинаковые входы в разных ветках дали бы разные эмбеддинги — логически неправильно. Плюс экономия параметров и регуляризация.</p>	Лекция_08	Билет_8_Метрические_методы_Сиамские_сети
Разберите contrastive loss: оба слагаемых и margin.	<p>$L = y \cdot d^2 + (1-y) \cdot \max(0, m-d)^2$. При $y=1$ (позитивная пара) штрафуем за большие расстояния — хотим их близко. При $y=0$ (негативная пара) штрафуем только если $d < m$ — негативы должны быть на расстоянии не менее $m$. Margin нужен, чтобы негативы не разъезжались бесконечно: создаёт целевой зазор между классами.</p>	Лекция_08	Билет_8_Метрические_методы_Сиамские_сети
Что такое hard, easy и semi-hard triplets?	<p>Easy triplets: $d(a,n) \gg d(a,p)$ — негатив уже далеко, loss=0, не учат. Hard triplets: $d(a,n) < d(a,p)$ — негатив ближе позитива, loss большой, может дестабилизировать. Semi-hard: $d(a,p) < d(a,n) < d(a,p)+m$ — золотая середина, информативны, стабильны. FaceNet использовала semi-hard mining в батче для стабильного обучения.</p>	Лекция_08	Билет_8_Метрические_методы_Сиамские_сети
Напишите формулу triplet loss и объясните каждый член.	<p>$L = \max(0, d(a,p) - d(a,n) + m)$. Это говорит: позитив должен быть ближе якоря, чем негатив, по крайней мере на margin $m$. Loss = 0 если условие выполнено. Числовой пример: $d(a,p)=0.3, d(a,n)=0.9, m=0.2$ даёт $L = \max(0, 0.3-0.9+0.2) = 0$ — тройка хороша. Если $d(a,p)=0.5, d(a,n)=0.6$, то $L = 0.1$ — негатив слишком близко.</p>	Лекция_08	Билет_8_Метрические_методы_Сиамские_сети
Почему нормализуют эмбеддинги на единичную сферу?	<p>Нормализация $\|f(x)\| = 1$ стабилизирует обучение (нет проблемы с растущей нормой), делает L2 и косинусное расстояние пропорциональны ($\|a-b\|^2 = 2(1 - \cos(a,b))$ при $\|a\|=\|b\|=1$), позволяет использовать быстрый косинусный поиск в FAISS, имеет геометрический смысл (точки на сфере).</p>	Лекция_08	Билет_8_Метрические_методы_Сиамские_сети
ArcFace vs CosFace: в чём разница и почему ArcFace лучше?	<p>Обе добавляют margin, но ArcFace добавляет его к углу ($\theta+m$), CosFace — к косинусу ($\cos\theta - m$). ArcFace: угловой margin инвариантен к размерности и геометрически естественен на сфере. CosFace: проще вычисляется. На практике ArcFace показывает лучший результат и стал стандартом в face recognition.</p>	Лекция_08	Билет_8_Метрические_методы_Сиамские_сети
Как практически работает верификация лица?	<p>1) Обучают сеть с ArcFace на большом датасете (миллионы лиц). 2) На инференсе входное лицо проходит через энкодер → эмбеддинг z (норм. на сфере). 3) Вычисляют расстояние до эталонного лица в gallery: $d(z, z_{ref})$. 4) Сравнивают с порогом $\tau$ (выбран на validation set через ROC/EER). Если $d < \tau$ → один человек, иначе → разные. Порог определяет баланс FAR (ложные принятия) и FRR (ложные отклонения).</p>	Лекция_08	Билет_8_Метрические_методы_Сиамские_сети
Что такое collapse в triplet loss и как его избежать?	<p>Collapse — схлопывание всех эмбеддингов в одну точку, из-за чего все расстояния нулевые, loss везде ноль, сеть застывает. Причина: hard triplets и неудачная инициализация. Защита: semi-hard mining (как в FaceNet), осторожная инициализация (Xavier/He), контролируемый learning rate, L2-регуляризация на эмбеддинги.</p>	Лекция_08	Билет_8_Метрические_методы_Сиамские_сети
Почему сиамская сеть, а не две разные сети?	<p>Псевдосиамские сети (с разными весами) используют в асимметричных задачах, но для метрических задач со взаимной похожестью это неправильно. Если веса разные, две копии одного входа дадут разные эмбеддинги в разных ветках — логически нарушается симметрия расстояния. Плюс синергия параметров в сиамской архитектуре тренирует более устойчивые представления.</p>	Лекция_08	Билет_8_Метрические_методы_Сиамские_сети
Как работает linear probing и почему это честная оценка качества представления?	<p>После обучения метрической сети заморозить энкодер и обучить только линейный классификатор на новой задаче с размеченными данными. Это честная оценка, потому что проверяет, насколько хорошо эмбеддинги специфичны для конкретной задачи, а не перегенерализированы. Если linear probing работает хорошо — представление действительно полезно; если плохо — энкодер выучил что-то своё.</p>	Лекция_08	Билет_8_Метрические_методы_Сиамские_сети
Почему pretask первого поколения (поворот, jigsaw) работают хуже контрастивных методов?	<p>Потому что они требуют только <strong>локального</strong> или <strong>глобального признака</strong>, но не требуют полноты семантической информации. Например, поворот можно определить по текстуре или ориентации линий, без понимания объектов. Контрастивный loss, напротив, требует различать между аугментациями одного объекта и разных объектов — это вынуждает учить семантику.</p>	Лекция_09	Билет_9_Контрастивное_обучение_SSL_InfoNCE
Зачем в SimCLR нужна сильная аугментация (crop + color jitter)?	<p>Без цветовой аугментации сеть жульничает: фокусируется на цветовой гистограмме картинки, которая почти инвариантна к аугментациям. Это показано явным экспериментом в статье: убрать color jitter → точность резко падает. Crop критичен, потому что разные части одного объекта должны быть позитивной парой, а при малом crop это становится нетривиальным.</p>	Лекция_09	Билет_9_Контрастивное_обучение_SSL_InfoNCE
Что такое проекционная голова (projection head) в SimCLR и почему её выбрасывают?	<p>Проекционная голова $g$ — дополнительная сеть (обычно 2-слойная MLP), которая преобразует представление энкодера $f(x)$ в пространство, где считается контрастивный loss. После обучения её выбрасывают и используют только $f(x)$. Интуиция: $g$ оптимизирует представление под специфичную контрастивную loss, а $f$ выучивает общие признаки. Для downstream tasks нужны общие признаки $f(x)$, не специфичное пространство $g(f(x))$.</p>	Лекция_09	Билет_9_Контрастивное_обучение_SSL_InfoNCE
Почему в SimCLR нужен большой батч?	<p>Потому что в батче размера $B$ есть $2B-2$ негативных примеров для каждого позитива. Малый батч = мало негативов = слабый контраст, сеть может выучить коллапс (все представления одинаковые). Большой батч обеспечивает разнообразие негативов, что стабилизирует обучение. На практике батчи 256–8192 стандартны.</p>	Лекция_09	Билет_9_Контрастивное_обучение_SSL_InfoNCE
Как решает проблему большого батча алгоритм MoCo?	<p>MoCo хранит <strong>очередь (queue)</strong> из $N \approx 65\,536$ недавних представлений (негативов). Новый батч добавляется в конец, старые выбрасываются. Это даёт много негативов без огромного батча. Дополнительно используется <strong>momentum-энкодер</strong>, который обновляется медленно (EMA), чтобы сохранить консистентность ключей в очереди. Формула: $\theta_{\text{key}} \leftarrow m \cdot \theta_{\text{key}} + (1-m) \cdot \theta_{\text{query}}$ с $m \approx 0.999$.</p>	Лекция_09	Билет_9_Контрастивное_обучение_SSL_InfoNCE
BYOL обучается без явных негативов — почему не коллапсирует?	<p>Это <strong>открытый вопрос</strong> в теории deep learning. BYOL использует онлайн энкодер с предиктором и целевой энкодер (обновляемый EMA). Теория предсказывает коллапс, но на практике это не происходит. Три гипотезы: (1) батч содержит скрытые отрицательные пары; (2) EMA целевого энкодера стабилизирует, мешая коллапсу; (3) асимметрия в архитектуре нарушает симметрию коллапса. Правда неизвестна и активно исследуется.</p>	Лекция_09	Билет_9_Контрастивное_обучение_SSL_InfoNCE
Что такое коллапс представлений и как его обнаружить?	<p>Коллапс — когда энкодер выдаёт почти одинаковый вектор для всех входов. Формально: матрица представлений $Z$ (батч × размерность) имеет низкий ранг, часто ранг 1. Обнаружение: вычислить спектр сингулярных чисел матрицы $Z$; если есть сильный перекос (один большой, остальные малы), это коллапс. При коллапсе downstream accuracy в linear probing падает до случайного уровня (~10% на ImageNet).</p>	Лекция_09	Билет_9_Контрастивное_обучение_SSL_InfoNCE
Чем контрастивное обучение отличается от метрического обучения (лекция 8)?	<p>Математика одинакова: обе используют InfoNCE / NT-Xent loss. Отличие — в источнике позитивных пар. Метрическое обучение: позитив = две картинки одного <strong>класса (метка)</strong>. Контрастивное (SSL): позитив = две <strong>аугментации одной картинки</strong>. SSL не требует разметки, потому что аугментация = автоматическая метка. На практике контрастивный loss из SSL часто сильнее, чем метрический с метками, потому что аугментации предоставляют жёсткие геометрические ограничения.</p>	Лекция_09	Билет_9_Контрастивное_обучение_SSL_InfoNCE
Как CLIP делает zero-shot классификацию?	<p>CLIP обучает два энкодера параллельно: image encoder $f_v$ и text encoder $f_t$ на парах (картинка, текст-подпись) с контрастивным loss. После обучения, для zero-shot классификации берут новую картинку $x$ и текстовые описания классов (например, "фотография собаки", "фотография кошки"). Вычисляют косинусное сходство $\cos(f_v(x), f_t(\text{описание класса }k))$ для всех $k$, выбирают argmax. Это работает даже для классов, не видевшихся при обучении, потому что общее представление изображение-текст богато.</p>	Лекция_09	Билет_9_Контрастивное_обучение_SSL_InfoNCE
Linear probing vs fine-tuning: когда что использовать?	<p>Linear probing: заморозить энкодер, обучить только финальный линейный слой. Быстро, стабильно, показывает качество представлений. Когда: мало разметки (100–1000 примеров), нужна быстрая оценка. Fine-tuning: разрешить обновлять все слои, начиная с малого learning rate. Медленнее, требует подбора гиперпараметров. Когда: много разметки (10K+), максимизируем точность на целевой задаче. На практике: linear probing часто даёт 90% от fine-tuning качества, но в 10 раз быстрее.</p>	Лекция_09	Билет_9_Контрастивное_обучение_SSL_InfoNCE
Почему MAE (75% маскирование) работает лучше BERT (15% маскирование)?	<p>В BERT маскируют 15% токенов. В MAE — 75% патчей изображения. Более сильное маскирование требует восстанавливать с почти нуля, что требует полного понимания структуры и геометрии, не только локальных паттернов. Это является более сильным сигналом для обучения. Экспериментально MAE достигает ~83% linear probing на ImageNet против ~76% у лучших контрастивных методов. Интуиция: маскированное моделирование работает как более сложная pretask.</p>	Лекция_09	Билет_9_Контрастивное_обучение_SSL_InfoNCE
Объясни роль температуры τ в контрастивном loss. Что если τ → 0 или τ → ∞?	<p>NT-Xent loss использует температуру $\tau$ для масштабирования логитов: $\exp(s(z_i, z_j)/\tau)$. При $\tau \to 0$: логиты обостряются, соответствие подчёркивается. Сеть сильно штрафует трудные негативы (похожие на позитив). Может быть нестабильно. При $\tau \to \infty$: логиты сглаживаются, все примеры выглядят одинаково похожими, обучение медленное, нет дифференциации. На практике $\tau \approx 0.07$ обычно оптимально — найдено эмпирически. Это управляет trade-off между фокусировкой и стабильностью.</p>	Лекция_09	Билет_9_Контрастивное_обучение_SSL_InfoNCE
1. Выведи ELBO самостоятельно. Какие неравенства применяются?	<p>Шаг 1: Напишем логарифм правдоподобия через интеграл.</p> <p>$ \log p(x) = \log \int p(x|z)p(z) dz = \log \int q(z|x) \cdot \frac{p(x|z)p(z)}{q(z|x)} dz = \log \mathbb{E}_{z \sim q}[\ldots] $</p> <p>Шаг 2: Применяем неравенство Йенсена для вогнутой функции логарифма.</p> <p>$ \log \mathbb{E}[X] \ge \mathbb{E}[\log X] $</p> <p>Получаем</p> <p>$ \log p(x) \ge \mathbb{E}_{z \sim q} \left[ \log \frac{p(x|z)p(z)}{q(z|x)} \right] = \mathbb{E}_q[\log p(x|z)] - \mathbb{E}_q[\log \frac{q(z|x)}{p(z)}] $</p> <p>Шаг 3: Второе слагаемое — это минус KL.</p> <p>$ = \mathbb{E}_q[\log p(x|z)] - \text{KL}(q(z|x) \| p(z)) = \text{ELBO} $</p> <p>Равенство в Йенсене держится, когда случайная величина — константа, то есть когда q(z|x) = p(z|x) (истинный апостериорный).</p>	Лекция_10	Билет_10_Автоэнкодеры_VAE_ELBO_CVAE
2. Объясни, почему обычный AE не генеративный, а VAE — генеративный.	<p><strong>Обычный AE:</strong> энкодер отображает каждый x в точку z. На обучающих данных это работает, но латентное пространство дырявое — между кластерами мусор. Если сэмплировать случайный z и подать в декодер, он выдаст бессмыслицу.</p> <p><strong>VAE:</strong> энкодер выдаёт параметры распределения q(z|x), мы сэмплируем z из этого распределения. KL-слагаемое регуляризует все q(z|x) к приору p(z)=N(0,I). Это толкает латентное пространство в одно плотное облако. Теперь когда сэмплируем z~p(z)=N(0,I), декодер выдаст осмысленный объект.</p> <p>Ключ: VAE явно контролирует распределение в латентном пространстве через KL-слагаемое.</p>	Лекция_10	Билет_10_Автоэнкодеры_VAE_ELBO_CVAE
3. Напиши KL для двух гауссиан вручную. Почему минимум при μ=0, σ=1?	<p>KL(N(μ,σ²I) || N(0,I)) = -½ ∑_d (1 + log σ_d² - μ_d² - σ_d²)</p> <p>Разберём каждый член:</p> <ul> <li><strong>1:</strong> константа, никак не зависит от параметров.</li> <li><strong>log σ_d²:</strong> растёт, если σ больше. Минимум при σ=1 (log 1 = 0).</li> <li><strong>-μ_d²:</strong> штрафует за μ ≠ 0. Минимум при μ=0.</li> <li><strong>-σ_d²:</strong> штрафует за большую дисперсию. Минимум при σ=0, но σ≥0, так что физически минимум при σ=1.</li> </ul> <p>Поэтому KL достигает минимума (равного -½D, где D — размерность) при μ=0 и σ=1 для каждого компонента. Приор толкает апостериор быть стандартным нормальным.</p>	Лекция_10	Билет_10_Автоэнкодеры_VAE_ELBO_CVAE
4. Репараметризационный трюк: почему градиент рвётся без него?	<p>Без трюка: x → encoder → μ, σ → random node → z ~ q(·|x) → decoder → x̂</p> <p>Узел сэмплирования — это не дифференцируемая операция. Градиент от L по z может пройти (это просто вычисления), но он не может дальше пройти к μ и σ, потому что сэмплирование — случайная функция параметров, а не их гладкая функция.</p> <p>С трюком: ε ~ N(0,I) —ε— z = μ + σ⊙ε ←— μ, σ</p> <p>Теперь z — это просто арифметическое выражение с μ, σ, и ε (который не зависит от параметров сети). ∂z/∂μ = 1, ∂z/∂σ = ε — обычные производные. Градиент свободно проходит.</p>	Лекция_10	Билет_10_Автоэнкодеры_VAE_ELBO_CVAE
5. Почему энкодер предсказывает log σ², а не σ напрямую?	<p>Потому что σ (дисперсия) <strong>обязано быть положительной</strong>. Если сеть выучит отрицательное σ, это потеряет смысл.</p> <p>Если бы применили softplus или другую ограничивающую функцию активации, это добавило бы нелинейность и замедлило вычисления.</p> <p>Вместо этого: энкодер предсказывает logvar = log σ², а потом σ² = exp(logvar). Экспонента всегда положительна, независимо от значения logvar. Никаких ограничений на выход сети. Plus: KL-формула уже содержит log σ², так что вычисляется проще.</p>	Лекция_10	Билет_10_Автоэнкодеры_VAE_ELBO_CVAE
6. Что такое posterior collapse? Как его лечить?	<p><strong>Posterior collapse (ПЦ):</strong> KL-слагаемое обнуляется, q(z|x) становится равным p(z)=N(0,I). Энкодер перестаёт использовать информацию из x, декодер игнорирует z и всё восстанавливает детерминированно по x.</p> <p><strong>Причина:</strong> Если декодер очень мощный (например, авторегрессивный RNN), ему не нужна помощь от z для восстановления x. Он выбирает игнорировать z (KL=0), потому что KL штрафует любое использование z.</p> <p><strong>Лечение:</strong></p> <ul> <li><strong>KL Annealing:</strong> начнём с коэффициента 0 перед KL, постепенно повышаем до 1. Даём модели время научиться.</li> <li><strong>β-VAE:</strong> Loss = Recon + β·KL, где β > 1. Усиливаем регуляризацию латента.</li> <li><strong>Free Bits:</strong> минимизируем max(KL, δ). Если KL уже маленький, не штрафуем дальше.</li> </ul>	Лекция_10	Билет_10_Автоэнкодеры_VAE_ELBO_CVAE
7. Почему VAE генерирует размытые изображения? Как это связано с MSE?	<p>Loss-функция содержит MSE для реконструкции. MSE штрафует за каждый пиксель одинаково, независимо от того, правильное ли значение.</p> <p>Если энкодер неуверен, в каких деталях должны быть пиксели, то усреднение разных вариантов (синее пятно среднего цвета) часто даёт меньшую MSE, чем выбор одного варианта (или чёрное, или белое).</p> <p>Формально: E[(x - avg(x̂))²] &lt; E[avg((x - x̂)²)] в некоторых случаях. Модель выбирает усреднять.</p> <p><strong>Частичное решение:</strong> более выразительные декодеры (смесь гауссиан), другие loss функции. Полное решение — GAN (лекция 11), где нет этого эффекта усреднения.</p>	Лекция_10	Билет_10_Автоэнкодеры_VAE_ELBO_CVAE
8. В чём разница между q(z|x) и p(z|x)? Как они связаны с ELBO?	<p><strong>p(z|x)</strong> — истинное апостериорное распределение (какие коды z были бы правильны для этого x). Его мы не знаем и не можем вычислить.</p> <p><strong>q(z|x)</strong> — наше приближение, выученное энкодером.</p> <p>Связь с ELBO: log p(x) = ELBO + KL(q||p(·|x)). Зазор между ELBO и истинным логарифмом правдоподобия — это ровно KL между приближением и истиной. Когда ELBO достигает максимума, KL минимизируется, и q становится близко к истинному апостериорному.</p>	Лекция_10	Билет_10_Автоэнкодеры_VAE_ELBO_CVAE
9. Как устроена CVAE? Как подавить условие y?	<p>CVAE — это VAE, где всё условно от y. q(z|x,y) вместо q(z|x), p(x|z,y) вместо p(x|z).</p> <p>На практике y подаётся в виде:</p> <ul> <li><strong>Конкатенация:</strong> слить вектор y (или его эмбеддинг) с x перед энкодером, слить y с z перед декодером.</li> <li><strong>Эмбеддинг:</strong> если y категориальное (класс), делаем embedding(y) и слиём с основными признаками.</li> <li><strong>FiLM:</strong> y генерирует масштабирующие коэффициенты для слоёв сети (более выразительно).</li> </ul> <p>Приор p(z) можно оставить безусловным N(0,I) или сделать условным p(z|y).</p>	Лекция_10	Билет_10_Автоэнкодеры_VAE_ELBO_CVAE
10. Почему репараметризационный трюк даёт меньшую дисперсию, чем score function estimator?	<p><strong>Score function (REINFORCE):</strong> ∇_θ E_q[f(z)] = E_q[f(z)∇ log q_θ(z)]. Оценка через логарифмную производную.</p> <p>Проблема: ∇ log q часто большой, f(z) может быть большой и малой, их произведение очень шумное. Вариация растёт с размерностью z примерно как exp(D).</p> <p><strong>Репараметризация:</strong> z = μ + σ⊙ε. Градиент берётся через простое дифференцирование детерминированной функции. Вариация меньше, потому что мы не умножаем на ∇ log q.</p> <p>На практике репараметризация дает намного более чистые градиенты для VAE.</p>	Лекция_10	Билет_10_Автоэнкодеры_VAE_ELBO_CVAE
11. Что такое β-VAE и как он помогает с disentanglement?	<p>β-VAE: Loss = Recon + β·KL, где β > 1. Усиливаем вес регуляризации KL.</p> <p><strong>Эффект на posterior collapse:</strong> сильнее штрафуем за игнорирование z, заставляем использовать латент.</p> <p><strong>Побочный эффект — disentanglement:</strong> с большим β модель учится так, чтобы разные компоненты z кодировали разные факторы (один — толщину, один — наклон, один — цвет). Это потому, что β>1 «сжимает» K(q||p), и модель экономит на битах, используя только необходимые направления для каждого фактора.</p> <p>Disentangled представление полезно для интерпретируемости и transfer learning.</p>	Лекция_10	Билет_10_Автоэнкодеры_VAE_ELBO_CVAE
12. Кратко объясни, чем VQ-VAE отличается от обычного VAE и почему это важно для Stable Diffusion.	<p><strong>VQ-VAE:</strong> латентное пространство дискретное. Энкодер кодирует x в ближайший вектор из словаря (codebook). Декодер восстанавливает из этого дискретного кода.</p> <p><strong>Преимущества:</strong></p> <ul> <li>Нет posterior collapse — кодирование детерминированное, всегда использует информацию из x.</li> <li>Можно применить авторегрессивную модель (transformer) над дискретными кодами.</li> <li>Генерирует более чёткие картинки (нет размытия).</li> </ul> <p><strong>Важность для Stable Diffusion:</strong> Stable Diffusion работает в латентном пространстве VQ-VAE. Сначала картинка сжимается энкодером в дискретное представление, потом диффузионная модель работает в этом компактном пространстве, потом декодер восстанавливает картинку. Это делает генерацию намного быстрее, чем если бы диффузия работала в пикселях.</p>	Лекция_10	Билет_10_Автоэнкодеры_VAE_ELBO_CVAE
Почему в GAN нельзя просто обучить генератор минимизировать MSE между $G(z)$ и реальными картинками?	<p>Потому что шум $z$ никак не привязан к конкретному входному изображению $x$. Если минимизировать MSE между выходом генератора и случайными примерами из выборки, генератор сойдется к <strong>попиксельному среднему всех картинок датасета</strong> (размытое невнятное пятно). Дискриминатор же оценивает реалистичность всей структуры изображения целиком, заставляя генерировать четкие детали на многообразии данных.</p>	Лекция_11	Билет_11_Генеративные_модели_GAN
Чему равен оптимальный дискриминатор $D^*(x)$ и значение функции стоимости при идеальном генераторе?	<p>Оптимальный дискриминатор равен $D^*(x) = \frac{p_{\text{data}}(x)}{p_{\text{data}}(x) + p_g(x)}$. Когда генератор идеален ($p_g = p_{\text{data}}$), $D^*(x) = \frac{p_{\text{data}}(x)}{2 p_{\text{data}}(x)} = \frac{1}{2}$ для всех $x$. Значение функции стоимости при этом строго равно $V(D^*, G) = -\log(4) = -2\ln(2) \approx -1.386$ (или $-\ln 2 \approx -0.693$).</p>	Лекция_11	Билет_11_Генеративные_модели_GAN
В чем математическая причина проблемы Mode Collapse?	<p>В стандартном GAN мы оптимизируем дивергенцию Йенсена–Шеннона $D_{\text{JS}}$, которая штрафует генерацию нереалистичных объектов сильнее, чем пропуск целых мод. Если дискриминатор локально слаб на одной моде (например, на цифре «1»), генератор моментально стягивает все свои распределения $z \mapsto \text{«1»}$, так как это дает гарантированно низкий лосс. Дискриминатор затем переключается и начинает штрафовать «1», после чего генератор прыгает на моду «7», и так по кругу.</p>	Лекция_11	Билет_11_Генеративные_модели_GAN
Зачем в WGAN нужно требование 1-Липшицевости и как оно реализовано в WGAN-GP?	<p>Требование 1-Липшицевости ($\|\nabla f(x)\| \le 1$) возникает из формулы двойственности Канторовича–Рубинштейна для расстояния Вассерштейна. Без этого ограничения критик мог бы устремить свои выходы к $\pm\infty$, сделав лосс бесконечным. В WGAN-GP это ограничение накладывается через дифференцируемый штраф за отклонение нормы градиента критика по входу от единицы: $\mathbb{E}_{\hat{x}} [(\|\nabla_{\hat{x}} D(\hat{x})\|_2 - 1)^2]$ в случайных точках интерполяции.</p>	Лекция_11	Билет_11_Генеративные_модели_GAN
Почему в шаге обучения дискриминатора нужно вызывать `fake_imgs.detach()`?	<p>Вызов `.detach()` отсоединяет тензор `fake_imgs` от вычислительного графа генератора. Если не сделать `.detach()`, при обратном проходе `loss_D.backward()` градиенты протекут через весь генератор, что потратит лишнюю память/время GPU и ошибочно накопит нежелательные градиенты в параметрах генератора.</p>	Лекция_11	Билет_11_Генеративные_модели_GAN
Чем StyleGAN принципиально отличается от традиционных генераторов?	<p>В традиционных GAN шум $z$ подается в первый слой и напрямую масштабируется. В StyleGAN входная сеть Mapping Network переводит $z \to w \in \mathcal{W}$ (распутывая признаки). Синтез начинается с константного тензора $4\times 4$, а вектор $w$ модулирует слои через адаптивную нормализацию AdaIN. Это позволяет раздельно управлять крупными стилями (поза, форма лица), средними (черты лица, прическа) и мелкими (текстура кожи, веснушки через шум).</p>	Лекция_11	Билет_11_Генеративные_модели_GAN
Зачем в CycleGAN нужен Cycle Consistency Loss?	<p>Обычный Adversarial Loss для непарных выборок $X \to Y$ гарантирует лишь то, что сгенерированное $G(x)$ выглядит как объект из распределения $Y$. Однако он не обязывает $G(x)$ сохранять содержимое исходного $x$ (генератор может переводить любую лошадь в одну и ту же фиксированную зебру). Cycle Consistency Loss $\|F(G(x)) - x\|_1$ требует возможности восстановить исходное изображение обратным генератором $F$, что гарантирует сохранение геометрии и контента.</p>	Лекция_11	Билет_11_Генеративные_модели_GAN
В чем главные недостатки Inception Score (IS) и почему все перешли на FID?	<p>IS оценивает только распределение предсказаний классификатора $p(y|x)$ и $p(y)$, полностью игнорируя реальные обучающие данные! Если модель просто запомнит по одному идеальному изображению на каждый из 1000 классов ImageNet, она получит максимальный IS при абсолютном коллапсе мод. FID сравнивает реальные и синтетические данные в пространстве признаков (средние и ковариации), чувствителен к шуму, искажениям и коллапсу мод.</p>	Лекция_11	Билет_11_Генеративные_модели_GAN
В чем математическая разница между Minimax Loss и Non-Saturating Loss генератора и почему первый приводит к затуханию градиентов на старте?	<p>В исходной формулировке Goodfellow et al. (2014) генератор минимизирует $\mathcal{L}_G^{\text{minimax}} = \mathbb{E}_{z}[\log(1 - D(G(z)))]$. В начале обучения дискриминатор $D$ быстро учится отличать плохие подделки от реальных данных, поэтому $D(G(z)) \approx 0$. Производная функции $\log(1 - u)$ по $u = D(G(z))$ равна $-\frac{1}{1-u} \approx -1$, а градиент по параметрам генератора $\nabla_{\theta_G} \mathcal{L}_G = -\frac{1}{1-D(G(z))} \nabla_{\theta_G} D(G(z)) \approx 0$, так как сам дискриминатор в зоне уверенных нулей имеет насыщающуюся сигмоиду с $\sigma'(x) \to 0$. Градиент затухает ровно тогда, когда генератору сильнее всего нужен обучающий сигнал.</p> <p>В <strong>Non-Saturating Loss</strong> генератор вместо минимизации вероятности ошибки дискриминатора максимизирует вероятность того, что дискриминатор признает подделку реальной: $\mathcal{L}_G^{\text{NS}} = -\mathbb{E}_{z}[\log D(G(z))]$. Производная $-\log(u)$ по $u$ равна $-\frac{1}{u}$. При $u \to 0$ (генератор слаб) величина $\frac{1}{u} \to +\infty$, что дает мощный градиент и позволяет генератору быстро улучшать качество, а при $u \to 1$ градиент плавно затухает, предотвращая переобучение.</p>	Лекция_11	Билет_11_Генеративные_модели_GAN
Почему в WGAN ограничение весов (Weight Clipping) приводит к деградации сети и как штраф на градиент (Gradient Penalty, WGAN-GP) решает эту проблему?	<p>В оригинальном WGAN (Arjovsky et al., 2017) для соблюдения 1-липшицевости критика веса $w$ жестко обрезались в компактный интервал $w \in [-c, c]$ после каждого шага оптимизатора. Это порождало две критические проблемы:</p> <ol> <li><strong>Исчезновение или взрыв градиентов:</strong> При малом $c$ градиент затухал экспоненциально с глубиной сети; при большом $c$ сеть обучалась крайне медленно до достижения границ.</li> <li><strong>Упрощение емкости модели (Capacity Underuse):</strong> Из-за линейного характера ограничения веса критика быстро сбивались к крайним предельным значениям $+c$ и $-c$, превращая сложную нелинейную нейросеть в простую функцию с сильно ограниченной выразительностью.</li> </ol> <p>В <strong>WGAN-GP</strong> (Gulrajani et al., 2017) 1-липшицевость обеспечивается мягким дифференцируемым регуляризатором: в функцию потерь критика добавляется штраф за отклонение нормы градиента по входу от единицы на случайных линейных интерполяциях $\hat{x} = \epsilon x + (1-\epsilon)\tilde{x}$ (где $\epsilon \sim U(0,1)$):</p> $$\mathcal{L}_{\text{GP}} = \lambda \, \mathbb{E}_{\hat{x}} \left[ \left( \|\nabla_{\hat{x}} D(\hat{x})\|_2 - 1 \right)^2 \right]$$ <p>Это стабилизирует обучение без жестких ограничений на веса, сохраняет полную емкость критика и избавляет от необходимости использовать BatchNorm в дискриминаторе.</p>	Лекция_11	Билет_11_Генеративные_модели_GAN
Почему прямой процесс диффузии можно вычислить за один шаг без итераций?	<p>Потому что сумма независимых гауссовских случайных величин также является гауссовской случайной величиной. Рекуррентная подстановка формулы $x_t = \sqrt{\alpha_t} x_{t-1} + \sqrt{1-\alpha_t}\epsilon$ вплоть до $x_0$ дает сумму масштабированных Гауссианов, дисперсии которых сворачиваются в $\bar{\alpha}_t = \prod \alpha_s$. Итоговое распределение $q(x_t | x_0) = \mathcal{N}(\sqrt{\bar{\alpha}_t}x_0, (1 - \bar{\alpha}_t)I)$ вычисляется мгновенно.</p>	Лекция_12	Билет_12_(ч.1)_Диффузионные_модели
Что на самом деле предсказывает нейросеть в DDPM: картинку, среднее или шум?	<p>Теоретически сеть может предсказывать исходный $x_0$, среднее апостериорного распределения $\tilde{\mu}_t$ или шум $\epsilon$. Однако на практике предсказание шума $\epsilon_\theta(x_t, t)$ дает наилучшие результаты и стабильный градиент, так как шум имеет стандартное нормальное распределение $\mathcal{N}(0, I)$ на всех шагах, что стабилизирует обучение.</p>	Лекция_12	Билет_12_(ч.1)_Диффузионные_модели
В чем фундаментальная разница между VAE, GAN и Диффузией?	<p><strong>VAE:</strong> Одностадийная модель, оптимизирует явную нижнюю оценку правдоподобия (ELBO). Быстрый инференс, но размытые картинки из-за $L_2$-реконструкции.<br> <strong>GAN:</strong> Состязательное обучение с неявной плотностью. Четкие картинки, быстрый инференс, но нестабильное обучение и Mode Collapse.<br> <strong>Диффузия:</strong> Многостадийный итеративный процесс обращения времени. Стабильное обучение (простой MSE лосс), великолепное покрытие мод данных и качество, но медленный инференс (требует десятков шагов U-Net).</p>	Лекция_12	Билет_12_(ч.1)_Диффузионные_модели
Как работает Classifier-Free Guidance (CFG) и зачем нужен параметр $s > 1$?	<p>CFG интерполирует/экстраполирует вектор шума между безусловным предсказанием $\epsilon(x_t, \emptyset)$ и условным $\epsilon(x_t, y)$: $\tilde{\epsilon} = \epsilon_{\text{uncond}} + s(\epsilon_{\text{cond}} - \epsilon_{\text{uncond}})$. При $s > 1$ вектор сдвигается в сторону усиления семантики промпта $y$ относительно фонового распределения. Это повышает соответствие тексту (Text-Image Alignment) ценой небольшого снижения разнообразия.</p>	Лекция_12	Билет_12_(ч.1)_Диффузионные_модели
Зачем в Stable Diffusion перешли от пиксельной диффузии к латентной (Latent Diffusion)?	<p>Пиксельные диффузионные модели тратят 95% вычислений на моделирование незаметных человеческому глазу высокочастотных деталей пикселей (шум сенсора, микротекстуры). Latent Diffusion сжимает картинку с помощью предобученного VAE в 64 раза (по числу элементов), убирая перцептивную избыточность, и запускает диффузию в компактном латентном пространстве, что снижает вычислительную сложность в десятки раз.</p>	Лекция_12	Билет_12_(ч.1)_Диффузионные_модели
Как DDIM удается генерировать изображения за 20–50 шагов вместо 1000?	<p>DDIM строит немарковский обратный процесс с детерминированным шагом ($\sigma_t = 0$), который эквивалентен решению обыкновенного дифференциального уравнения (ODE). В отличие от стохастического марковского процесса DDPM, траекторию ODE можно интегрировать с крупным переменным шагом сетки по времени ($t \in \{1000, 950, 900, \dots\}$), пропуская промежуточные шаги.</p>	Лекция_12	Билет_12_(ч.1)_Диффузионные_модели
Почему в расписании шума $\beta_t$ выбирают малыми величинами ($\approx 10^{-4} \dots 0.02$)?	<p>Потому что теоретическое доказательство того, что обратный шаг $q(x_{t-1}|x_t)$ является Гауссианом, строго выполняется только в пределе бесконечно малого добавления шума на каждом шаге ($\beta_t \ll 1$). Если добавить слишком большой шум за один шаг, обратное распределение станет сложным мультимодальным и нейросеть с гауссовским выходом не сможет его аппроксимировать.</p>	Лекция_12	Билет_12_(ч.1)_Диффузионные_модели
Как временной шаг $t$ передается в свёрточные слои U-Net?	<p>Скалярный номер шага $t$ переводится в вектор высокой размерности (например, 512) с помощью синусоидального позиционного кодирования (Sinusoidal Positional Embeddings), пропускается через двухслойный MLP и затем поэлементно прибавляется (или масштабирует через AdaGN) к картам признаков после нормализации в каждом ResNet-блоке U-Net.</p>	Лекция_12	Билет_12_(ч.1)_Диффузионные_модели
Как математически устроено сэмплирование DDIM и почему оно является немарковским процессом?	<p>В DDPM (Ho et al., 2020) прямой процесс определен как марковская цепь $q(x_{1:T}|x_0) = \prod_{t=1}^T q(x_t|x_{t-1})$. В отличие от этого, DDIM (Song et al., 2020) конструирует семейство <strong>немарковских</strong> процессов $q_\sigma(x_{1:T}|x_0)$, у которых каждое $x_t$ зависит напрямую от $x_0$ и $x_{t-1}$, но сохраняются точно такие же одномерные маргинальные распределения:</p> $$q_\sigma(x_t|x_0) = \mathcal{N}(x_t; \sqrt{\bar{\alpha}_t}x_0, (1 - \bar{\alpha}_t)\mathbf{I})$$ <p>Обратный шаг сэмплирования в DDIM выражается через параметризованную дисперсию $\sigma_t$:</p> $$x_{t-1} = \sqrt{\bar{\alpha}_{t-1}} \left(\frac{x_t - \sqrt{1 - \bar{\alpha}_t} \epsilon_\theta(x_t, t)}{\sqrt{\bar{\alpha}_t}}\right) + \sqrt{1 - \bar{\alpha}_{t-1} - \sigma_t^2} \, \epsilon_\theta(x_t, t) + \sigma_t \epsilon_t$$ <p>Если выбрать $\sigma_t = 0$, стохастический шум $\epsilon_t$ полностью обнуляется! Процесс становится строго детерминированным (эквивалентным интегрированию Probability Flow ODE). Это позволяет использовать произвольное подмножество шагов $\{t_1, t_2, \dots, t_S\} \subset \{1, \dots, T\}$ ($S \approx 20\dots 50$ вместо $1000$) и получать однозначное обратимое отображение (Inversion): картинка $x_0$ детерминированно переводится в латентный шум и обратно.</p>	Лекция_12	Билет_12_(ч.1)_Диффузионные_модели
Что такое Predictor-Corrector (PC) сэмплеры в диффузионных моделях и какую роль в них играет динамика Ланжевена?	<p>В непрерывной формулировке диффузии через стохастические дифференциальные уравнения (Score-based SDE, Song et al., 2020) генерация разбивается на чередующиеся шаги двух типов на каждом шаге времени $t$:</p> <ol> <li><strong>Predictor (Предиктор):</strong> Численный интегратор обратного SDE (или Probability Flow ODE), делающий шаг по времени $t \to t - \Delta t$ и предсказывающий распределение на следующем шаге.</li> <li><strong>Corrector (Корректор):</strong> Стохастический шаг динамики Ланжевена (Langevin MCMC), который выполняется при <em>фиксированном</em> значении времени $t$. Корректор использует вычисленную моделью функцию градиента плотности (Score function) $s_\theta(x, t) \approx \nabla_x \log p_t(x)$ для сдвига точки к областям более высокой вероятности распределения $p_t(x)$: $$x \leftarrow x + \frac{\epsilon}{2} s_\theta(x, t) + \sqrt{\epsilon} z, \quad z \sim \mathcal{N}(0, \mathbf{I})$$ </li> </ol> <p>Корректор исправляет накопленные ошибки дискретизации численного интегратора предиктора и подтягивает сгенерированное промежуточное состояние ближе к истинному многообразию данных на шаге $t$, что существенно улучшает качество финальных текстур и снижает FID.</p>	Лекция_12	Билет_12_(ч.1)_Диффузионные_модели
Что такое IoU и почему это хорошая метрика?	<p>IoU = (Intersection) / (Union) — отношение пересечения двух регионов к их объединению. Значит от 0 (не пересекаются) до 1 (совпадают). Хороша, потому что: (1) интуитивна; (2) инвариантна к масштабу (большой и маленький боксы одинаково наказываются за неправильность); (3) даёт одно число для оценки точности локализации; (4) является порогом для TP/FP в детекции (IoU > 0.5 → TP).</p>	Лекция_13	Билет_12_(ч.2)_Задачи_Computer_Vision
Объясни NMS алгоритм и почему он нужен.	<p>NMS (Non-Maximum Suppression): сортировать боксы по confidence, брать лучший, удалять всех, у кого IoU с ним больше порога (0.5–0.6), повторять. Нужен, потому что детектор часто выдаёт много боксов около одного объекта — все с высокой confidence. NMS оставляет один лучший, остальные — помеха. Интуиция: ящики — это гипотезы, перекрывающиеся гипотезы про один объект конкурируют, берём лучшую.</p>	Лекция_13	Билет_12_(ч.2)_Задачи_Computer_Vision
Как вычисляется mAP? Что мера AP?	<p>AP (Average Precision) — площадь под precision-recall кривой. На оси X — Recall (доля найденных объектов), на оси Y — Precision (доля правильных предсказаний). Меняя порог confidence, получают разные (P, R). Интегрируя кривую, получают AP (одно число). mAP = среднее AP по всем классам (и иногда по порогам IoU). Стандарт COCO: mAP@[0.5:0.95] усредняет IoU пороги от 0.5 до 0.95.</p>	Лекция_13	Билет_12_(ч.2)_Задачи_Computer_Vision
Почему Faster R-CNN двухстадийная, а YOLO одностадийная? Плюсы и минусы.	<p><strong>Двухстадийная (Faster R-CNN):</strong> (1) Предложить регионы (RPN), (2) Классифицировать. Плюс: более точна (используются регионы). Минус: медленнее. <strong>Одностадийная (YOLO):</strong> Сразу предсказать классы и боксы. Плюс: быстрая (real-time). Минус: хуже с малыми объектами, близкими объектами. На практике: Faster R-CNN — точность, YOLO — скорость.</p>	Лекция_13	Билет_12_(ч.2)_Задачи_Computer_Vision
Что такое Focal Loss и когда её использовать?	<p>Focal Loss = $-\alpha(1-p_t)^\gamma \log(p_t)$. Лечит дисбаланс классов (фон vs объекты): умножает каждый пример на вес $(1-p_t)^\gamma$, где $p_t$ — вероятность истинного класса. Уверенные примеры (высокая $p_t$) получают низкий вес, неуверенные (низкая $p_t$) — высокий. Используется в одностадийных детекторах (RetinaNet) и семантической сегментации, где огромный класс фона давит на обучение.</p>	Лекция_13	Билет_12_(ч.2)_Задачи_Computer_Vision
DETR: как это детектирует без anchor'ов и NMS?	<p>DETR выглядит как трансформер для NLP, но адаптирован для детекции. Картинка → CNN extractor → feature map → flatten → Transformer encoder/decoder. На выходе N "queries" (обучаемых векторов, N = max объектов). Каждый query предсказывает (x, y, w, h, class). Loss используется венгерский алгоритм для сопоставления N предсказанных боксов с истинными (padding нулями до N). Нет NMS, потому что loss уже выбирает лучшие соответствия.</p>	Лекция_13	Билет_12_(ч.2)_Задачи_Computer_Vision
Сегментация: семантическая vs instance vs panoptic?	<p><strong>Семантическая:</strong> класс каждому пикселю. Два человека = "человек" пиксели, неразличимы. <strong>Instance:</strong> маска для каждого объекта. Два человека = две отдельные маски. <strong>Panoptic:</strong> объединение: "stuff" классы (семантические, например небо) + "thing" классы (instance'ы, например люди). По сложности: семантическая &lt; instance (используется Mask R-CNN) &lt; panoptic.</p>	Лекция_13	Билет_12_(ч.2)_Задачи_Computer_Vision
U-Net: почему skip-connections помогают?	<p>При downsampling в энкодере теряется информация о тонкой структуре (края, детали). Skip-connections вводят эту информацию обратно в декодер путём конкатенации. Пример: декодер на уровне 4×4 не знает, где ровно границы объектов (информация в 32×32 feature map энкодера). Конкатенируем → декодер восстанавливает границы точнее. Отсюда название U-shape: информация идёт вниз по левому краю, потом вверх по правому, но не проходит мимо центра.</p>	Лекция_13	Билет_12_(ч.2)_Задачи_Computer_Vision
Dice loss vs Cross-entropy в сегментации. Когда что использовать?	<p>Cross-entropy: $L = -\sum_i g_i \log p_i$, одинаково штрафует за ошибку независимо от её размера. Dice loss: $L = 1 - \frac{2TP}{2TP+FP+FN}$, относит ошибку к площади. При сильном дисбалансе (опухоль 1% картинки) CE дает малые градиенты на миноритарном классе. Dice solution: она инвариантна к дисбалансу. На практике комбинируют: $L = L_{\text{CE}} + L_{\text{Dice}}$.</p>	Лекция_13	Билет_12_(ч.2)_Задачи_Computer_Vision
Ключевые точки: прямая регрессия vs heatmap. Почему heatmap работает лучше?	<p><strong>Прямая регрессия:</strong> выход = вектор координат $(x_1, y_1, ..., x_k, y_k)$. Просто, но сложно: предсказать K точек одним вектором, градиенты размазаны. <strong>Heatmap:</strong> для каждой точки выход = карта вероятности (гауссиан вокруг истинной точки). Работает лучше, потому что: (1) каждая точка — отдельная локальная задача, (2) соседние пиксели дают информацию, (3) неопределённость кодируется в размер гауссиана. Практика: ~75% accuracy (регрессия) vs ~95% (heatmap) на COCO.</p>	Лекция_13	Билет_12_(ч.2)_Задачи_Computer_Vision
SORT vs DeepSORT: в чём разница?	<p>SORT: детектор → Kalman filter (предсказание) → венгерский алгоритм (сопоставление по IoU). Быстро, просто. Проблема: если объект исчезает/переклекивается, может получить новый ID. DeepSORT добавляет: appearance embeddings (хранить и сравнивать внешность объектов). Матрица стоимости сопоставления = $\alpha \cdot \text{IoU\_dist} + (1-\alpha) \cdot \text{cosine\_dist}$. Результат: сохраняет ID при окклюзии. Цена: медленнее (нужна re-ID сеть).</p>	Лекция_13	Билет_12_(ч.2)_Задачи_Computer_Vision
Что такое "anchor" в детекции и почему anchor-free лучше?	<p>Anchor: предопределённые шаблонные боксы (разных размеров и aspect ratio) на каждой позиции feature map. Детектор регрессирует смещения (deltas) к этим anchor'ам. Плюс: регрессировать deltas проще. Минус: нужно выбирать какие anchor'ы, много гиперпараметров, некоторые объекты плохо совпадают с anchor'ами. Anchor-free (FCOS, CenterNet): предсказать координаты прямо (расстояния до границ или центр+размер), без шаблонов. Плюс: проще, нет гиперпараметров. На практике обычно сопоставимо, иногда anchor-free чуть лучше.</p>	Лекция_13	Билет_12_(ч.2)_Задачи_Computer_Vision
В чем математическая причина, по которой LSTM не страдает от затухания градиента?	<p>В LSTM обновление состояния ячейки $C_t = f_t \odot C_{t-1} + i_t \odot \tilde{C}_t$ является <strong>аддитивным (линейным)</strong>. Производная $\frac{\partial C_t}{\partial C_{t-1}} = f_t$. Если Forget Gate открыт ($f_t \approx 1$), то градиент при обратном проходе $\frac{\partial L}{\partial C_0} = \frac{\partial L}{\partial C_T} \prod_{t=1}^T f_t \approx \frac{\partial L}{\partial C_T} \cdot 1^T$ распространяется назад на сотни шагов <strong>без экспоненциального затухания</strong> (Constant Error Carousel).</p>	Лекция_14	Билет_13_Рекуррентные_сети_LSTM_biLSTM
Сколько обучаемых матриц весов (или параметров) находится внутри одного слоя LSTM по сравнению с простой RNN?	<p>В простой RNN один слой содержит 1 пару матриц $(W_{xh}, W_{hh})$ и 1 вектор смещения $b_h$. В LSTM находятся <strong>4 независимых гейта/компонента</strong> ($f_t, i_t, \tilde{C}_t, o_t$), каждый из которых имеет свои $W_{xh}, W_{hh}$ и $b$. Следовательно, слой LSTM содержит ровно <strong>в 4 раза больше параметров</strong>: $4 \times (d_{\text{in}} \cdot d_{\text{hidden}} + d_{\text{hidden}}^2 + d_{\text{hidden}})$.</p>	Лекция_14	Билет_13_Рекуррентные_сети_LSTM_biLSTM
Зачем в гейтах LSTM используется сигмоида $\sigma$, а при создании кандидата $\tilde{C}_t$ — $\tanh$?	<p><strong>Сигмоида ($\sigma \in [0, 1]$):</strong> Выполняет роль мягкого вентиля (пропускной заслонки): $0$ — полностью заблокировать поток информации, $1$ — пропустить целиком.<br> <strong>Тангенс ($\tanh \in [-1, 1]$):</strong> Создает новые значения для добавления в память. Центрирован относительно нуля и позволяет как увеличивать, так и уменьшать значения в $C_t$, предотвращая бесконечное накопление и переполнение числовых значений памяти.</p>	Лекция_14	Билет_13_Рекуррентные_сети_LSTM_biLSTM
Что такое Teacher Forcing и к какой проблеме на инференсе (Exposure Bias) он приводит?	<p>Teacher Forcing — подача истинного токена $y_{t-1}^{\text{true}}$ вместо сгенерированного $\hat{y}_{t-1}$ на вход декодера во время обучения. Проблема <strong>Exposure Bias</strong> заключается в том, что во время реального инференса у модели нет подсказок учителя. Если модель ошибется на 1-м шаге, она попадает в не встречавшееся на обучении состояние и начинает накапливать ошибки лавинообразно. Лечение: Scheduled Sampling (постепенное снижение доли Teacher Forcing).</p>	Лекция_14	Билет_13_Рекуррентные_сети_LSTM_biLSTM
В чем главное отличие GRU от LSTM?	<p>1. В GRU всего 2 гейта (Update $z_t$ и Reset $r_t$) вместо 3 гейтов в LSTM.<br> 2. В GRU нет отдельного Cell State $C_t$ — скрытое состояние $h_t$ совмещает обе роли.<br> 3. В GRU на 25% меньше параметров, поэтому она обучается быстрее и меньше переобучается на маленьких датасетах.</p>	Лекция_14	Билет_13_Рекуррентные_сети_LSTM_biLSTM
Можно ли распараллелить вычисления в RNN по временным шагам во время обучения?	<p><strong>Нет, нельзя.</strong> По определению рекуррентности вычисление $h_t$ строго последовательно требует готовности $h_{t-1}$. Временная сложность последовательного прохода на GPU равна $O(T)$ операций. Это фундаментальное бутылочное горлышко RNN, которое привело к изобретению Трансформеров.</p>	Лекция_14	Билет_13_Рекуррентные_сети_LSTM_biLSTM
Зачем нужна инициализация смещения Forget Gate $b_f$ единицей ($b_f = 1.0$)?	<p>Если $b_f$ инициализировать нулем, то $\sigma(0) = 0.5$, и в начале обучения память на каждом шаге будет умножаться на $0.5$, затухая за 10 шагов в $0.5^{10} \approx 0.001$. Установка $b_f = 1.0$ делает $\sigma(1) \approx 0.73$ (или выше), заставляя сеть по умолчанию <strong>помнить всё</strong> в начале обучения и забывать только то, что необходимо.</p>	Лекция_14	Билет_13_Рекуррентные_сети_LSTM_biLSTM
Почему в biLSTM размер скрытого состояния на выходе удваивается?	<p>Потому что выход biLSTM формируется конкатенацией векторов прямого прохода $\overrightarrow{h}_t \in \mathbb{R}^{d}$ и обратного прохода $\overleftarrow{h}_t \in \mathbb{R}^{d}$, образуя вектор $h_t \in \mathbb{R}^{2d}$.</p>	Лекция_14	Билет_13_Рекуррентные_сети_LSTM_biLSTM
Как устроен механизм PackedSequence в PyTorch и почему его использование критично для эффективного обучения RNN на батчах переменной длины?	<p>Если подавать батч последовательностей разной длины как тензор $(B, T_{\max}, D)$ с заполнением нулями (padding), возникают две проблемы:</p> <ol> <li>Выполняются лишние $O(B \cdot T_{\max})$ матричные умножения для pad-токенов, тратящие память и ресурсы GPU;</li> <li>На шагах с pad-токенами скрытое состояние $h_t$ искажается (происходит смещение из-за прибавления весов сдвига $b_h$), что портит итоговый вектор $h_L$.</li> </ol> <p>Функция <code>torch.nn.utils.rnn.pack_padded_sequence</code> сортирует последовательности по убыванию длины и преобразует тензор в структуру <code>PackedSequence</code>: непрерывный 1D-массив данных <code>data</code> и массив <code>batch_sizes</code> (количество активных элементов на каждом временном шаге $t$). Слой LSTM вычисляет матричные умножения за один вызов ядра только для реально существующих элементов, динамически уменьшая размер батча от шага к шагу. После завершения рекуррентного прохода <code>pad_packed_sequence</code> восстанавливает исходную форму с сохранением корректных скрытых состояний без загрязнения padding-мусором.</p>	Лекция_14	Билет_13_Рекуррентные_сети_LSTM_biLSTM
Как математически работает Gradient Clipping по норме (torch.nn.utils.clip_grad_norm_) и почему он эффективен против «скал» (cliffs) на поверхности функции потерь RNN?	<p>При обратном распространении ошибки через время (BPTT) произведение матриц весов $(W_{hh})^T$ на длинных последовательностях может вызвать экспоненциальный взрыв градиента ($\|g\| \to \infty$). Поверхность функции потерь RNN часто содержит «скалы» (cliffs) — чрезвычайно крутые узкие области с гигантским градиентом. Обычный шаг градиентного спуска $w \leftarrow w - \eta g$ на такой скале выбросит параметры далеко в зону расходимости.</p> <p>Функция <code>clip_grad_norm_(parameters, max_norm)</code> вычисляет глобальную евклидову норму всех градиентов модели $\|g\|_2 = \sqrt{\sum_i \|g_i\|_2^2}$. Если $\|g\|_2 > \theta$ (где $\theta = \text{max\_norm}$), градиенты перенормируются:</p> $$g \leftarrow g \cdot \frac{\theta}{\|g\|_2}$$ <p>Это строго ограничивает максимальную длину шага величиной $\eta \cdot \theta$, при этом <strong>сохраняя точное направление антиградиента</strong>. Модель плавно спускается с крутого склона без катастрофических скачков параметров в пространстве весов.</p>	Лекция_14	Билет_13_Рекуррентные_сети_LSTM_biLSTM
В чем фундаментальное отличие Bahdanau Attention от Luong Attention?	<p>1. <strong>Математическая форма:</strong> Bahdanau использует аддитивный скоринг через однослойный перцептрон $v^T \tanh(W s + U h)$, а Luong — мультипликативный скоринг через скалярное произведение $s^T W h$.<br> 2. <strong>Порядок вычислений:</strong> Bahdanau считает внимание на основе состояния декодера с предыдущего шага $s_{t-1}$ (до вычисления шага RNN), а Luong берет уже вычисленное текущее состояние $s_t$.</p>	Лекция_15	Билет_14_Механизм_внимания_в_seq2seq
По какой размерности вычисляется Softmax при расчете весов внимания в Seq2Seq?	<p>Softmax <strong>всегда вычисляется по длине входной последовательности энкодера $S$</strong> (Source Length). На каждом шаге декодера сумма весов по всем $S$ словам входа должна быть строго равна $1$: $\sum_{i=1}^S \alpha_{t, i} = 1$.</p>	Лекция_15	Билет_14_Механизм_внимания_в_seq2seq
Почему механизм внимания называют дифференцируемым поиском по словарю (Differentiable Key-Value Lookup)?	<p>В обычном словаре мы ищем точное совпадение ключа $K$ по запросу $Q$ и возвращаем дискретное значение $V$. В механизме внимания запрос $Q$ сравнивается со всеми ключами $K_i$ непрерывно (через скалярное произведение / softmax), возвращая взвешенную сумму значений $\sum \alpha_i V_i$. Так как все операции непрерывны, через такой «поиск» свободно протекают градиенты.</p>	Лекция_15	Билет_14_Механизм_внимания_в_seq2seq
Какова размерность вектора контекста $c_t$ и зависит ли она от длины входного предложения $S$?	<p>Размерность вектора $c_t$ равна размерности скрытого состояния энкодера $d_{\text{hidden}}$ (или $2 d_{\text{hidden}}$ при biLSTM). <strong>Она абсолютно не зависит от входной длины $S$</strong>, так как операция взвешенного суммирования схлопывает измерение $S$.</p>	Лекция_15	Билет_14_Механизм_внимания_в_seq2seq
Что показывает матрица выравнивания (Alignment Matrix) при переводе на язык с другим порядком слов?	<p>Для языков с прямым порядком слов матрица имеет яркую главную диагональ. При инверсиях (например, в немецком глагол в конце придаточного предложения или во французском прилагательное после существительного) диагональ локально смещается или идет перпендикулярно, точно указывая на синтаксические перестановки.</p>	Лекция_15	Билет_14_Механизм_внимания_в_seq2seq
В чем преимущество Local Attention перед Global Attention?	<p>Global Attention вычисляет веса по всей длине входа $S$, что требует $O(S)$ вычислений на каждый выходной токен. Local Attention выбирает окно фиксированной ширины $2D$ вокруг предсказанной позиции $p_t$, снижая вычислительную сложность и затраты памяти до $O(D)$, что критично для обработки длинных текстов.</p>	Лекция_15	Билет_14_Механизм_внимания_в_seq2seq
Какова длина пути градиента (Maximum Path Length) в Seq2Seq с вниманием по сравнению с обычной RNN?	<p>В обычной RNN длина пути между первым входным токеном $x_1$ и последним сгенерированным токеном $y_T$ равна $O(S + T)$ шагов через цепочку нелинейностей. В Seq2Seq с вниманием вектор контекста $c_t$ соединяет состояние $h_1$ с декодером напрямую за <strong>$O(1)$</strong> шаг.</p>	Лекция_15	Билет_14_Механизм_внимания_в_seq2seq
Зачем вектору контекста $c_t$ конкатенироваться с выходом декодера перед финальным линейным слоем?	<p>Это дает финальному классификатору слов одновременный доступ как к информации о текущей структуре целевого языка (из состояния декодера $s_t$), так и к семантике исходного предложения (из вектора контекста $c_t$).</p>	Лекция_15	Билет_14_Механизм_внимания_в_seq2seq
Сравните три основные функции скоринга внимания: аддитивное (Bahdanau), мультипликативное (Luong) и Scaled Dot-Product. В чем их вычислительные компромиссы?	<p>Три функции оценки сходства запроса $q \in \mathbb{R}^{d_q}$ и ключа $k \in \mathbb{R}^{d_k}$:</p> <ol> <li><strong>Аддитивное (Bahdanau):</strong> $\text{score}(q, k) = v_a^\top \tanh(W_a q + U_a k)$. Вычислительно наиболее дорогое: требует двух матричных умножений, сложения векторов и вычисления нелинейности $\tanh$, что создает накладные расходы по памяти и не оптимизируется в единое GEMM-ядро на GPU.</li> <li><strong>Мультипликативное (Luong General):</strong> $\text{score}(q, k) = q^\top W_a k$. Выполняется как произведение матриц $Q W_a K^\top$. Эффективно утилизирует тензорные ядра GPU, но при совпадении размерностей требует $d_q \times d_k$ обучаемых параметров.</li> <li><strong>Scaled Dot-Product (Vaswani et al.):</strong> $\text{score}(q, k) = \frac{q^\top k}{\sqrt{d_k}}$ (при $d_q = d_k$). Не требует дополнительных параметров внутри скоринга, сводится к быстрому матричному умножению $Q K^\top$, а коэффициент $\frac{1}{\sqrt{d_k}}$ предотвращает насыщение Softmax.</li> </ol> <p>При наличии масштабирующего множителя Scaled Dot-Product дает сопоставимое с аддитивным качеством выравнивание при значительно более высокой скорости и меньших затратах памяти.</p>	Лекция_15	Билет_14_Механизм_внимания_в_seq2seq
Как по тепловой карте матрицы выравнивания (Alignment Matrix) диагностировать типичные ошибки машинного перевода (галлюцинации, пропуски, зацикливания)?	<p>Матрица весов внимания $\alpha \in \mathbb{R}^{T \times S}$ (где строки $T$ — токены перевода, столбцы $S$ — токены оригинала) служит ключевым инструментом интерпретации Seq2Seq моделей:</p> <ul> <li><strong>Качественный перевод:</strong> Четкая непрерывная диагональная траектория с локальными перестановками в местах грамматических инверсий (высокая уверенность, низкая энтропия распределения на каждом шаге).</li> <li><strong>Пропуск слов (Under-translation):</strong> Вертикальный столбец $j$, в котором все веса $\alpha_{t, j} \approx 0$ для всех $t \in [1, T]$. Декодер полностью проигнорировал $j$-е слово входа.</li> <li><strong>Зацикливание и повторы (Repetition loop):</strong> Декодер генерирует одинаковые токены, а строки матрицы внимания многократно фокусируются на одном и том же узком диапазоне столбцов исходного предложения.</li> <li><strong>Галлюцинации (Hallucinations):</strong> Размытое, почти равномерное распределение внимания ($\alpha_{t, i} \approx \frac{1}{S}$ по всем $i$), либо фокус исключительно на токенах пунктуации. Декодер теряет связь с исходным контекстом и генерирует текст исключительно за счет своей внутренней языковой модели.</li> </ul>	Лекция_15	Билет_14_Механизм_внимания_в_seq2seq
В чем принципиальная разница между Self-Attention и Cross-Attention в Трансформере?	<p>В <strong>Self-Attention</strong> все три вектора — Запросы ($Q$), Ключи ($K$) и Значения ($V$) — формируются из <em>одного и того же источника</em> (из выходов предыдущего слоя того же блока). В <strong>Cross-Attention</strong> (в декодере) Запросы ($Q$) берутся от <em>декодера</em>, а Ключи ($K$) и Значения ($V$) приходят от <em>выхода энкодера</em>. Декодер своими запросами опрашивает память энкодера.</p>	Лекция_16	Билет_15_Архитектура_Transformer
Зачем в декодере нужна маска в Masked Self-Attention и как она устроена?	<p>Декодер генерирует токены последовательно (авторегрессионно). Во время параллельного обучения мы подаем всю целевую фразу целиком. Без маски токен $y_t$ мог бы «подсмотреть» следующий токен $y_{t+1}$ через скалярное произведение, сделав задачу тривиальной. Маска представляет собой верхнетреугольную матрицу, заполненную $-\infty$ выше главной диагонали, что зануляет веса внимания к будущим токенам после Softmax.</p>	Лекция_16	Билет_15_Архитектура_Transformer
Чем Layer Normalization отличается от Batch Normalization и почему в NLP используют только LayerNorm?	<p>BatchNorm нормализует каждый признак по всем объектам батча, что сильно зависит от размера батча и ломается при текстах разной длины и малых $B$. LayerNorm считает среднее $\mu$ и дисперсию $\sigma^2$ по <strong>вектору скрытых признаков одного конкретного токена</strong>, независимо от других токенов фразы и размера батча. Это идеально подходит для NLP.</p>	Лекция_16	Билет_15_Архитектура_Transformer
Почему синусоидальное позиционное кодирование складывают с эмбеддингами, а не конкатенируют?	<p>Конкатенация увеличила бы размерность входа ($d_{\text{model}} + d_{\text{pos}}$), требуя дополнительных параметров во всех последующих матрицах $W^Q, W^K, W^V$. Сложение не увеличивает размерность, а в многомерном пространстве ($d=512$) векторы семантики и синусоидальные гармоники почти ортогональны и линейные слои легко их разделяют.</p>	Лекция_16	Билет_15_Архитектура_Transformer
Какую роль играет Feed-Forward Network (FFN) после слоя внимания?	<p>Слой внимания выполняет лишь линейную комбинацию существующих представлений разных токенов ($\sum \alpha_i V_i$). FFN с нелинейностью (ReLU/GELU) проецирует вектор в пространство высокой размерности ($4 \times d_{\text{model}}$) и обратно, выполняя нелинейную трансформацию признаков и выступая в роли «ассоциативной памяти» фактов модели.</p>	Лекция_16	Билет_15_Архитектура_Transformer
В чем преимущество Pre-LN перед Post-LN?	<p>В схеме Pre-LN нормализация применяется к входам подблоков <em>до</em> операций внимания и FFN ($x + \text{SubLayer}(\text{LN}(x))$). Это оставляет чистый остаточный тракт (Residual Stream), где градиент свободно течет от верхних слоев к нижним без масштабирования дисперсии, что позволяет обучать сверхглубокие сети без warmup.</p>	Лекция_16	Билет_15_Архитектура_Transformer
Сколько раз вызывается декодер при генерации фразы из 20 слов на инференсе?	<p>При авторегрессионной генерации декодер вызывается <strong>20 раз последовательно</strong> (по одному разу для каждого нового токена). При этом энкодер вызывается <strong>ровно один раз</strong> в самом начале, так как входная фраза не меняется.</p>	Лекция_16	Билет_15_Архитектура_Transformer
Почему в оригинальном Transformer используется $d_{\text{ff}} = 4 \times d_{\text{model}}$?	<p>Расширение скрытого слоя FFN в 4 раза (с 512 до 2048) дает сети достаточную емкость для моделирования сложных нелинейных зависимостей и хранения знаний о предметной области без чрезмерного утяжеления матриц внимания.</p>	Лекция_16	Билет_15_Архитектура_Transformer
Каким математическим свойством обладает синусоидальное позиционное кодирование при относительном сдвиге позиций (Linear Property)?	<p>Для любой пары компонент синусоидального позиционного кодирования на частоте $\omega_i = \frac{1}{10000^{2i/d}}$ вектор на позиции $pos + k$ выражается через вектор на позиции $pos$ с помощью <strong>линейного преобразования (матрицы вращения)</strong>:</p> $$\begin{pmatrix} \sin(\omega_i (pos + k)) \\ \cos(\omega_i (pos + k)) \end{pmatrix} = \begin{pmatrix} \cos(\omega_i k) & \sin(\omega_i k) \\ -\sin(\omega_i k) & \cos(\omega_i k) \end{pmatrix} \begin{pmatrix} \sin(\omega_i pos) \\ \cos(\omega_i pos) \end{pmatrix}$$ <p>Это означает, что существует фиксированная блочно-диагональная матрица перехода $M_k \in \mathbb{R}^{d \times d}$, зависящая только от величины относительного сдвига $k$, такая что $PE_{pos + k} = M_k PE_{pos}$. Благодаря этому линейные проекции $W_Q, W_K$ в механизме внимания могут легко обучаться выявлять относительные расстояния между словами независимо от их абсолютного положения в предложении.</p>	Лекция_16	Билет_15_Архитектура_Transformer
В чем разница между абсолютными (Learned, Sinusoidal) и относительными (RoPE, ALiBi) позиционными кодированиями и почему современные LLM перешли на RoPE?	<p>Сравнение подходов к позиционному кодированию:</p> <ol> <li><strong>Абсолютные (Sinusoidal, Learned Embeddings в BERT/GPT-2):</strong> Вектор позиции $PE_{pos}$ прибавляется к эмбеддингу токена $x_{pos} + PE_{pos}$ на входе в сеть. Главный недостаток: при длине контекста $L > L_{\text{train}}$ модель встречает незнакомые абсолютные индексы, и качество генерации резко деградирует (нет экстраполяции длины).</li> <li><strong>ALiBi (Attention with Linear Biases, Press et al., 2021):</strong> Отказывается от добавления позиций к эмбеддингам и вместо этого вычитает линейный штраф $m \cdot |i - j|$ прямо из логитов внимания $q_i^\top k_j$. Обеспечивает устойчивую экстраполяцию длины.</li> <li><p><strong>RoPE (Rotary Position Embedding, Su et al., 2021):</strong> Применяет ортогональное вращение к 2D-подпространствам векторов запросов $Q$ и ключей $K$: $\tilde{q}_m = R_{\Theta, m} q_m$, $\tilde{k}_n = R_{\Theta, n} k_n$. Скалярное произведение зависит исключительно от относительного сдвига $(m - n)$:</p> $$\langle \tilde{q}_m, \tilde{k}_n \rangle = q_m^\top R_{\Theta, m}^\top R_{\Theta, n} k_n = q_m^\top R_{\Theta, n - m} k_n$$ <p>RoPE используется в LLaMA 1/2/3, Mistral, Qwen и Gemma, поскольку оно естественно затухает с ростом относительного расстояния, совместимо с FlashAttention и эффективно масштабируется на сверхдлинные контексты (128K+ токенов) через методы интерполяции частот (RoPE scaling, YaRN).</p></li> </ol>	Лекция_16	Билет_15_Архитектура_Transformer
Что произойдет, если убрать деление на $\sqrt{d_k}$ в формуле Attention?	<p>При больших размерностях ключа $d_k$ (например, 64 или 128) дисперсия скалярных произведений $q \cdot k$ вырастет до $d_k$, а значения логитов достигнут десятков единиц. Softmax перейдет в насыщение (one-hot распределение с вероятностью 1 на максимальном элементе и 0 на остальных). В этой области производная Softmax практически равна нулю, градиенты исчезнут, и обучение модели полностью сорвется.</p>	Лекция_17	Билет_16_Внимание_и_самовнимание_(Q_K_V_маски)
Почему сложность Attention квадратична $O(T^2)$ по длине последовательности?	<p>Потому что мы обязаны вычислить степень схожести <em>каждого из $T$ токенов со всеми остальными $T$ токенами</em>, что порождает матрицу парных произведений $Q K^T$ размером $T \times T$. Умножение матрицы $(T \times d)$ на $(d \times T)$ требует $O(T^2 d)$ операций и $O(T^2)$ памяти.</p>	Лекция_17	Билет_16_Внимание_и_самовнимание_(Q_K_V_маски)
Чем отличаются матрицы $W^Q$ и $W^K$, если они имеют одинаковую размерность?	<p>Они инициализируются независимо и обучаются проецировать вектор токена в разные функциональные пространства: $W^Q$ формирует вектор «того, что токен ищет», а $W^K$ — «того, чем токен является для других». Если бы $W^Q = W^K$, матрица $Q K^T = Q Q^T$ была бы симметричной, что исключило бы асимметричные направленные отношения (например, глагол управляет существительным, но не наоборот).</p>	Лекция_17	Билет_16_Внимание_и_самовнимание_(Q_K_V_маски)
Как устроена причинная маска (Causal Mask) на уровне тензоров в PyTorch?	<p>Создается верхнетреугольная матрица с нулями на главной диагонали и выше (`torch.triu(..., diagonal=1)`). Все единичные элементы этой маски заменяются значением `-1e9` или `-inf` в матрице scores перед подачей в `torch.softmax`.</p>	Лекция_17	Билет_16_Внимание_и_самовнимание_(Q_K_V_маски)
Какова размерность выхода Multi-Head Attention после конкатенации голов?	<p>Если в модели $h$ голов с размерностью $d_v = d_{\text{model}} / h$, то конкатенация всех голов дает тензор размера $(B, T, h \cdot d_v) = (B, T, d_{\text{model}})$. Затем он умножается на финальную матрицу $W^O \in \mathbb{R}^{d_{\text{model}} \times d_{\text{model}}}$, сохраняя итоговую форму $(B, T, d_{\text{model}})$.</p>	Лекция_17	Билет_16_Внимание_и_самовнимание_(Q_K_V_маски)
Что делает FlashAttention и меняет ли он математический результат Attention?	<p>FlashAttention дает <strong>математически абсолютно точный результат</strong> классического внимания. Он оптимизирует выполнение на уровне «железа»: разбивает матрицы на блоки, помещающиеся в быструю память SRAM GPU, и вычисляет Softmax через онлайн-перемасштабирование (Online Softmax), не записывая матрицу $T \times T$ в медленную память HBM.</p>	Лекция_17	Билет_16_Внимание_и_самовнимание_(Q_K_V_маски)
Почему сумма элементов по каждой строке матрицы весов внимания всегда равна 1?	<p>Потому что Softmax применяется построчно по последней размерности (dim=-1). Это гарантирует, что вектор выхода для каждого токена является корректной выпуклой комбинацией (взвешенным средним) векторов значений $V$.</p>	Лекция_17	Билет_16_Внимание_и_самовнимание_(Q_K_V_маски)
Математически докажите, почему дисперсия скалярного произведения $\text{Var}(q \cdot k) = d_k$, если компоненты $q_i, k_i$ независимы с $\mathbb{E}=0$ и $\text{Var}=1$.	<p>Пусть $q, k \in \mathbb{R}^{d_k}$ — независимые случайные векторы, компоненты которых $q_i, k_i$ имеют нулевое математическое ожидание $\mathbb{E}[q_i] = \mathbb{E}[k_i] = 0$ и единичную дисперсию $\text{Var}(q_i) = \text{Var}(k_i) = 1$.</p> <p>Скалярное произведение равно сумме: $z = q \cdot k = \sum_{i=1}^{d_k} q_i k_i$.</p> <ol> <li><strong>Математическое ожидание каждого слагаемого:</strong> В силу независимости $q_i$ и $k_i$, $\mathbb{E}[q_i k_i] = \mathbb{E}[q_i] \mathbb{E}[k_i] = 0 \cdot 0 = 0$. Значит, $\mathbb{E}[z] = 0$.</li> <li><strong>Дисперсия одного слагаемого:</strong> $\text{Var}(q_i k_i) = \mathbb{E}[(q_i k_i)^2] - (\mathbb{E}[q_i k_i])^2 = \mathbb{E}[q_i^2] \mathbb{E}[k_i^2] - 0 = 1 \cdot 1 = 1$.</li> <li><strong>Дисперсия суммы независимых слагаемых:</strong> Так как все компоненты взаимно независимы: $$\text{Var}(q \cdot k) = \text{Var}\left(\sum_{i=1}^{d_k} q_i k_i\right) = \sum_{i=1}^{d_k} \text{Var}(q_i k_i) = \sum_{i=1}^{d_k} 1 = d_k$$ </li> </ol> <p>Следовательно, стандартное отклонение скалярного произведения равно $\sigma = \sqrt{d_k}$. Деление на $\sqrt{d_k}$ нормализует дисперсию: $\text{Var}\left(\frac{q \cdot k}{\sqrt{d_k}}\right) = \frac{\text{Var}(q \cdot k)}{(\sqrt{d_k})^2} = \frac{d_k}{d_k} = 1$, что удерживает аргументы Softmax в зоне максимального градиента.</p>	Лекция_17	Билет_16_Внимание_и_самовнимание_(Q_K_V_маски)
Почему в причинной маске (Causal Mask) для запрещенных позиций используют $-\infty$ (или $-10^4 / -10^9$) и как избежать появления NaN при вычислениях в float16?	<p>В формуле внимания Softmax вычисляется как $\text{Softmax}(z)_i = \frac{e^{z_i}}{\sum_j e^{z_j}}$. Чтобы занулить вероятность внимания к будущему токену $j$, его логит $z_j$ должен стремиться к $-\infty$, поскольку $\lim_{z \to -\infty} e^z = 0$.</p> <p>При переходе к половинной точности (<code>float16</code> / <code>bfloat16</code>) возникают численные риски:</p> <ul> <li>В формате <code>torch.float16</code> минимальное представимое конечное число равно $\approx -65504$. Если записать константу <code>-1e9</code>, в <code>float16</code> она переполнится до <code>-inf</code>. Если целая строка матрицы оказывается замаскированной (например, в padding-предложении), сумма в Softmax будет равна $\sum e^{-\infty} = 0$, и деление $\frac{0}{0}$ породит <strong>NaN</strong>, разрушающий веса модели.</li> <li>Правильная реализация в PyTorch использует минимальное число для текущего типа данных через <code>torch.finfo(dtype).min</code>, либо заполняет маскированные логиты значением <code>-1e4</code>, гарантируя $e^{-10000} = 0$ в float16 без риска переполнения.</li> </ul>	Лекция_17	Билет_16_Внимание_и_самовнимание_(Q_K_V_маски)
В чем разница между Multi-Head (MHA), Multi-Query (MQA) и Grouped-Query Attention (GQA) и почему современные LLM перешли на GQA?	<p>При авторегрессионной генерации токенов (LLM inference) скорость упирается не в вычислительную мощность GPU (FLOPs), а в пропускную способность видеопамяти при загрузке KV-кэша (Memory Bandwidth bound):</p> <ol> <li><strong>Multi-Head Attention (MHA):</strong> Каждая из $H$ голов внимания имеет собственные уникальные проекции $Q, K, V$ ($H_K = H$). Для контекста длины $L$ кэш хранит $2 \times H \times L \times d_k$ значений, что при 32 головах требует гигантского объема памяти.</li> <li><strong>Multi-Query Attention (MQA, Shazeer 2019):</strong> Все $H$ голов запросов $Q$ разделяют <strong>одну-единственную общую пару голов $K$ и $V$</strong> ($H_K = 1$). Объем KV-кэша и трафик памяти сокращаются в $H$ раз, но модель теряет в емкости и качестве на сложных рассуждениях.</li> <li><strong>Grouped-Query Attention (GQA, Ainslie et al., 2023):</strong> Компромиссная схема, где $H$ голов запросов делятся на $G$ групп (например, $G=8$ при $H=32$). Внутри каждой группы из 4 голов $Q$ используется одна общая пара голов $K$ и $V$.</li> </ol> <p>GQA (используется в LLaMA-2/3, Mistral, Gemma) сокращает размер KV-кэша в 4–8 раз и многократно ускоряет генерацию токенов при практически нулевой потере качества по сравнению с полным MHA.</p>	Лекция_17	Билет_16_Внимание_и_самовнимание_(Q_K_V_маски)
Почему обучение LSTM медленнее обучения Трансформера в десятки раз?	<p>В LSTM для вычисления скрытого состояния на шаге $t$ необходимо обязательно дождаться готовности состояния $h_{t-1}$ с предыдущего шага. Граф вычислений строго последователен во времени ($O(T)$ тактов), что не позволяет загрузить параллельные ядра GPU. В Трансформере вычисление $Q K^T$ выполняется одним гигантским матричным умножением для всех позиций одновременно за $O(1)$ тактов.</p>	Лекция_18	Билет_17_LSTM_vs_Трансформер
В чем преимущество LSTM перед Трансформером на этапе генерации (Inference)?	<p>При инференсе LSTM хранит только компактный вектор текущего состояния $h_t, C_t$, требуя строго константный объем памяти $O(1)$ и фиксированное число операций на токен. Трансформер вынужден поддерживать KV-кэш, объем которого растет линейно $O(T)$, а вычислительная сложность каждого следующего шага растет с увеличением длины диалога.</p>	Лекция_18	Билет_17_LSTM_vs_Трансформер
Что такое «индуктивное смещение» (Inductive Bias) и у кого оно сильнее: у CNN, LSTM или Transformer?	<p>Индуктивное смещение — это встроенные в архитектуру априорные предположения о структуре данных. Сильнее всего оно у <strong>CNN</strong> (пространственная инвариантность к сдвигам и локальность) и <strong>LSTM</strong> (строгая временная причинность и порядок). У <strong>Transformer</strong> индуктивное смещение самое слабое (он видит данные как множество без порядка), поэтому Трансформеру требуется гораздо больше данных для обучения.</p>	Лекция_18	Билет_17_LSTM_vs_Трансформер
Какова сложность слоя по времени и памяти для LSTM и Transformer?	<p><strong>LSTM:</strong> Время $O(T \cdot d^2)$, Память активаций $O(T \cdot d)$.<br> <strong>Transformer:</strong> Время $O(T^2 \cdot d + T \cdot d^2)$, Память матрицы внимания $O(T^2)$ (без FlashAttention) или $O(T \cdot d)$ (с FlashAttention).</p>	Лекция_18	Билет_17_LSTM_vs_Трансформер
Почему в Трансформере длина пути градиента равна $O(1)$, а в LSTM — $O(T)$?	<p>В механизме внимания скалярное произведение $q_i \cdot k_j$ связывает любые две позиции $i$ и $j$ напрямую через одну операцию, градиент течет без промежуточных шагов ($O(1)$). В LSTM сигнал обязан последовательно пройти через все промежуточные ячейки от $j$ до $i$, преодолевая $i - j$ матричных преобразований ($O(T)$).</p>	Лекция_18	Билет_17_LSTM_vs_Трансформер
Что такое KV-кэш и почему он становится проблемой для современных LLM?	<p>KV-кэш — это сохраненные в видеопамяти тензоры ключей ($K$) и значений ($V$) для всех ранее сгенерированных токенов, чтобы не пересчитывать их на каждом шаге генерации. При длинных контекстах (например, 128k токенов) и больших батчах KV-кэш может занимать десятки гигабайт VRAM, вытесняя саму модель и ограничивая параллелизм генерации.</p>	Лекция_18	Билет_17_LSTM_vs_Трансформер
Как архитектура Mamba решает проблему квадратичной сложности Трансформера?	<p>Mamba использует селективные пространства состояний (Selective SSM), где матрицы переходов зависят от входных данных. При обучении она вычисляется параллельно как свёртка / ассоциативное сканирование, а при генерации — как рекуррентная сеть с $O(1)$ памятью и $O(T)$ линейным временем.</p>	Лекция_18	Билет_17_LSTM_vs_Трансформер
Как детально рассчитывается объем видеопамяти под KV-кэш для батча при авторегрессионной генерации в LLM?	<p>Для батча размера $B$ и длины контекста $L$ токенов в модели с $n_{\text{layers}}$ слоями, $n_{\text{kv\_heads}}$ головами ключей/значений и размерностью головы $d_{\text{head}}$ точная формула объема памяти (в байтах):</p> $$\text{Memory}_{\text{KV}} = 2 \times n_{\text{layers}} \times n_{\text{kv\_heads}} \times d_{\text{head}} \times L \times B \times \text{bytes\_per\_element}$$ <ul> <li>Множитель $2$ учитывает раздельное хранение тензоров ключей $K$ и значений $V$;</li> <li>Для <code>float16</code> / <code>bfloat16</code> множитель $\text{bytes\_per\_element} = 2$, для <code>FP8</code> — $1$.</li> </ul> <p><strong>Пример для LLaMA-3-8B ($n_{\text{layers}}=32, n_{\text{kv\_heads}}=8 \text{ (GQA)}, d_{\text{head}}=128$, float16):</strong><br> На один токен для батча $B=1$ кэш требует $2 \times 32 \times 8 \times 128 \times 2 = 131\,072$ байт ($128$ КБ).<br> При контексте $L = 128\,000$ токенов и батче $B = 4$ объем KV-кэша составит: $128 \text{ КБ} \times 128\,000 \times 4 \approx 65.5 \text{ ГБ}$ памяти GPU, что превышает размер самих весов модели!</p>	Лекция_18	Билет_17_LSTM_vs_Трансформер
Что такое индукционные головы (Induction Heads) в трансформерах и как они объясняют механизм In-Context Learning?	<p>Исследования интерпретируемости трансформеров (Elhage et al., Anthropic, 2021) показали, что способность LLM обучаться на примерах в промпте (In-Context Learning) обеспечивается специализированными двухслойными цепочками внимания — <strong>Induction Heads</strong>:</p> <ol> <li><strong>Голова 1-го слоя (Previous Token Head):</strong> Сдвигает представление предыдущего токена $[A]$ в позицию следующего за ним токена $[B]$, записывая информацию «токену $[B]$ предшествовал токен $[A]$».</li> <li><strong>Голова 2-го слоя (Induction Head):</strong> При появлении нового вхождения токена $[A]$ в конце контекста голова формирует запрос $Q$, который ищет в истории ключ $K$, соответствующий токену $[A]$, и переносит значение $V$, указывающее на токен $[B]$.</li> </ol> <p>В результате модель без градиентных обновлений весов воспроизводит паттерн $[A][B] \dots [A] \implies [B]$. Индукционные головы спонтанно формируются во время обучения и служат фундаментальным алгоритмическим механизмом выполнения инструкций по аналогии.</p>	Лекция_18	Билет_17_LSTM_vs_Трансформер
В чем фундаментальный компромисс между Linear Attention / State Space Models (Mamba, S4) и классическим Softmax Attention?	<p>Линейное внимание заменяет операцию $\text{Softmax}(Q K^\top)$ на скалярное произведение признаковых отображений $\phi(Q) \phi(K)^\top$. Благодаря ассоциативности матричного умножения порядок операций меняется:</p> $$(\phi(Q) \phi(K)^\top) V = \phi(Q) (\phi(K)^\top V)$$ <p>Матрица памяти $S = \phi(K)^\top V \in \mathbb{R}^{d \times d}$ накапливается рекуррентно за $O(T d^2)$ времени и $O(d^2)$ памяти, возвращаясь к эффективности RNN.</p> <p><strong>Компромисс:</strong></p> <ul> <li><em>Softmax Attention:</em> Обладает бесконечной емкостью точного ассоциативного поиска (Associative Recall) — может найти редкий токен в глубине контекста («иголка в стоге сена»), поскольку матрица $T \times T$ хранит все парные взаимодействия.</li> <li><em>Linear Attention / SSM:</em> Сжимает весь предшествующий контекст в матрицу фиксированного размера $d \times d$. Это неизбежно приводит к размытию информации при сверхдлинных последовательностях и снижает точность на задачах точного цитирования (хотя Mamba нивелирует это за счет механизма селективного шлюзования $B(t), C(t), \Delta(t)$).</li> </ul>	Лекция_18	Билет_17_LSTM_vs_Трансформер
В чем разница между CBOW и Skip-gram и что лучше для редких слов?	<p>CBOW предсказывает одно центральное слово по усредненному вектору контекста. Skip-gram по одному центральному слову предсказывает каждое контекстное слово по отдельности. Для редких слов <strong>Skip-gram работает намного лучше</strong>, потому что в CBOW редкое слово растворяется при усреднении с частыми словами контекста, а в Skip-gram редкое слово получает полноценный индивидуальный градиентный сигнал при каждом появлении в центре.</p>	Лекция_19	Билет_18_Тексты_токенизация_Word2Vec
Зачем в Negative Sampling частоты слов возводят в степень 3/4 ($f(w)^{0.75}$)?	<p>Если сэмплировать негативные слова пропорционально их реальной частоте $f(w)$, 99% негативов составят предлоги и союзы (<em>«и», «в», «на»</em>). Если сэмплировать равномерно, редкие слова будут встречаться слишком часто. Степень $0.75$ — математический компромисс: она слегка подавляет суперчастые слова и приподнимает вероятность выбора среднечастотных и редких слов.</p>	Лекция_19	Билет_18_Тексты_токенизация_Word2Vec
Что такое BPE и почему все современные LLM используют токенизацию по субсловам?	<p>Byte-Pair Encoding (BPE) — алгоритм сжатия и токенизации, который итеративно объединяет самые частые пары символов/байт. Субсловная токенизация решает проблему Out-Of-Vocabulary (любое новое слово можно разбить на известные кусочки или байты), держит словарь в компактном размере (32k–128k) и сохраняет морфологические корни слов.</p>	Лекция_19	Билет_18_Тексты_токенизация_Word2Vec
Почему в Word2Vec две матрицы весов ($W$ и $W'$), а не одна?	<p>Матрица $W$ хранит векторное представление слова, когда оно выступает в роли <em>центрального слова</em> (Input vector). Матрица $W'$ хранит его вектор, когда оно выступает в роли <em>контекста</em> (Output vector). Разделение матриц делает оптимизацию гладкой и предотвращает тривиальные автокорреляции. После окончания обучения матрицы либо усредняют $W_{\text{final}} = \frac{W + W'}{2}$, либо берут только входную матрицу $W$.</p>	Лекция_19	Билет_18_Тексты_токенизация_Word2Vec
Чем FastText принципиально отличается от Word2Vec?	<p>В Word2Vec каждое слово атомарно и представлено одним вектором. В FastText слово представляется как сумма векторов его символьных $n$-грамм (плюс вектор слова целиком). Это позволяет FastText генерировать осмысленные эмбеддинги для слов с опечатками, словоформ и неологизмов, которых не было в обучающем словаре.</p>	Лекция_19	Билет_18_Тексты_токенизация_Word2Vec
В чем разница между статическими эмбеддингами (Word2Vec) и контекстуализированными (BERT)?	<p>В Word2Vec слово <em>«замок»</em> всегда имеет <strong>один и тот же фиксированный вектор</strong>, независимо от того, идет ли речь о песчаном замке или дверном замке. В BERT эмбеддинг слова вычисляется слоем Self-Attention динамически и зависит от всего окружающего контекста предложения.</p>	Лекция_19	Билет_18_Тексты_токенизация_Word2Vec
Как пошагово работает алгоритм Byte-Pair Encoding (BPE) при построении словаря токенов и токенизации нового текста?	<p>Алгоритм BPE (Sennrich et al., 2015) выполняется в два этапа:</p> <ol> <li><strong>Обучение словаря (Training):</strong> <ul> <li>Текст обучающего корпуса разбивается на отдельные слова, каждое слово представляется как последовательность символов со специальным суффиксом конца слова <code>&lt;/w&gt;</code> (например, <code>"н и з к и й &lt;/w&gt;"</code>). Инициализируется базовый словарь уникальных символов.</li> <li>На каждом шаге алгоритм подсчитывает частоту встречаемости всех смежных пар токенов во всем корпусе.</li> <li>Самая частая пара объединяется в новый единый токен (например, <code>('к', 'и') $\to$ 'ки'</code>), который добавляется в словарь, а правило слияния (Merge Rule) записывается в таблицу приоритетов.</li> <li>Процесс повторяется итеративно до достижения заданного размера словаря $|V|$ (например, $32\,000$ или $50\,257$ в GPT-2).</li> </ul> </li> <li><strong>Токенизация нового текста (Inference):</strong> <ul> <li>Входное слово разбивается на отдельные символы. Все выученные правила слияния применяются к парам символов строго в том порядке, в котором они были выучены на этапе обучения.</li> </ul> </li> </ol> <p>В современных LLM (GPT-4, LLaMA) используется <strong>Byte-level BPE</strong>: начальный словарь состоит из 256 возможных байтов, что исключает появление неизвестных токенов (нет <code>&lt;UNK&gt;</code>).</p>	Лекция_19	Билет_18_Тексты_токенизация_Word2Vec
Математически выведите целевую функцию Skip-gram с Negative Sampling (SGNS) из бинарной логистической регрессии.	<p>Классический Softmax требует вычисления знаменателя по всему словарю $\sum_{w \in V} \exp(v_w^\top v_c)$ ($|V| \sim 10^5\dots 10^6$), что вычислительно невозможно. В методе SGNS (Mikolov et al., 2013) задача многоклассовой классификации заменяется на набор независимых бинарных классификаций:</p> <ul> <li>Для истинной контекстной пары $(w_I, w_O)$ модель максимизирует вероятность того, что пара является реальной ($y=1$): $$P(y=1 | w_I, w_O) = \sigma({v'_{w_O}}^\top v_{w_I}) = \frac{1}{1 + \exp(-{v'_{w_O}}^\top v_{w_I})}$$ </li> <li>Для $k$ случайно сэмплированных шумовых слов $w_i \sim P_n(w)$ модель максимизирует вероятность того, что пара является искусственным шумом ($y=0$): $$P(y=0 | w_I, w_i) = 1 - \sigma({v'_{w_i}}^\top v_{w_I}) = \sigma(-{v'_{w_i}}^\top v_{w_I})$$ </li> </ul> <p>Логарифмическая функция правдоподобия для одной пары принимает вид:</p> $$\mathcal{L}_{\text{SGNS}} = \log \sigma({v'_{w_O}}^\top v_{w_I}) + \sum_{i=1}^k \mathbb{E}_{w_i \sim P_n(w)} \left[ \log \sigma(-{v'_{w_i}}^\top v_{w_I}) \right]$$ <p>Максимизация $\mathcal{L}_{\text{SGNS}}$ стягивает эмбеддинги встречающихся рядом слов и отталкивает векторы случайных шумовых слов, требуя всего $O(k)$ операций вместо $O(|V|)$.</p>	Лекция_19	Билет_18_Тексты_токенизация_Word2Vec
В чем принципиальная разница между алгоритмами субсловной токенизации BPE, WordPiece и Unigram LM (SentencePiece)?	<p>Три ключевых алгоритма субсловной токенизации различаются критерием выбора токенов и направлением оптимизации:</p> <ol> <li><strong>BPE (Byte-Pair Encoding, GPT, RoBERTa):</strong> Восходящий (Bottom-Up) жадный алгоритм. Выбирает для объединения пару с <em>максимальной абсолютной частотой встречаемости</em> в корпусе: $\text{argmax}_{(a,b)} \text{count}(ab)$.</li> <li><strong>WordPiece (BERT):</strong> Восходящий алгоритм. Объединяет пару, которая <em>максимизирует правдоподобие языковой модели</em> (или взаимную информацию), то есть максимизирует отношение $\frac{\text{count}(ab)}{\text{count}(a) \cdot \text{count}(b)}$. Это защищает от частого объединения банальных букв, если они не образуют устойчивый смысловой блок.</li> <li><strong>Unigram LM (SentencePiece, T5, ALBERT, LLaMA):</strong> Нисходящий (Top-Down) вероятностный подход (Kudo, 2018). Начинает с огромного избыточного словаря и итеративно удаляет токены, удаление которых минимально увеличивает функцию потерь (loss) языковой модели. Позволяет применять <strong>Subword Regularization</strong> (сэмплирование разных вариантов разбиения одного слова при обучении для повышения устойчивости к опечаткам).</li> </ol>	Лекция_19	Билет_18_Тексты_токенизация_Word2Vec
Почему в эмбеддингах Word2Vec работают семантические векторные аналогии (например, $\vec{v}_{\text{Король}} - \vec{v}_{\text{Мужчина}} + \vec{v}_{\text{Женщина}} \approx \vec{v}_{\text{Королева}}$)?	<p>Теоретическое обоснование линейных свойств векторных пространств Word2Vec дали Levy & Goldberg (2014) и Arora et al. (2016):</p> <ol> <li><strong>Факторизация PMI-матрицы:</strong> Оптимизация Skip-gram с Negative Sampling эквивалентна неявной низкоранговой факторизации матрицы поточечной взаимной информации со сдвигом: $$M_{ij} = v_i^\top v'_j = \text{PMI}(w_i, c_j) - \log k = \log \left(\frac{P(w_i, c_j)}{P(w_i)P(c_j)}\right) - \log k$$ </li> <li><p><strong>Лог-линейность контекстных вероятностей:</strong> Отношение шансов встретить контекстное слово $x$ рядом со словами «Король» и «Королева» отражает гендерную разницу точно так же, как для пары «Мужчина» и «Женщина»:</p> $$\log \frac{P(x | \text{Король})}{P(x | \text{Королева})} \approx \log \frac{P(x | \text{Мужчина})}{P(x | \text{Женщина})}$$ <p>При подстановке скалярных произведений в логарифм вероятностей: $(v_{\text{Король}} - v_{\text{Королева}})^\top v_x \approx (v_{\text{Мужчина}} - v_{\text{Женщина}})^\top v_x$ для всех контекстов $x$.</p></li> </ol> <p>Так как это равенство выполняется для широкого спектра контекстных слов $x$, векторная разность $v_{\text{Король}} - v_{\text{Мужчина}} \approx v_{\text{Королева}} - v_{\text{Женщина}}$ образует устойчивый вектор направленного семантического сдвига.</p>	Лекция_19	Билет_18_Тексты_токенизация_Word2Vec
Что такое Перплексия (Perplexity) и как она связана с кросс-энтропией?	<p>Перплексия — это экспонента от усредненных кросс-энтропийных потерь модели на тестовой выборке: $\text{PPL} = \exp(\text{CrossEntropyLoss})$. Интуитивно она показывает эффективное число слов, среди которых колеблется модель на каждом шаге предсказания. Чем ниже PPL, тем более уверена и точна языковая модель.</p>	Лекция_20	Билет_19_Машинный_перевод_BLEU
Зачем в BLEU введен Brevity Penalty (штраф за краткость)?	<p>Без Brevity Penalty модель могла бы перевести сложный абзац одним словом <em>«the»</em>, получив точность $p_1 = 100\%$ и идеальный балл BLEU. BP экспоненциально штрафует модель, если сгенерированный текст $c$ короче эталона $r$ ($\text{BP} = \exp(1 - r/c)$), заставляя переводить предложение полностью.</p>	Лекция_20	Билет_19_Машинный_перевод_BLEU
В чем фундаментальный недостаток метрики BLEU?	<p>BLEU сравнивает только <strong>точное лексическое совпадение $n$-грамм</strong>. Если модель использовала корректный синоним (например, <em>«автомобиль»</em> вместо <em>«машина»</em>) или перефразировала мысль другими словами, BLEU поставит 0 баллов за эту фразу. Для решения этой проблемы созданы метрики на эмбеддингах — <strong>BERTScore</strong> и <strong>COMET</strong>.</p>	Лекция_20	Билет_19_Машинный_перевод_BLEU
Чем Top-$p$ (Nucleus) сэмплирование лучше Top-$k$ сэмплирования?	<p>В Top-$k$ размер пула фиксирован (например, всегда 50 слов). Если следующее слово очевидно (например, после <em>«Президент Соединенных...»</em> слово <em>«Штатов»</em> имеет вероятность 99%), Top-$k$ все равно добавит в пул 49 маловероятных слов и может случайно выбрать бред. Top-$p$ адаптивно сузит пул до одного слова. Когда контекст неоднозначен, Top-$p$ динамически расширит пул кандидатов.</p>	Лекция_20	Билет_19_Машинный_перевод_BLEU
Как параметр температуры $T$ влияет на логиты перед Softmax?	<p>Логиты делятся на скаляр $T$: $z_i / T$. При $T < 1.0$ разница между логитами усиливается, Softmax становится резким и острым (детерминированный выбор). При $T > 1.0$ значения логитов сближаются, распределение Softmax становится плоским и близким к равномерному (максимальная случайность и разнообразие).</p>	Лекция_20	Билет_19_Машинный_перевод_BLEU
В чем разница между BLEU и ROUGE?	<p>BLEU ориентирован на <strong>Precision (Точность)</strong>: сколько сгенерированных слов было в эталоне (важно для перевода, чтобы не выдумывать лишнего). ROUGE ориентирован на <strong>Recall (Полноту)</strong>: сколько ключевых фактов эталона модель смогла охватить (важно для суммаризации, чтобы не упустить суть).</p>	Лекция_20	Билет_19_Машинный_перевод_BLEU
Как математически вычисляется модифицированная точность $n$-грамм (Modified $n$-gram Precision) в BLEU и почему простой подсчет совпадений неприменим?	<p>Обычная точность делит число совпавших $n$-грамм на общее число $n$-грамм в гипотезе. Если модель сгенерирует патологическую строку <em>«the the the the the»</em>, а в эталоне содержится <em>«the cat is on the mat»</em> (где слово <em>«the»</em> встречается 2 раза), стандартная точность униграмм составит $\frac{5}{5} = 1.0$ ($100\%$).</p> <p>Для устранения этой уязвимости Papineni et al. (2002) ввели <strong>клиппинг (усечение)</strong> счетчиков по максимальному числу вхождений в любой из эталонов:</p> $$ \text{Count}_{\text{clip}}(\text{n-gram}) = \min\left(\text{Count}_{\text{cand}}(\text{n-gram}),\; \max_{r \in R} \text{Count}_r(\text{n-gram})\right) $$ <p>где $R$ — множество референсных переводов. Корпусная модифицированная точность порядка $n$ вычисляется как:</p> $$ p_n = \frac{\sum_{C \in \{\text{Candidates}\}} \sum_{\text{n-gram} \in C} \text{Count}_{\text{clip}}(\text{n-gram})}{\sum_{C \in \{\text{Candidates}\}} \sum_{\text{n-gram} \in C} \text{Count}_{\text{cand}}(\text{n-gram})} $$ <p>В примере выше $\text{Count}_{\text{cand}}(\text{"the"}) = 5$, $\text{Count}_{\text{ref}}(\text{"the"}) = 2 \implies \text{Count}_{\text{clip}} = \min(5, 2) = 2$, и точность $p_1 = \frac{2}{5} = 0.4$, что надежно штрафует вырожденные повторения.</p>	Лекция_20	Билет_19_Машинный_перевод_BLEU
Какова строгая формула Brevity Penalty (BP) в BLEU и как ведет себя штраф при $c < r$ против $c \ge r$?	<p>Формула Brevity Penalty имеет вид:</p> $$ \text{BP} = \begin{cases} 1, & \text{если } c > r \\ \exp\left(1 - \frac{r}{c}\right), & \text{если } c \le r \end{cases} $$ <p>где $c$ — длина перевода кандидата (в токенах), $r$ — эффективная длина эталона.</p> <ul> <li><strong>При $c > r$ (кандидат длиннее эталона):</strong> $\text{BP} = 1.0$. Избыточная длина не штрафуется через BP, так как длинный перевод автоматически штрафуется в знаменателе точности $p_n$ из-за появления лишних $n$-грамм, отсутствующих в эталоне.</li> <li><strong>При $c \le r$ (кандидат короче эталона):</strong> $\text{BP} = \exp\left(1 - \frac{r}{c}\right) \le 1.0$. Экспоненциальный штраф компенсирует то, что короткие фразы искусственно завышают точность $p_n$. При $c \to 0$ показатель степени $1 - \frac{r}{c} \to -\infty$, следовательно $\text{BP} \to 0$, что обнуляет итоговый BLEU для пустых или обрезанных переводов.</li> </ul>	Лекция_20	Билет_19_Машинный_перевод_BLEU
В чем преимущества метрик chrF, BERTScore и COMET по сравнению с классическим BLEU?	<p>Классический BLEU опирается на строгое совпадение точных $n$-грамм токенов, что создает проблемы с синонимией, морфологией и перефразированием. Современные метрики решают эти проблемы:</p> <ul> <li><strong>chrF (Character $F$-score):</strong> Оценивает совпадение символьных $n$-грамм (обычно от 1 до 6 символов). Крайне эффективна для синтетических и флективных языков с развитой морфологией (например, русского), так как совпадение корней и основ слов засчитывается даже при различии падежных окончаний.</li> <li><strong>BERTScore:</strong> Вычисляет попарное косинусное сходство между контекстуализированными эмбеддингами токенов кандидата и эталона с помощью предобученной модели (BERT/RoBERTa) с жадным сопоставлением. Учитывает семантическую близость синонимов и устойчив к перестановке слов.</li> <li><strong>COMET (Crosslingual Optimized Metric for Evaluation of Translation):</strong> Нейросетевая модель на базе энкодера XLM-RoBERTa, принимающая на вход одновременно исходный текст (source), гипотезу (hypothesis) и эталон (reference). Обучается напрямую на оценках экспертов-лингвистов (MQM, Direct Assessment) и обладает максимальной корреляцией с человеческим восприятием качества перевода.</li> </ul>	Лекция_20	Билет_19_Машинный_перевод_BLEU
Почему Beam Search без нормализации штрафует длинные гипотезы и как работает формула Length Normalization $LP(Y) = \frac{(5+|Y|)^\alpha}{(5+1)^\alpha}$?	<p>В авторегрессионных моделях логарифмическая вероятность генерации последовательности $Y = (y_1, \dots, y_{|Y|})$ вычисляется как сумма:</p> $$ \log P(Y \mid X) = \sum_{t=1}^{|Y|} \log P(y_t \mid y_{< t}, X) $$ <p>Поскольку $P(y_t) \le 1$, все логарифмические слагаемые неположительны ($\log P(y_t) \le 0$). С каждым следующим токеном сумма монотонно убывает (становится более отрицательной). В результате стандартный Beam Search систематически отдает предпочтение коротким гипотезам, которые быстрее сгенерировали специальный токен окончания последовательности <code>&lt;EOS&gt;</code>.</p> <p>Для устранения этой асимметрии Wu et al. (2016) ввели нормализацию по длине (Length Penalty):</p> $$ LP(Y) = \frac{(5 + |Y|)^\alpha}{(5 + 1)^\alpha}, \qquad \text{Score}(Y \mid X) = \frac{\log P(Y \mid X)}{LP(Y)} $$ <p>где $|Y|$ — число токенов, а $\alpha \in [0.6, 0.8]$ — коэффициент компенсации:</p> <ul> <li>Константа $5$ сглаживает штраф для первых нескольких токенов, предотвращая завышение ранга сверхкоротких кандидатов.</li> <li>Делитель $(5+1)^\alpha$ нормирует $LP(Y) = 1$ при единичной длине $|Y|=1$.</li> <li>Параметр $\alpha$ регулирует силу компенсации: при $\alpha=0$ штраф выключен, при $\alpha=1$ выполняется полная нормировка на среднюю лог-вероятность.</li> </ul>	Лекция_20	Билет_19_Машинный_перевод_BLEU
Почему BERT плохо подходит для генерации длинных связных текстов?	<p>BERT обучался в двунаправленном режиме на задаче MLM, где он восстанавливает отдельные маскированные слова в окружении известного контекста. У него нет причинной маски и механизма пошаговой авторегрессионной генерации слева направо. При попытке генерировать текст токен за токеном BERT сталкивается с не встречавшимся на обучении распределением и быстро деградирует.</p>	Лекция_21	Билет_20_Архитектуры_Энкодер_Декодер_Энкодер-Декодер
Зачем в BERT токен `[CLS]` и как он используется?	<p>Токен `[CLS]` (Classification) ставится в самое начало каждой входной последовательности. Так как внимание в BERT двунаправленное, вектор представления токена `[CLS]` на выходе последнего слоя агрегирует семантическую информацию обо всем предложении. Именно он подается на вход полносвязного слоя для классификации всего текста или определения логической связи пар предложений.</p>	Лекция_21	Билет_20_Архитектуры_Энкодер_Декодер_Энкодер-Декодер
В чем суть парадигмы Text-to-Text в модели T5?	<p>В T5 абсолютно <strong>любая задача NLP формулируется как преобразование текста в текст</strong>. Для перевода на вход подается: <em>«translate English to German: That is good»</em> $\to$ <em>«Das ist gut»</em>. Для классификации тональности: <em>«sst2 sentence: I loved this film»</em> $\to$ <em>«positive»</em>. Это позволяет обучать единую модель на десятках разных датасетов с одинаковым Cross-Entropy лоссом.</p>	Лекция_21	Билет_20_Архитектуры_Энкодер_Декодер_Энкодер-Декодер
Почему в задаче MLM в BERT 10% масок заменяют случайными словами, а 10% оставляют без изменений?	<p>Если бы 100% целевых слов заменялись на токен `[MASK]`, модель привыкла бы опираться только на наличие спецсимвола `[MASK]`. Во время Fine-tuning на реальных задачах токен `[MASK]` отсутствует, что создало бы сильный сдвиг распределения (Mismatch). Оставление 10% слов неизменными и замена 10% на случайные заставляет сеть поддерживать качественные контекстные представления для всех реальных слов текста.</p>	Лекция_21	Билет_20_Архитектуры_Энкодер_Декодер_Энкодер-Декодер
Как метод LoRA позволяет сократить память при дообучении?	<p>LoRA фиксирует веса $W_0$ ($d \times k$) и оптимизирует только факторизованную добавку $\Delta W = A \cdot B$, где $A \in \mathbb{R}^{d \times r}, B \in \mathbb{R}^{r \times k}$ при $r \ll d$ (например, $r=8$ при $d=4096$). Это уменьшает количество обучаемых параметров в 1000 раз. Не нужно хранить состояния оптимизатора (моменты Adam) для 99.9% весов базовой модели.</p>	Лекция_21	Билет_20_Архитектуры_Энкодер_Декодер_Энкодер-Декодер
Чем RoBERTa превзошла оригинальный BERT?	<p>Авторы RoBERTa показали, что BERT был сильно недообучен. Они: 1) Удалили задачу NSP (она лишь ухудшала метрики); 2) Ввели динамическое маскирование (на каждой эпохе маскируются разные токены); 3) Увеличили размер батча и объем обучающего корпуса до 160 ГБ текста; 4) Использовали BPE токенизатор на 50k байт.</p>	Лекция_21	Билет_20_Архитектуры_Энкодер_Декодер_Энкодер-Декодер
Как математически формулируется задача Masked Language Modeling (MLM) в BERT и какова роль стратегии порчи 80/10/10?	<p>В задаче MLM случайно выбирается $15\%$ всех токенов входной последовательности $X$. Пусть $M$ — множество индексов выбранных позиций. Функция потерь вычисляет кросс-энтропию только на этих позициях:</p> $$ \mathcal{L}_{\text{MLM}}(\theta) = -\sum_{i \in M} \log P_\theta(x_i \mid \tilde{X}) $$ <p>где $\tilde{X}$ — модифицированная последовательность, полученная по вероятностной схеме 80/10/10:</p> <ul> <li><strong>80% случаев ($12\%$ от всех токенов):</strong> заменяются на специальный токен <code>[MASK]</code>, заставляя энкодер предсказывать скрытое слово по окружающему контексту.</li> <li><strong>10% случаев ($1.5\%$ от всех токенов):</strong> заменяются на случайное слово из словаря, что заставляет сеть выявлять и исправлять контекстуальные шумы.</li> <li><strong>10% случаев ($1.5\%$ от всех токенов):</strong> остаются без изменений, чтобы модель сохраняла адекватное векторное представление для реально наблюдаемых слов.</li> </ul> <p>Такая схема решает проблему несоответствия между предобучением и дообучением (pre-train / fine-tune mismatch), поскольку во время Fine-tuning токен <code>[MASK]</code> никогда не поступает на вход.</p>	Лекция_21	Билет_20_Архитектуры_Энкодер_Декодер_Энкодер-Декодер
Как устроена причинная маска (Causal Mask) в декодерах (GPT) и почему она необходима при параллельном обучении?	<p>Авторегрессионные языковые модели факторизуют совместную вероятность текста по цепному правилу: $P(x_1, \dots, x_T) = \prod_{t=1}^T P(x_t \mid x_{< t})$.</p> <p>Во время обучения вся обучающая строка длины $T$ подается в сеть параллельно. Чтобы предотвратить утечку информации из будущих токенов $j > i$ к текущему токену $i$, матрица скалярных произведений внимания модифицируется аддитивной причинной маской $M \in \mathbb{R}^{T \times T}$:</p> $$ M_{ij} = \begin{cases} 0, & \text{если } j \le i \\ -\infty, & \text{если } j > i \end{cases} $$ $$ \text{Attention}(Q, K, V) = \text{softmax}\left(\frac{QK^T}{\sqrt{d_k}} + M\right) V $$ <p>Поскольку $\exp(-\infty) = 0$, веса внимания для всех будущих позиций строго равны 0. Это позволяет вычислять функцию потерь для всех $T$ позиций параллельно на GPU за один прямой проход.</p>	Лекция_21	Билет_20_Архитектуры_Энкодер_Декодер_Энкодер-Декодер
В чем заключается предобучение через Span Corruption и архитектура Prefix-LM в модели T5?	<p>В модели T5 (Raffel et al., 2020) вместо независимого маскирования отдельных токенов применяется <strong>Span Corruption</strong>:</p> <ul> <li>Случайные непрерывные спаны текста со средней длиной 3 токена (суммарно $15\%$ текста) заменяются уникальными маркерами (Sentinel tokens): <code>&lt;extra_id_0&gt;</code>, <code>&lt;extra_id_1&gt;</code> и т.д.</li> <li><strong>Вход энкодера:</strong> исходный текст с маркерами-заполнителями.</li> <li><strong>Целевая последовательность декодера:</strong> только удаленные фрагменты, разделенные теми же сентинелами: <code>&lt;extra_id_0&gt; target span 1 &lt;extra_id_1&gt; target span 2 &lt;extra_id_2&gt;</code>.</li> </ul> <p><strong>Prefix-LM:</strong> В отличие от классического чисто причинного декодера, на токенах входного префикса (промпта) используется двунаправленное внимание (Fully-Visible Mask), а на генерируемом ответе — причинная треугольная маска, что обеспечивает эффективное понимание промпта без усечения контекста.</p>	Лекция_21	Билет_20_Архитектуры_Энкодер_Декодер_Энкодер-Декодер
Как математически устроены вращательные позиционные эмбеддинги (RoPE, Rotary Position Embedding)?	<p>RoPE (Su et al., 2021) кодирует позиционную информацию путем ортогонального вращения векторов запроса $Q$ и ключа $K$ в двумерных подпространствах комплексной плоскости.</p> <p>Для двумерного среза вектора $x = (x^{(1)}, x^{(2)})^\top$ на позиции $m$ преобразование задается матрицей вращения $R_{\theta, m}$:</p> $$ R_{\theta, m} x = \begin{pmatrix} \cos(m\theta) & -\sin(m\theta) \\ \sin(m\theta) & \cos(m\theta) \end{pmatrix} \begin{pmatrix} x^{(1)} \\ x^{(2)} \end{pmatrix} $$ <p>Для $d$-мерного вектора вычисляется блочно-диагональное вращение с частотами $\theta_i = 10000^{-2(i-1)/d}$ для $i \in \{1, \dots, d/2\}$.</p> <p><strong>Свойство сохранения относительного расстояния:</strong></p> $$ \langle R_m q, R_n k \rangle = (R_m q)^\top (R_n k) = q^\top R_m^\top R_n k = q^\top R_{n-m} k $$ <p>Поскольку $R_m^\top R_n = R_{n-m}$, результат скалярного произведения зависит <strong>исключительно от относительного сдвига $(n - m)$</strong>, что дает превосходное качество интерполяции и экстраполяции на длинные контексты.</p>	Лекция_21	Билет_20_Архитектуры_Энкодер_Декодер_Энкодер-Декодер
Сформулируйте Марковское свойство простыми словами и математически.	<p>Марковское свойство означает, что текущее состояние $s_t$ содержит исчерпывающую информацию о всей истории процесса. Распределение вероятностей следующего состояния и награды зависит исключительно от пары $(s_t, a_t)$: $P(s_{t+1}, r_{t+1} \mid s_t, a_t, s_{t-1}, a_{t-1}, \dots) = P(s_{t+1}, r_{t+1} \mid s_t, a_t)$.</p>	Лекция_22	Билет_21_RL_Строение_агента_MDP
Из каких 5 компонентов состоит кортеж Марковского процесса принятия решений (MDP)?	<p>Кортеж $\langle \mathcal{S}, \mathcal{A}, \mathcal{P}, \mathcal{R}, \gamma \rangle$, где:<br> 1. $\mathcal{S}$ — множество состояний;<br> 2. $\mathcal{A}$ — множество действий;<br> 3. $\mathcal{P}(s' \mid s, a)$ — матрица/функция вероятностей переходов среды;<br> 4. $\mathcal{R}(s, a)$ — функция математического ожидания наград;<br> 5. $\gamma \in [0, 1)$ — фактор дисконтирования будущих наград.</p>	Лекция_22	Билет_21_RL_Строение_агента_MDP
В чем разница между функцией ценности состояния $V(s)$ и Q-функцией $Q(s, a)$?	<p>$V^\pi(s)$ оценивает средний ожидаемый доход, если мы уже находимся в состоянии $s$ и действуем по стратегии $\pi$. $Q^\pi(s, a)$ оценивает ожидаемый доход, если мы сначала принудительно совершим конкретное действие $a$ (даже если оно нетипично для стратегии $\pi$), а уже со следующего шага будем следовать $\pi$.</p>	Лекция_22	Билет_21_RL_Строение_агента_MDP
Зачем в формуле дохода $G_t$ введен фактор дисконтирования $\gamma$?	<p>1. Обеспечивает математическую сходимость ряда суммарных наград на бесконечном горизонте ($\sum \gamma^k R \le \frac{R_{\max}}{1-\gamma}$);<br> 2. Отражает убывание уверенности в далеком будущем в стохастической среде;<br> 3. Позволяет настраивать горизонт планирования агента ($H \approx \frac{1}{1-\gamma}$).</p>	Лекция_22	Билет_21_RL_Строение_агента_MDP
Что такое дилемма Exploration vs Exploitation и как ее решает $\epsilon$-greedy стратегия?	<p>Это конфликт между эксплуатацией (Exploitation — выбор известного наилучшего действия для сбора награды) и исследованием (Exploration — проверка новых неизведанных действий для нахождения более выгодных путей). $\epsilon$-greedy выбирает лучшее действие с вероятностью $1-\epsilon$ и случайное действие с вероятностью $\epsilon$.</p>	Лекция_22	Билет_21_RL_Строение_агента_MDP
Чем Model-Based RL отличается от Model-Free RL?	<p>В Model-Based RL агент обладает моделью переходов $\mathcal{P}(s' \mid s, a)$ и наград $\mathcal{R}$, что позволяет ему планировать наперед в воображении (симуляция). В Model-Free RL агент не моделирует законы физики среды и обучается исключительно на фактическом опыте прямого взаимодействия.</p>	Лекция_22	Билет_21_RL_Строение_агента_MDP
Сформулируйте строгое математическое определение Марковского свойства первого порядка и объясните, как неполнота наблюдений превращает процесс в POMDP.	<p>Стохастический процесс изменения состояний обладает Марковским свойством первого порядка, если условное распределение вероятностей будущего состояния и мгновенной награды при условии всей предыстории процесса зависит исключительно от текущего состояния и предпринятого действия:</p> $$ \mathbb{P}(S_{t+1} = s', R_{t+1} = r \mid S_t = s_t, A_t = a_t, S_{t-1} = s_{t-1}, A_{t-1} = a_{t-1}, \dots, S_0 = s_0, A_0 = a_0) = \mathbb{P}(S_{t+1} = s', R_{t+1} = r \mid S_t = s_t, A_t = a_t) $$ <p>Это означает, что состояние $S_t$ является достаточной статистикой (sufficient statistic) всей истории взаимодействия: знание прошлого не дает никакой дополнительной информации о будущем сверх того, что уже содержится в $S_t$.</p> <p>Если же агент наблюдает лишь часть признаков (например, одиночный статичный кадр из видеоигры без вектора скорости объектов), процесс становится частично наблюдаемым (Partially Observable Markov Decision Process, POMDP). В POMDP для восстановления марковости агент должен агрегировать историю наблюдений (через конкатенацию $k$ последних кадров, как в Atari DQN, или с помощью рекуррентной памяти LSTM / Transformer).</p>	Лекция_22	Билет_21_RL_Строение_агента_MDP
Какова строгая математическая роль фактора дисконтирования $\gamma \in [0, 1)$ в сходимости бесконечного ряда наград и каков эффективный горизонт планирования?	<p>Доход на бесконечном горизонте ($T = \infty$) определяется рядом:</p> $$ G_t = \sum_{k=0}^{\infty} \gamma^k R_{t+k+1} $$ <ol> <li><strong>Математическая сходимость ряда:</strong> Если все мгновенные награды ограничены сверху константой $|R_t| \le R_{\max}$, то по формуле суммы бесконечно убывающей геометрической прогрессии: $$ |G_t| \le \sum_{k=0}^{\infty} \gamma^k |R_{t+k+1}| \le R_{\max} \sum_{k=0}^{\infty} \gamma^k = \frac{R_{\max}}{1 - \gamma} < \infty $$ При $\gamma = 1$ в нетерминальных непрерывных задачах сумма может расходиться к бесконечности ($G_t = \infty$), делая невозможным корректное сравнение различных стратегий.</li> <li><strong>Эффективный горизонт планирования:</strong> Вклад награды через $k$ шагов дисконтируется множителем $\gamma^k$. Интегральный эффективный временной горизонт оценивается как: $$ H_{\text{eff}} = \sum_{k=0}^\infty \gamma^k = \frac{1}{1 - \gamma} $$ Например: при $\gamma = 0.9 \implies H_{\text{eff}} = 10$ шагов (близорукий агент), при $\gamma = 0.99 \implies H_{\text{eff}} = 100$ шагов, а при $\gamma = 0.999 \implies H_{\text{eff}} = 1000$ шагов.</li> </ol>	Лекция_22	Билет_21_RL_Строение_агента_MDP
В чем математическое отличие стратегии исследования Больцмана (Boltzmann / Softmax Exploration) от $\epsilon$-greedy?	<p>В $\epsilon$-greedy схеме агент выбирает наилучшее действие с вероятностью $1 - \epsilon$, либо с вероятностью $\epsilon$ выбирает действие из строго равномерного распределения $\frac{1}{|\mathcal{A}|}$. При этом второе по привлекательности действие исследуется с той же частотой, что и заведомо катастрофическое.</p> <p><strong>Стратегия Больцмана (Boltzmann / Softmax Exploration):</strong> распределяет вероятности выбора действий пропорционально экспоненте их текущих оценок ценности $Q(s, a)$, масштабированных температурой $\tau > 0$:</p> $$ \pi(a \mid s) = \frac{\exp\left(\frac{Q(s, a)}{\tau}\right)}{\sum_{b \in \mathcal{A}} \exp\left(\frac{Q(s, b)}{\tau}\right)} $$ <ul> <li><strong>Ранжированное исследование:</strong> действия с высокой ожидаемой полезностью исследуются существенно чаще, чем бесперспективные.</li> <li><strong>Асимптотическое поведение температуры $\tau$:</strong> <ul> <li>При $\tau \to \infty$: $\pi(a \mid s) \to \frac{1}{|\mathcal{A}|}$ (равномерный случайный поиск).</li> <li>При $\tau \to 0^+$: $\pi(a \mid s) \to 1$ для $a = \arg\max_{a'} Q(s, a')$ (чистая детерминированная эксплуатация).</li> </ul> </li> </ul>	Лекция_22	Билет_21_RL_Строение_агента_MDP
Приведите подробную таксономию методов RL: Model-Free против Model-Based, и в чем компромисс между Sample Efficiency и Model Bias?	<p>Все алгоритмы обучения с подкреплением делятся на два ключевых направления:</p> <ul> <li><strong>Model-Based RL (на основе модели среды):</strong> Агент явно выучивает динамику переходов $\mathcal{P}(s' \mid s, a)$ и функцию наград $\mathcal{R}(s, a)$ (или модель дана аналитически). Принятие решений осуществляется через планирование (MCTS в AlphaZero, World Models в Dreamer). <ul> <li><em>Преимущество:</em> Высокая эффективность по выборке (Sample Efficiency) — агент генерирует миллионы «воображаемых» переходов внутри симулятора.</li> <li><em>Недостаток:</em> <strong>Model Bias (смещение модели)</strong> — ошибки аппроксимации физики среды накапливаются, и оптимизатор эксплуатирует баги симулятора, которые проваливаются в реальном мире.</li> </ul> </li> <li><strong>Model-Free RL (без модели среды):</strong> Агент не моделирует среду, а напрямую оптимизирует функции ценности $V(s), Q(s, a)$ (Q-learning, DQN) или параметры политики $\pi_\theta$ (REINFORCE, PPO, SAC). <ul> <li><em>Преимущество:</em> Не подвержен ошибкам смещения модели, асимптотически сходится к истинной оптимальной политике.</li> <li><em>Недостаток:</em> Требует огромного объема реального взаимодействия со средой (миллионы шагов).</li> </ul> </li> </ul> <p>Архитектура <strong>Dyna-Q</strong> объединяет оба мира: обновляет $Q$-функцию по реальному опыту и параллельно генерирует синтетический опыт из выученной модели среды для ускорения сходимости.</p>	Лекция_22	Билет_21_RL_Строение_агента_MDP
В чем фундаментальное различие между уравнениями ожидания Беллмана и уравнениями оптимальности Беллмана?	<p><strong>Уравнение ожидания Беллмана (Bellman Expectation Equation):</strong> оценивает ценность состояний $V^\pi(s)$ или пар состояние-действие $Q^\pi(s, a)$ при следовании <strong>фиксированной политике $\pi$</strong>. Оно линейно по вектору ценностей, так как усредняет будущие доходы по распределению действий $\pi(a \mid s)$.</p> <p><strong>Уравнение оптимальности Беллмана (Bellman Optimality Equation):</strong> описывает ценности $V^*(s)$ и $Q^*(s, a)$ для <strong>наилучшей возможной политики $\pi^*$</strong>. Оно содержит оператор максимума $\max_{a \in \mathcal{A}}$, который связывает оптимальное действие с наивысшим ожидаемым будущим доходом. Из-за наличия $\max_a$ уравнение является строго нелинейным.</p>	Лекция_23	Билет_22_(ч.1)_Уравнение_Беллмана
Приведите строгий математический вывод уравнения ожидания Беллмана для функции ценности состояния $V^\pi(s)$ через закон полного математического ожидания.	<p>По определению ценность состояния $s$ при политике $\pi$ равна матожиданию дисконтированного дохода:</p> $$ V^\pi(s) = \mathbb{E}_\pi [G_t \mid S_t = s] $$ <p>Раскроем доход $G_t = R_{t+1} + \gamma G_{t+1}$:</p> $$ V^\pi(s) = \mathbb{E}_\pi [R_{t+1} + \gamma G_{t+1} \mid S_t = s] $$ <p>Применяя закон полного математического ожидания (Law of Total Expectation) по действию $A_t = a$, следующему состоянию $S_{t+1} = s'$ и награде $R_{t+1} = r$:</p> $$ V^\pi(s) = \sum_{a \in \mathcal{A}} \pi(a \mid s) \sum_{s' \in \mathcal{S}} \sum_{r \in \mathcal{R}} p(s', r \mid s, a) \left[ r + \gamma \, \mathbb{E}_\pi [G_{t+1} \mid S_{t+1} = s'] \right] $$ <p>По определению $\mathbb{E}_\pi [G_{t+1} \mid S_{t+1} = s'] = V^\pi(s')$, получаем итоговое уравнение ожидания Беллмана:</p> $$ V^\pi(s) = \sum_{a \in \mathcal{A}} \pi(a \mid s) \left[ \mathcal{R}(s, a) + \gamma \sum_{s' \in \mathcal{S}} \mathcal{P}(s' \mid s, a) V^\pi(s') \right] $$	Лекция_23	Билет_22_(ч.1)_Уравнение_Беллмана
Запишите и выведите уравнение ожидания Беллмана для функции ценности действия $Q^\pi(s, a)$.	<p>Функция $Q^\pi(s, a)$ оценивает ожидаемый доход при совершении действия $a$ в состоянии $s$ с последующим следованием политике $\pi$:</p> $$ Q^\pi(s, a) = \mathbb{E}_\pi [G_t \mid S_t = s, A_t = a] = \mathbb{E}_\pi [R_{t+1} + \gamma G_{t+1} \mid S_t = s, A_t = a] $$ <p>Усредняя по следующему состоянию $s'$ и награде $r$:</p> $$ Q^\pi(s, a) = \sum_{s' \in \mathcal{S}} \sum_{r \in \mathcal{R}} p(s', r \mid s, a) \left[ r + \gamma \, \mathbb{E}_\pi [G_{t+1} \mid S_{t+1} = s'] \right] $$ <p>Учитывая, что $\mathbb{E}_\pi [G_{t+1} \mid S_{t+1} = s'] = V^\pi(s') = \sum_{a' \in \mathcal{A}} \pi(a' \mid s') Q^\pi(s', a')$, получаем:</p> $$ Q^\pi(s, a) = \mathcal{R}(s, a) + \gamma \sum_{s' \in \mathcal{S}} \mathcal{P}(s' \mid s, a) \sum_{a' \in \mathcal{A}} \pi(a' \mid s') Q^\pi(s', a') $$	Лекция_23	Билет_22_(ч.1)_Уравнение_Беллмана
Почему уравнения оптимальности Беллмана нельзя решить через аналитическую матричную инверсию $(I - \gamma P)^{-1} R$?	<p>Уравнение оптимальности Беллмана имеет вид:</p> $$ V^*(s) = \max_{a \in \mathcal{A}} \left[ \mathcal{R}(s, a) + \gamma \sum_{s' \in \mathcal{S}} \mathcal{P}(s' \mid s, a) V^*(s') \right] $$ <p>Оператор $\max_{a}$ является кусочно-гладким и <strong>нелинейным</strong>: $\max(u + v) \ne \max(u) + \max(v)$. Выбор оптимального действия в каждом состоянии зависит от самих неизвестных значений $V^*(s')$, превращая систему в систему нелинейных уравнений. В отличие от линейного уравнения ожидания, нелинейные уравнения Беллмана решаются численными итерационными алгоритмами (Value Iteration, Policy Iteration).</p>	Лекция_23	Билет_22_(ч.1)_Уравнение_Беллмана
Докажите, что оператор оптимальности Беллмана $\mathcal{T}^*$ является $\gamma$-сжатием в пространстве с sup-нормой $\|\cdot\|_\infty$.	<p>Определим оператор оптимальности Беллмана: $(\mathcal{T}^* V)(s) = \max_{a} \left[ \mathcal{R}(s, a) + \gamma \sum_{s'} \mathcal{P}(s' \mid s, a) V(s') \right]$.</p> <p>Используем алгебраическое свойство $|\max_x f(x) - \max_x g(x)| \le \max_x |f(x) - g(x)|$. Тогда для любого состояния $s$:</p> $$ |(\mathcal{T}^* U)(s) - (\mathcal{T}^* V)(s)| \le \max_{a \in \mathcal{A}} \left| \gamma \sum_{s'} \mathcal{P}(s' \mid s, a) (U(s') - V(s')) \right| \le \gamma \max_{a \in \mathcal{A}} \sum_{s'} \mathcal{P}(s' \mid s, a) |U(s') - V(s')| $$ <p>Так как $|U(s') - V(s')| \le \|U - V\|_\infty$ и $\sum_{s'} \mathcal{P}(s' \mid s, a) = 1$:</p> $$ |(\mathcal{T}^* U)(s) - (\mathcal{T}^* V)(s)| \le \gamma \|U - V\|_\infty $$ <p>Беря супремум по всем $s \in \mathcal{S}$, получаем:</p> $$ \|\mathcal{T}^* U - \mathcal{T}^* V\|_\infty \le \gamma \|U - V\|_\infty $$ <p>При $\gamma < 1$ оператор $\mathcal{T}^*$ является сжимающим отображением на полном метрическом пространстве $(\mathbb{R}^{|\mathcal{S}|}, \|\cdot\|_\infty)$. По теореме Банаха существует строго единственная неподвижная точка $V^* = \mathcal{T}^* V^*$, к которой сходятся любые итерации.</p>	Лекция_23	Билет_22_(ч.1)_Уравнение_Беллмана
Выведите теоретическую оценку погрешности $\|V_k - V^*\|_\infty \le \frac{\gamma^k}{1-\gamma} \|V_1 - V_0\|_\infty$ и ее практическое применение.	<p>По свойству $\gamma$-сжатия разность между соседними итерациями убывает геометрически: $\|V_{j+1} - V_j\|_\infty \le \gamma^j \|V_1 - V_0\|_\infty$.</p> <p>По неравенству треугольника для ряда $V^* - V_k = \sum_{j=k}^\infty (V_{j+1} - V_j)$:</p> $$ \|V_k - V^*\|_\infty \le \sum_{j=k}^\infty \|V_{j+1} - V_j\|_\infty \le \sum_{j=k}^\infty \gamma^j \|V_1 - V_0\|_\infty = \frac{\gamma^k}{1 - \gamma} \|V_1 - V_0\|_\infty $$ <p><strong>Практическое значение:</strong> эта оценка дает критерий остановки в алгоритме Value Iteration: условие $\|V_{k+1} - V_k\|_\infty < \frac{\epsilon(1-\gamma)}{2\gamma}$ строго гарантирует, что результирующая жадная политика отклоняется от оптимальной не более чем на $\epsilon$: $\|V^{\pi_k} - V^*\|_\infty \le \epsilon$.</p>	Лекция_23	Билет_22_(ч.1)_Уравнение_Беллмана
Как выглядит матричная форма уравнения ожидания Беллмана $V^\pi = (I - \gamma P^\pi)^{-1} R^\pi$ и почему матрица $(I - \gamma P^\pi)$ всегда обратима при $\gamma < 1$?	<p>Определим вектор наград $R^\pi(s) = \sum_a \pi(a \mid s) \mathcal{R}(s, a)$ и стохастическую матрицу переходов $P^\pi(s, s') = \sum_a \pi(a \mid s) \mathcal{P}(s' \mid s, a)$.</p> <p>Уравнение в матричном виде:</p> $$ V^\pi = R^\pi + \gamma P^\pi V^\pi \implies (I - \gamma P^\pi) V^\pi = R^\pi \implies V^\pi = (I - \gamma P^\pi)^{-1} R^\pi $$ <p><strong>Доказательство обратимости:</strong> Поскольку $P^\pi$ — стохастическая матрица, ее спектральный радиус $\rho(P^\pi) \le 1$. При $\gamma < 1$ спектральный радиус $\rho(\gamma P^\pi) < 1$. Следовательно, матрица $(I - \gamma P^\pi)$ не имеет нулевых собственных значений, строго невырождена, и обратная матрица разлагается в сходящийся ряд Неймана $(I - \gamma P^\pi)^{-1} = \sum_{k=0}^\infty (\gamma P^\pi)^k$.</p>	Лекция_23	Билет_22_(ч.1)_Уравнение_Беллмана
Как восстановить оптимальную стратегию $\pi^*(s)$, если мы нашли $V^*(s)$ или $Q^*(s, a)$?	<p>1. Через функцию $Q^*(s, a)$ (без знания модели среды):</p> $$ \pi^*(s) = \arg\max_{a \in \mathcal{A}} Q^*(s, a) $$ <p>2. Через функцию ценности $V^*(s)$ (требуется 1-step lookahead с моделью $\mathcal{P}$ и $\mathcal{R}$):</p> $$ \pi^*(s) = \arg\max_{a \in \mathcal{A}} \left[ \mathcal{R}(s, a) + \gamma \sum_{s' \in \mathcal{S}} \mathcal{P}(s' \mid s, a) V^*(s') \right] $$	Лекция_23	Билет_22_(ч.1)_Уравнение_Беллмана
Что такое резервная диаграмма (Backup Diagram) и что означают ее узлы?	<p>Резервная диаграмма визуализирует поток обновления ценностей во времени на один шаг вперед:</p> <ul> <li><strong>Белые круги:</strong> состояния $s \in \mathcal{S}$.</li> <li><strong>Черные точки:</strong> действия $a \in \mathcal{A}$.</li> <li>В диаграмме для $V^\pi(s)$ корень $s$ разветвляется по действиям $a$ согласно $\pi(a \mid s)$, а затем ветвится по состояниям $s'$ согласно вероятностям среды $\mathcal{P}(s' \mid s, a)$. Значение в корне вычисляется как взвешенное матожидание листьев.</li> <li>В диаграмме для $V^*(s)$ вместо усреднения по действиям используется дуга оператора максимума $\max_a$.</li> </ul>	Лекция_23	Билет_22_(ч.1)_Уравнение_Беллмана
Почему жадная политика относительно $V^*(s)$ является глобально оптимальной для всего бесконечного горизонта?	<p>Согласно принципу оптимальности Беллмана, оптимальное поведение обладает тем свойством, что каково бы ни было начальное состояние и начальное действие, все последующие решения должны быть оптимальными относительно результирующего состояния.</p> <p>Поскольку $V^*(s')$ по определению уже содержит в себе максимальный достижимый доход от момента времени $t+1$ до бесконечности, локальный выбор жадного действия $a^* = \arg\max_a [\mathcal{R}(s, a) + \gamma \sum_{s'} \mathcal{P}(s' \mid s, a) V^*(s')]$ максимизирует сумму немедленной награды и оптимального бесконечного продолжения. Локальная жадность относительно истинной функции $V^*$ строго эквивалентна глобальной оптимальности всей бесконечной траектории.</p>	Лекция_23	Билет_22_(ч.1)_Уравнение_Беллмана
В чем главное отличие Policy Iteration от Value Iteration?	<p>В Policy Iteration на каждом шаге функция $V^\pi$ вычисляется до полной сходимости системы уравнений Беллмана, после чего строится новая стратегия $\pi'$. В Value Iteration оценивание стратегии обрывается ровно после одной итерации обновления: максимум берется непосредственно внутри шага обновления $V(s)$.</p>	Лекция_24	Билет_22_(ч.2)_Value/Policy_Iteration_Монте-Карло
Сформулируйте и строго докажите Теорему об улучшении стратегии (Policy Improvement Theorem).	<p><strong>Формулировка:</strong> Пусть $\pi$ и $\pi'$ — две детерминированные стратегии такие, что для всех $s \in \mathcal{S}$ выполняется $Q^\pi(s, \pi'(s)) \ge V^\pi(s)$. Тогда стратегия $\pi'$ не хуже стратегии $\pi$ во всех состояниях: $V^{\pi'}(s) \ge V^\pi(s)$.</p> <p><strong>Доказательство:</strong> Раскроем $V^\pi(s)$ по определению $Q^\pi$ и последовательно применим индукцию по будущим состояниям:</p> $$ V^\pi(s) \le Q^\pi(s, \pi'(s)) = \mathbb{E}_{\pi'} \left[ R_{t+1} + \gamma V^\pi(S_{t+1}) \mid S_t = s \right] $$ $$ \le \mathbb{E}_{\pi'} \left[ R_{t+1} + \gamma Q^\pi(S_{t+1}, \pi'(S_{t+1})) \mid S_t = s \right] $$ $$ = \mathbb{E}_{\pi'} \left[ R_{t+1} + \gamma R_{t+2} + \gamma^2 V^\pi(S_{t+2}) \mid S_t = s \right] $$ <p>Продолжая подстановку на $k$ шагов вперед при $k \to \infty$:</p> $$ V^\pi(s) \le \mathbb{E}_{\pi'} \left[ \sum_{l=0}^\infty \gamma^l R_{t+l+1} \mid S_t = s \right] = V^{\pi'}(s) $$ <p>Если $Q^\pi(s, \pi'(s)) > V^\pi(s)$ хотя бы в одном состоянии, то $\pi'$ строго лучше $\pi$.</p>	Лекция_24	Билет_22_(ч.2)_Value/Policy_Iteration_Монте-Карло
Как устроен критерий сходимости $\Delta < \theta$ в Policy Evaluation и как порог $\theta$ связан с погрешностью оценки ценности?	<p>В алгоритме итеративного оценивания политики на каждой эпохе отслеживается максимальное абсолютное изменение ценности по всем состояниям:</p> $$ \Delta = \max_{s \in \mathcal{S}} |v_{k+1}(s) - v_k(s)| = \|V_{k+1} - V_k\|_\infty $$ <p>Итерации останавливаются, как только $\Delta < \theta$. По свойству $\gamma$-сжатия оператора Беллмана гарантируется верхняя оценка погрешности:</p> $$ \|V_k - V^\pi\|_\infty \le \frac{\gamma}{1 - \gamma} \|V_k - V_{k-1}\|_\infty < \frac{\gamma \theta}{1 - \gamma} $$ <p>Это дает строгую гарантию точности аппроксимации функции ценности текущей политики.</p>	Лекция_24	Билет_22_(ч.2)_Value/Policy_Iteration_Монте-Карло
Приведите геометрическую интерпретацию концепции Generalized Policy Iteration (GPI).	<p>В пространстве «политика — функция ценности» $(\pi, V)$ алгоритмы RL интерпретируются как взаимодействие двух встречных векторных полей:</p> <ul> <li><strong>Policy Evaluation:</strong> направляет вектор ценностей $V \to V^\pi$ при неизменной политике $\pi$.</li> <li><strong>Policy Improvement:</strong> смещает политику $\pi \to \text{greedy}(V)$ относительно фиксированного вектора ценностей $V$.</li> </ul> <p>Каждый шаг одного процесса нарушает баланс для другого, порождая зигзагообразную траекторию сходимости. Обе силовые линии взаимно уравновешиваются исключительно в единственной точке пересечения — глобальном оптимуме $(V^*, \pi^*)$.</p>	Лекция_24	Билет_22_(ч.2)_Value/Policy_Iteration_Монте-Карло
В чем математическая разница свойств несмещенности и дисперсии между First-Visit MC и Every-Visit MC?	<p><strong>First-Visit Monte Carlo:</strong> усредняет доходы $G_t$ только от первого входа в состояние $s$ в каждом эпизоде. Выборки доходов из разных эпизодов строго независимы (i.i.d.), поэтому оценка $\hat{V}(s)$ является <strong>строго несмещенной</strong> ($\mathbb{E}[\hat{V}(s)] = V^\pi(s)$) для любого конечного числа эпизодов.</p> <p><strong>Every-Visit Monte Carlo:</strong> усредняет доходы от всех посещений состояния $s$ внутри каждого эпизода. Из-за корреляции повторных визитов внутри одной траектории оценка имеет слабое начальное смещение, но является <strong>асимптотически несмещенной и состоятельной</strong>. При малом числе эпизодов Every-Visit MC часто дает меньшую среднеквадратичную ошибку (MSE) благодаря большему объему точек.</p>	Лекция_24	Билет_22_(ч.2)_Value/Policy_Iteration_Монте-Карло
В чем суть предположения Exploring Starts в Monte Carlo Control и почему на практике используют $\epsilon$-мягкие ($\epsilon$-soft) стратегии?	<p><strong>Exploring Starts (Исследующие старты):</strong> предполагает, что каждый эпизод начинается со случайно выбранной пары $(s_0, a_0)$ с ненулевой вероятностью $P(S_0=s, A_0=a) > 0$ для всех пар. Это гарантирует исследование всех действий, но неприменимо в реальных физических системах (нельзя мгновенно телепортировать робота в произвольное состояние).</p> <p><strong>$\epsilon$-soft / $\epsilon$-greedy контроль:</strong> агент действует по стохастической политике, где наилучшее действие выбирается с вероятностью $1 - \epsilon + \frac{\epsilon}{|\mathcal{A}|}$, а все остальные действия — с вероятностью $\frac{\epsilon}{|\mathcal{A}|} > 0$. Это гарантирует постоянное исследование среды из стандартного начального состояния без искусственных допущений об инициализации.</p>	Лекция_24	Билет_22_(ч.2)_Value/Policy_Iteration_Монте-Карло
Что такое «бутстрэппинг» (Bootstrapping) в RL?	<p>Бутстрэппинг — это обновление оценки ценности одного состояния на основе <em>уже существующих оценок ценности других состояний</em> ($V(s) \leftarrow r + \gamma V(s')$), а не на основе реального завершенного дохода $G_t$. Динамическое программирование и TD-методы используют бутстрэппинг, а методы Монте-Карло — нет.</p>	Лекция_24	Билет_22_(ч.2)_Value/Policy_Iteration_Монте-Карло
Почему методы Монте-Карло не могут применяться в непрерывных (бесконечных) задачах?	<p>Потому что метод Монте-Карло требует вычисления фактического суммарного дохода эпизода $G_t = \sum r_k$. В непрерывных средах без терминального состояния эпизод никогда не заканчивается, и агент не может получить числовое значение $G_t$.</p>	Лекция_24	Билет_22_(ч.2)_Value/Policy_Iteration_Монте-Карло
В чем разница между First-Visit MC и Every-Visit MC?	<p>Если в течение одного эпизода агент попал в состояние $s$ трижды ($s \to s_1 \to s \to s_2 \to s$), First-Visit MC засчитает для обновления $V(s)$ только доход $G_t$ после первого входа в $s$. Every-Visit MC посчитает среднее по всем трем доходам из каждого посещения $s$.</p>	Лекция_24	Билет_22_(ч.2)_Value/Policy_Iteration_Монте-Карло
Что такое концепция Generalized Policy Iteration (GPI)?	<p>GPI — это общая концепция взаимодействия двух процессов: Policy Evaluation (оценка ценности текущей стратегии) и Policy Improvement (жадное улучшение стратегии по вычисленной ценности). Практически все алгоритмы RL представляют собой вариации GPI с разной частотой и глубиной чередования этих двух шагов.</p>	Лекция_24	Билет_22_(ч.2)_Value/Policy_Iteration_Монте-Карло
В чем математическая разница в формулах обновления SARSA и Q-learning?	<p>В <strong>SARSA</strong> в качестве мишени используется $r_{t+1} + \gamma Q(s_{t+1}, a_{t+1})$, где $a_{t+1}$ — действие, фактически выбранное текущей стратегией агента ($\epsilon$-greedy). В <strong>Q-learning</strong> в мишени стоит $r_{t+1} + \gamma \max_{a'} Q(s_{t+1}, a')$, то есть берется максимальное возможное значение без учета случайного исследования.</p>	Лекция_25	Билет_23_TD-обучение_SARSA_Q-learning
Почему SARSA называют On-policy, а Q-learning — Off-policy?	<p>On-policy означает, что мы оцениваем и улучшаем <em>ту же самую стратегию</em>, которая управляет поведением агента при сборе данных. Off-policy означает, что мы собираем опыт по одной стратегии (исследовательской $\mu$, например $\epsilon$-greedy), но при этом вычисляем ценность и обучаем <em>другую стратегию</em> — целевую оптимальную стратегию $\pi^* = \arg\max Q$.</p>	Лекция_25	Билет_23_TD-обучение_SARSA_Q-learning
Зачем в DQN нужен буфер Experience Replay?	<p>1. <strong>Устранение автокорреляции данных:</strong> Последовательные кадры в игре почти идентичны ($s_t \approx s_{t+1}$). Сэмплирование случайных батчей из буфера делает примеры независимыми и одинаково распределенными ($i.i.d.$).<br> 2. <strong>Повторное использование опыта:</strong> Редкие и важные переходы (например, победа или смерть) проигрываются нейросетью многократно.</p>	Лекция_25	Билет_23_TD-обучение_SARSA_Q-learning
Какую проблему решает Target Network в DQN?	<p>Проблему нестабильности целевого значения (Moving Target Problem). Если считать целевой таргет по той же сети, которую мы обучаем, мишень постоянно смещается при каждом градиентном шаге. Заморозка весов $\theta^-$ стабилизирует оптимизацию, превращая ее в контролируемую задачу регрессии.</p>	Лекция_25	Билет_23_TD-обучение_SARSA_Q-learning
Что такое Overestimation Bias в Q-learning и как его лечит Double DQN?	<p>Оператор $\max_{a'} Q(s', a')$ в условиях шума и неточных оценок берет максимум по случайным флуктуациям ($\mathbb{E}[\max(X, Y)] \ge \max(\mathbb{E}[X], \mathbb{E}[Y])$), систематически завышая ценность действий. Double DQN устраняет это, используя основную сеть $\theta$ для выбора аргумента максимума $a^* = \arg\max Q(s', a'; \theta)$, а целевую сеть $\theta^-$ — для его независимой оценки $Q(s', a^*; \theta^-)$.</p>	Лекция_25	Билет_23_TD-обучение_SARSA_Q-learning
Что входит в «Смертельную триаду» (Deadly Triad) в RL?	<p>Сочетание трех элементов: 1) Функциональная аппроксимация (нейросети); 2) Бутстрэппинг (обновление через оценки следующих состояний $V(s')$); 3) Off-policy обучение. Их совместное применение может приводить к расходимости алгоритмов обучения.</p>	Лекция_25	Билет_23_TD-обучение_SARSA_Q-learning
Как TD-ошибка $\delta_t = R_{t+1} + \gamma V(S_{t+1}) - V(S_t)$ связана с преимуществом (Advantage) и почему сумма дисконтированных TD-ошибок равна ошибке Монте-Карло?	<p>1. <strong>Связь с функцией преимущества:</strong> Одношаговая TD-ошибка является несмещенной выборочной оценкой преимущества действия $A(s_t, a_t) = Q(s_t, a_t) - V(s_t)$:</p> $$ \mathbb{E}[\delta_t \mid S_t = s, A_t = a] = \mathbb{E}[R_{t+1} + \gamma V(S_{t+1}) \mid s, a] - V(s) = Q(s, a) - V(s) = A(s, a) $$ <p>2. <strong>Телескопическая сумма вдоль траектории:</strong> Суммируя дисконтированные ошибки $\delta_{t+k}$ от шага $t$ до терминального состояния $T$ (где $V(S_T) = 0$):</p> $$ \sum_{k=0}^{T-t-1} \gamma^k \delta_{t+k} = \sum_{k=0}^{T-t-1} \gamma^k \left( R_{t+k+1} + \gamma V(S_{t+k+1}) - V(S_{t+k}) \right) = \sum_{k=0}^{T-t-1} \gamma^k R_{t+k+1} - V(S_t) = G_t - V(S_t) $$ <p>Все промежуточные слагаемые ценностей $\gamma^k V(S_{t+k})$ взаимно сокращаются, доказывая, что накопленная сумма локальных TD-ошибок строго равна глобальной ошибке прогноза Монте-Карло.</p>	Лекция_25	Билет_23_TD-обучение_SARSA_Q-learning
В чем различие поведения SARSA и Q-learning на классической задаче Cliff Walking (Хождение по краю обрыва)?	<p>В задаче Cliff Walking путь по краю обрыва минимален по длине, но шаг в пропасть дает штраф $-100$ и сброс на старт.</p> <ul> <li><strong>Q-learning (Off-policy):</strong> выучивает теоретически оптимальную политику $\pi^*(s)$, проходящую строго по самому краю обрыва. Однако во время обучения агент действует с $\epsilon$-исследованием, поэтому регулярно срывается в пропасть при случайных действиях и получает низкую суммарную награду на этапе тренировки.</li> <li><strong>SARSA (On-policy):</strong> учитывает, что агент реально действует по $\epsilon$-greedy политике. Оценивая реальный риск случайного срыва, SARSA выучивает более длинный, но безопасный путь вдали от края обрыва.</li> </ul>	Лекция_25	Билет_23_TD-обучение_SARSA_Q-learning
Докажите возникновение Overestimation Bias в Q-learning через неравенство Йенсена и объясните схему Double Q-Learning.	<p>Пусть истинные ценности равны $Q^*(s, a)$, а оценки зашумлены случайной центрированной величиной $\epsilon_a$: $\hat{Q}(s, a) = Q^*(s, a) + \epsilon_a$ ($\mathbb{E}[\epsilon_a] = 0$).</p> <p>Так как операция максимума является выпуклой функцией, по неравенству Йенсена:</p> $$ \mathbb{E}\left[ \max_{a} \hat{Q}(s, a) \right] \ge \max_{a} \mathbb{E}\left[ \hat{Q}(s, a) \right] = \max_{a} Q^*(s, a) $$ <p>Оператор $\max$ отбирает положительные шумовые выбросы, систематически завышая целевое значение $y_t$.</p> <p><strong>Double Q-Learning (van Hasselt):</strong> разделяет выбор действия и его оценку между двумя независимыми моделями $Q^A$ и $Q^B$:</p> $$ a^* = \arg\max_{a} Q^A(s', a), \qquad y_t = R + \gamma Q^B(s', a^*) $$ <p>Поскольку $Q^B$ не участвовала в выборе $a^*$, ее значение является несмещенной оценкой $\mathbb{E}[Q^B(s', a^*)] = Q^*(s', a^*)$, полностью устраняя систематическое смещение.</p>	Лекция_25	Билет_23_TD-обучение_SARSA_Q-learning
Почему возникает расходимость из-за «Смертельной триады» (Deadly Triad) и как DQN обеспечивает стабильность?	<p>При совмещении <strong>функциональной аппроксимации</strong> (нейросеть $Q_\theta$), <strong>бутстрэппинга</strong> ($r + \gamma \max Q$) и <strong>обучения вне политики (Off-policy)</strong> оператор обновления представляет собой проекцию оператора Беллмана на гиперповерхность весов сети $\Pi \mathcal{T}$.</p> <p>Вне политики норма оператора $\|\Pi \mathcal{T}\|$ может превышать 1 (спектральный радиус $\rho > 1$), что превращает сжимающее отображение в расширяющее: ошибки бутстрэппинга лавинообразно накапливаются, приводя к расходимости градиентов (контрпример Tsitsiklis-Van Roy).</p> <p><strong>Меры стабилизации в DQN:</strong></p> <ul> <li><em>Target Network ($\theta^-$):</em> фиксирует параметры мишени на $C$ шагов, разрывая петлю положительной обратной связи при бутстрэппинге.</li> <li><em>Experience Replay:</em> перемешивает данные во времени, устраняя автокорреляцию между последовательными шагами среды.</li> <li><em>Huber Loss / Smooth L1:</em> предотвращает взрыв градиентов при больших TD-ошибках.</li> </ul>	Лекция_25	Билет_23_TD-обучение_SARSA_Q-learning
В чем суть трюка логарифмической производной (Log-Derivative Trick) и почему динамика среды исчезает из градиента?	<p>Трюк логарифмической производной опирается на тождество $\nabla_\theta \log f(\theta) = \frac{\nabla_\theta f(\theta)}{f(\theta)} \implies \nabla_\theta f(\theta) = f(\theta) \nabla_\theta \log f(\theta)$.</p> <p>Вероятность траектории $\tau = (s_0, a_0, s_1, a_1, \dots, s_T)$ при политике $\pi_\theta$ выражается произведением:</p> $$ P(\tau; \theta) = \mu(s_0) \prod_{t=0}^{T-1} \mathcal{P}(s_{t+1} \mid s_t, a_t) \pi_\theta(a_t \mid s_t) $$ <p>Логарифмируя обе части, получаем сумму, где члены вероятностей среды $\mathcal{P}(s_{t+1} \mid s_t, a_t)$ не зависят от параметров $\theta$. Поэтому при взятии градиента динамика среды строго зануляется:</p> $$ \nabla_\theta \log P(\tau; \theta) = \sum_{t=0}^{T-1} \nabla_\theta \log \pi_\theta(a_t \mid s_t) $$ <p>Градиент целевой функции выигрыша:</p> $$ \nabla_\theta J(\theta) = \mathbb{E}_{\tau \sim \pi_\theta} \left[ \left( \sum_{t=0}^{T-1} \nabla_\theta \log \pi_\theta(a_t \mid s_t) \right) R(\tau) \right] $$ <p>Это позволяет вычислять точный градиент политики методом Монте-Карло без знания аналитической модели физики среды (Model-Free).</p>	Лекция_26	Билет_24_Policy_Gradient_REINFORCE
Докажите, что вычитание базовой линии $b(s)$ не смещает градиент стратегии.	<p>Раскрываем матожидание градиента с вычитаемым $b(s)$:</p> $$ \sum_{a} \pi_\theta(a \mid s) \nabla_\theta \log \pi_\theta(a \mid s) b(s) = b(s) \sum_a \nabla_\theta \pi_\theta(a \mid s) = b(s) \nabla_\theta \left(\sum_a \pi_\theta(a \mid s)\right) = b(s) \nabla_\theta (1) = 0 $$ <p>Поскольку сумма вероятностей действий всегда строго равна 1, градиент константы равен 0. Смещение отсутствует!</p>	Лекция_26	Билет_24_Policy_Gradient_REINFORCE
Выведите формулу градиента $\nabla_\theta \log \pi_\theta(a \mid s)$ для одномерной гауссовской политики в непрерывных пространствах действий.	<p>Для непрерывного действия $a \in \mathbb{R}$ гауссовская политика задается плотностью вероятности нормального распределения $\mathcal{N}(\mu_\theta(s), \sigma_\theta^2(s))$:</p> $$ \log \pi_\theta(a \mid s) = -\frac{1}{2} \ln(2\pi) - \ln \sigma_\theta(s) - \frac{(a - \mu_\theta(s))^2}{2\sigma_\theta^2(s)} $$ <p>Дифференцируя по параметрам среднего $\mu_\theta$ и дисперсии $\sigma_\theta$:</p> <ul> <li><strong>Градиент по $\mu_\theta(s)$:</strong> $$ \nabla_\theta \log \pi_\theta(a \mid s) = \frac{a - \mu_\theta(s)}{\sigma_\theta^2(s)} \nabla_\theta \mu_\theta(s) $$ </li> <li><strong>Градиент по $\sigma_\theta(s)$:</strong> $$ \nabla_\theta \log \pi_\theta(a \mid s) = \left( \frac{(a - \mu_\theta(s))^2}{\sigma_\theta^3(s)} - \frac{1}{\sigma_\theta(s)} \right) \nabla_\theta \sigma_\theta(s) $$ </li> </ul> <p>Если полученный выигрыш положителен ($A > 0$), среднее $\mu(s)$ сдвигается в сторону совершенного действия $a$, а дисперсия подстраивается под отклонение $|a - \mu|$.</p>	Лекция_26	Билет_24_Policy_Gradient_REINFORCE
Как устроен целевой функционал PPO-Clip и как клиппинг формирует пессимистическую оценку границы (Pessimistic Bound)?	<p>Целевой функционал PPO-Clip имеет вид:</p> $$ L^{\text{CLIP}}(\theta) = \hat{\mathbb{E}}_t \left[ \min\left( r_t(\theta) \hat{A}_t, \; \text{clip}(r_t(\theta), \, 1-\epsilon, \, 1+\epsilon) \hat{A}_t \right) \right] $$ <p>где $r_t(\theta) = \frac{\pi_\theta(a_t \mid s_t)}{\pi_{\theta_{\text{old}}}(a_t \mid s_t)}$, $\epsilon \approx 0.2$.</p> <ul> <li><strong>При $\hat{A}_t > 0$ (действие лучше среднего):</strong> если $r_t(\theta) > 1+\epsilon$, оператор $\min$ фиксирует цель на уровне $(1+\epsilon)\hat{A}_t$, зануляя градиент. Это блокирует избыточно сильное изменение политики за один шаг.</li> <li><strong>При $\hat{A}_t < 0$ (действие хуже среднего):</strong> оператор $\min$ оставляет градиент активным при падении $r_t$, предотвращая ухудшение стратегии, но не дает градиенту расти при ошибочном росте $r_t > 1-\epsilon$.</li> </ul> <p>В результате $L^{\text{CLIP}}$ выступает пессимистической нижней оценкой эффективности, гарантируя устойчивость обучения без разрушения политики (Policy Collapse).</p>	Лекция_26	Билет_24_Policy_Gradient_REINFORCE
В чем математическая постановка метода TRPO (Trust Region Policy Optimization) и почему PPO является его практической заменой?	<p>В TRPO оптимизация формулируется с ограничением на дивергенцию Кульбака — Лейблера:</p> $$ \max_\theta \hat{\mathbb{E}}_t \left[ \frac{\pi_\theta(a_t \mid s_t)}{\pi_{\theta_{\text{old}}}(a_t \mid s_t)} \hat{A}_t \right] \quad \text{при условии} \quad \hat{\mathbb{E}}_t \left[ D_{\text{KL}}\left(\pi_{\theta_{\text{old}}}(\cdot \mid s_t) \parallel \pi_\theta(\cdot \mid s_t)\right) \right] \le \delta $$ <p>Решение этой задачи требует приближения ограничения 2-м порядком через матрицу информации Фишера (Fisher Information Matrix, FIM) $F$ и применения метода сопряженных градиентов с вычислением Hessian-Vector Products.</p> <p>Для глубоких нейросетей ($d \ge 10^6$ параметров) метод TRPO вычислительно перегружен ($O(d^2)$). Алгоритм PPO заменяет сложное квадратичное ограничение простым клиппингом отношения вероятностей, обеспечивая сопоставимую стабильность при сложности обычного градиентного спуска первого порядка ($O(d)$).</p>	Лекция_26	Билет_24_Policy_Gradient_REINFORCE
В чем преимущество Policy-Based методов над Value-Based (DQN) в непрерывных пространствах действий?	<p>В DQN для выбора действия требуется брать $\arg\max_a Q(s, a)$. Если пространство действий непрерывно ($\mathcal{A} = \mathbb{R}^n$, например угол поворота руля от $-180^\circ$ до $+180^\circ$), операция $\max_a$ требует решения сложной нелинейной оптимизационной задачи на каждом шаге. Policy-based методы выдают непрерывное действие напрямую из распределения $\mathcal{N}(\mu, \sigma^2)$ за 1 прямой проход сети.</p>	Лекция_26	Билет_24_Policy_Gradient_REINFORCE
В чем ограничение метода кросс-энтропии (CEM)?	<p>CEM сэмплирует параметры $\theta$ из многомерного распределения. С ростом числа параметров (например, нейросеть с 1M весов) объем пространства поиска растет экспоненциально (проклятие размерности). Найти удачные параметры случайным поиском становится математически невозможно, поэтому для глубоких сетей применяют градиентные методы.</p>	Лекция_26	Билет_24_Policy_Gradient_REINFORCE
Почему в формуле Policy Gradient награды учитываются по правилу причинности (Reward-to-go)?	<p>По закону причинности совершенное в момент времени $t$ действие $a_t$ не может оказывать физического влияния на награды, полученные в прошлом ($t' < t$).</p> <p>Замена полного дохода траектории $G_0$ на доход от текущего момента (Reward-to-go):</p> $$ G_t = \sum_{k=0}^{T-t-1} \gamma^k R_{t+k+1} $$ <p>удаляет шум некоррелированных прошлых наград $\sum_{k=0}^{t-1} R_{k+1}$, строго сохраняя несмещенность математического ожидания градиента и многократно снижая дисперсию стохастических оценок.</p>	Лекция_26	Билет_24_Policy_Gradient_REINFORCE
Зачем к функции потерь Policy Gradient добавляют энтропийную регуляризацию $\mathcal{H}(\pi(\cdot \mid s))$?	<p>Энтропия $\mathcal{H}(\pi(\cdot \mid s)) = -\sum_a \pi(a \mid s) \log \pi(a \mid s)$ количественно описывает степень случайности выбора действий агента.</p> <p>Добавление бонуса за энтропию в оптимизируемый функционал $L(\theta) = L_{\text{PG}}(\theta) + \beta \hat{\mathbb{E}}[\mathcal{H}(\pi_\theta)]$ предотвращает преждевременный коллапс стратегии в квазидетерминированное распределение на ранних этапах, заставляя агента продолжать исследование пространства действий.</p>	Лекция_26	Билет_24_Policy_Gradient_REINFORCE
В чем математическая идея Importance Sampling в алгоритмах Policy Gradient вне политики (Off-policy)?	<p>Если траектории собираются исследовательской стратегией $\beta(a \mid s)$, а оптимизируется целевая политика $\pi_\theta(a \mid s)$, то математическое ожидание корректируется взвешиванием важности (Importance Sampling):</p> $$ \mathbb{E}_{a \sim \pi_\theta} [f(a)] = \mathbb{E}_{a \sim \beta} \left[ \frac{\pi_\theta(a \mid s)}{\beta(a \mid s)} f(a) \right] $$ <p>Коэффициент важности $\rho_t = \frac{\pi_\theta(a_t \mid s_t)}{\beta(a_t \mid s_t)}$ компенсирует разницу в плотностях вероятностей действий, позволяя переиспользовать прошлые данные без искажения направления градиента.</p>	Лекция_26	Билет_24_Policy_Gradient_REINFORCE
В чем концептуальная разница ролей Актёра и Критика и как устроена их совместная архитектура?	<p>Архитектура Actor-Critic разделяет обучение агента на две взаимодействующие компоненты:</p> <ul> <li><strong>Актёр (Actor):</strong> параметризует политику $\pi_\theta(a \mid s)$ (вероятностное распределение или детерминированное действие) и отвечает за генерацию действий в среде.</li> <li><strong>Критик (Critic):</strong> параметризует функцию ценности $V_\phi(s)$ или $Q_\phi(s, a)$ и оценивает качество выбранного действия через одношаговую TD-ошибку $\delta_t = R_{t+1} + \gamma V_\phi(S_{t+1}) - V_\phi(S_t)$.</li> </ul> <p>Критик вычисляет скаляр преимущества (Advantage), который масштабирует градиент логарифма правдоподобия Актёра. Критик обучается методом наименьших квадратов минимизировать TD-ошибку, а Актёр поднимается по градиенту функции выигрыша.</p>	Лекция_27	Билет_25_Value-based_vs_Policy-based_Actor-Critic
Запишите формулы одношагового градиентного обновления 1-step TD Actor-Critic для Актёра и Критика и объясните принцип двух масштабов времени (Two-timescale rule).	<p>Пусть в момент времени $t$ совершен переход $(S_t, A_t, R_{t+1}, S_{t+1})$.</p> <ol> <li><strong>TD-ошибка Критика:</strong> $$ \delta_t^V = R_{t+1} + \gamma V_\phi(S_{t+1}) - V_\phi(S_t) $$ </li> <li><strong>Шаг обновления параметров Критика ($\phi$):</strong> $$ \phi \leftarrow \phi + \alpha_c \, \delta_t^V \nabla_\phi V_\phi(S_t) $$ </li> <li><strong>Шаг обновления параметров Актёра ($\theta$):</strong> $$ \theta \leftarrow \theta + \alpha_a \, \delta_t^V \nabla_\theta \log \pi_\theta(A_t \mid S_t) $$ </li> </ol> <p><strong>Правило двух масштабов времени ($\alpha_c > \alpha_a$):</strong> Для гарантированной сходимости темп обучения Критика $\alpha_c$ должен быть выше темпа обучения Актёра $\alpha_a$. Критик должен быстро адаптироваться и обеспечивать квазистационарную точную оценку $V^{\pi_\theta}$ для текущей политики, пока медленный шаг Актёра плавно улучшает параметры стратегии.</p>	Лекция_27	Билет_25_Value-based_vs_Policy-based_Actor-Critic
Выведите формулу Generalized Advantage Estimation (GAE) и проанализируйте предельные случаи $\lambda = 0$ и $\lambda = 1$.	<p>Определим $k$-шаговую оценку функции преимущества:</p> $$ \hat{A}_t^{(k)} = \sum_{j=0}^{k-1} \gamma^j R_{t+j+1} + \gamma^k V(S_{t+k}) - V(S_t) = \sum_{j=0}^{k-1} \gamma^j \delta_{t+j}^V $$ <p>Оценка GAE($\gamma, \lambda$) определяется как экспоненциально взвешенное среднее оценок разной длины:</p> $$ \hat{A}_t^{\text{GAE}(\gamma, \lambda)} = (1 - \lambda) \sum_{k=1}^{\infty} \lambda^{k-1} \hat{A}_t^{(k)} = \sum_{l=0}^{\infty} (\gamma \lambda)^l \delta_{t+l}^V $$ <p>где $\delta_{t+l}^V = R_{t+l+1} + \gamma V(S_{t+l+1}) - V(S_{t+l})$.</p> <ul> <li><strong>При $\lambda = 0$ (TD(0)):</strong> $\hat{A}_t^{\text{GAE}(\gamma, 0)} = \delta_t^V$. Минимальная дисперсия, но сильное смещение от неточности нейросети Критика.</li> <li><strong>При $\lambda = 1$ (Монте-Карло):</strong> $\hat{A}_t^{\text{GAE}(\gamma, 1)} = \sum_{l=0}^\infty \gamma^l \delta_{t+l}^V = G_t - V(S_t)$. Строго несмещенная оценка, но максимальная дисперсия.</li> </ul>	Лекция_27	Билет_25_Value-based_vs_Policy-based_Actor-Critic
Как математически формулируется задача Maximum Entropy Reinforcement Learning в алгоритме SAC (Soft Actor-Critic)?	<p>В парадигме Maximum Entropy RL агент максимизирует сумму наград и энтропию своего поведения в каждом посещенном состоянии:</p> $$ J(\pi) = \sum_{t=0}^{\infty} \mathbb{E}_{(s_t, a_t) \sim \rho_\pi} \left[ R(s_t, a_t) + \alpha \mathcal{H}\left(\pi(\cdot \mid s_t)\right) \right] $$ <p>где $\mathcal{H}(\pi(\cdot \mid s_t)) = \mathbb{E}_{a \sim \pi}[-\log \pi(a \mid s_t)]$, а $\alpha > 0$ — температура энтропии.</p> <p><strong>Мягкое уравнение Беллмана (Soft Bellman Equation):</strong></p> $$ Q^*(s, a) = R(s, a) + \gamma \, \mathbb{E}_{s' \sim \mathcal{P}} \left[ V^*(s') \right] $$ $$ V^*(s) = \mathbb{E}_{a \sim \pi^*} \left[ Q^*(s, a) - \alpha \log \pi^*(a \mid s) \right] = \alpha \log \int \exp\left( \frac{Q^*(s, a)}{\alpha} \right) da $$ <p>Оптимальная политика представляет собой распределение Больцмана: $\pi^*(a \mid s) \propto \exp\left(\frac{Q^*(s, a)}{\alpha}\right)$.</p>	Лекция_27	Билет_25_Value-based_vs_Policy-based_Actor-Critic
В чем суть репараметризационного трюка для непрерывных действий в SAC и как корректируется логарифм вероятности при отображении через $\tanh$?	<p>Для сквозного дифференцирования функции ценности $Q_\phi(s, a)$ по весам Актёра $\theta$ случайность выносится в независимый шум:</p> $$ u = \mu_\theta(s) + \sigma_\theta(s) \odot \epsilon, \qquad \epsilon \sim \mathcal{N}(0, I) $$ <p>Для ограничения диапазона непрерывного действия интервалом $[-1, 1]$ применяется сжатие $a = \tanh(u)$.</p> <p><strong>Формула замены переменных для плотности вероятности:</strong></p> $$ \log \pi(a \mid s) = \log \mu(u \mid s) - \sum_{i=1}^D \log\left| \frac{\partial \tanh(u_i)}{\partial u_i} \right| = \log \mu(u \mid s) - \sum_{i=1}^D \log\left( 1 - \tanh^2(u_i) + 10^{-6} \right) $$ <p>где $\mu(u \mid s)$ — плотность гауссовского вектора. Это дает точный аналитический расчет энтропии сжатого действия.</p>	Лекция_27	Билет_25_Value-based_vs_Policy-based_Actor-Critic
Зачем в SAC применяется техника Clipped Double Q-trick и как вычисляется целевое значение $y_t$?	<p>В SAC поддерживаются два независимых Критика $Q_{\phi_1}$ и $Q_{\phi_2}$ с целевыми сетями $\bar{\phi}_1, \bar{\phi}_2$. Целевое значение Беллмана вычисляется по минимуму из двух оценок (Clipped Double Q-trick):</p> $$ y_t = R(s_t, a_t) + \gamma \left( \min_{j=1,2} Q_{\bar{\phi}_j}(s_{t+1}, \tilde{a}_{t+1}) - \alpha \log \pi_\theta(\tilde{a}_{t+1} \mid s_{t+1}) \right) $$ <p>где $\tilde{a}_{t+1} \sim \pi_\theta(\cdot \mid s_{t+1})$.</p> <p>Выбор минимума $\min(Q_1, Q_2)$ формирует пессимистическую оценку полезности перехода, исключая накопление Overestimation Bias в $Q$-сетях и стабилизируя обучение непрерывного Актёра.</p>	Лекция_27	Билет_25_Value-based_vs_Policy-based_Actor-Critic
Зачем в лосс Актёра добавляют энтропийный член $-\beta \mathcal{H}(\pi)$?	<p>Энтропия $\mathcal{H}(\pi)$ максимальна для равномерного случайного распределения и равна 0 для детерминированного выбора. Максимизация энтропии предотвращает преждевременный коллапс стратегии в субоптимальный детерминизм (преждевременную сходимость) и стимулирует агента постоянно исследовать (Exploration) альтернативные действия.</p>	Лекция_27	Билет_25_Value-based_vs_Policy-based_Actor-Critic
Как DDPG решает проблему непрерывного пространства действий?	<p>DDPG использует <strong>детерминированную нейросеть Актёра $\mu_\theta(s)$</strong>, которая выдает непрерывный вектор действий напрямую. Для обновления весов Актёра градиент дифференцируется по цепочке прямо через нейросеть Q-Критика: $\nabla_\theta J = \nabla_a Q(s, a) \cdot \nabla_\theta \mu(s)$.</p>	Лекция_27	Билет_25_Value-based_vs_Policy-based_Actor-Critic
В чем различие между алгоритмами A2C и A3C (Asynchronous Advantage Actor-Critic)?	<p><strong>A3C (Mnih et al., 2016):</strong> несколько параллельных процессов независимо взаимодействуют со средой на CPU и асинхронно обновляют глобальные веса модели без блокировок. Не требует буфера опыта, но страдает от проблемы устаревших градиентов (Stale Gradients).</p> <p><strong>A2C (Advantage Actor-Critic — синхронный):</strong> воркеры выполняют шаги синхронно. Батчи переходов объединяются в единый тензор и обрабатываются централизованно на GPU. A2C эффективнее использует параллелизм современных видеокарт и обеспечивает лучшую стабильность сходимости.</p>	Лекция_27	Билет_25_Value-based_vs_Policy-based_Actor-Critic
Как в алгоритме SAC работает автоматическая подстройка температуры энтропии $\alpha$?	<p>Температура $\alpha$ оптимизируется автоматически через метод множителей Лагранжа с ограничением на целевую минимальную энтропию $\mathcal{H}_{\text{target}} = -\dim(\mathcal{A})$:</p> $$ J(\alpha) = \mathbb{E}_{a_t \sim \pi_t} \left[ -\alpha \left( \log \pi_\theta(a_t \mid s_t) + \mathcal{H}_{\text{target}} \right) \right] $$ <p>Если текущая энтропия падает ниже пороговой, лосс увеличивает $\alpha$, стимулируя исследование. Если энтропия выше целевой, $\alpha$ снижается в пользу эксплуатации выученных навыков.</p>	Лекция_27	Билет_25_Value-based_vs_Policy-based_Actor-Critic
