Task Statement & Title	Step-by-Step Solution	Lecture	Exam Ticket
<b>Задача 1. Train/val/test split</b><br><p>Выборка 5000 примеров. Нужно разбить на train/val/test в пропорции 60%/20%/20%. Сколько примеров в каждой части?</p>	<p>Train: $5000 \times 0.6 = 3000$ примеров.</p> <p>Val: $5000 \times 0.2 = 1000$ примеров.</p> <p>Test: $5000 \times 0.2 = 1000$ примеров.</p> <p>Проверка: $3000 + 1000 + 1000 = 5000$ ✓.</p>	Лекция_00	Разгон_(Основы_ML)
<b>Задача 2. Эпохи, батчи, итерации</b><br><p>Обучающая выборка 8000 примеров, batch size 32, планируем 50 эпох. Сколько итераций всего? Сколько итераций в одной эпохе?</p>	<p><strong>Итерации в одной эпохе:</strong> $8000 / 32 = 250$ итераций.</p> <p><strong>Всего итераций за 50 эпох:</strong> $250 \times 50 = 12\,500$ итераций.</p>	Лекция_00	Разгон_(Основы_ML)
<b>Задача 3. Confusion matrix и метрики</b><br><p>На тесте 100 примеров: 50 позитивов, 50 негативов. Модель предсказала: TP = 40, FP = 5, FN = 10, TN = 45. Найди accuracy, precision, recall, F1.</p>	<p>$\text{Accuracy} = \dfrac{40 + 45}{100} = \dfrac{85}{100} = 0.85 = 85\%$</p> <p>$\text{Precision} = \dfrac{40}{40 + 5} = \dfrac{40}{45} \approx 0.889 = 88.9\%$</p> <p>$\text{Recall} = \dfrac{40}{40 + 10} = \dfrac{40}{50} = 0.8 = 80\%$</p> <p>$\text{F1} = 2 \cdot \dfrac{0.889 \times 0.8}{0.889 + 0.8} = 2 \cdot \dfrac{0.711}{1.689} \approx 0.842 = 84.2\%$</p>	Лекция_00	Разгон_(Основы_ML)
<b>Задача 4. Дисбалансированные классы</b><br><p>900 примеров класса 0, 100 класса 1. Модель выучилась: всегда предсказывает 0. Какая accuracy? Какой recall для класса 1? Что это означает?</p>	<p>TP = 0, FP = 0, FN = 100, TN = 900.</p> <p>$\text{Accuracy} = \dfrac{0 + 900}{1000} = 90\%$ ← выглядит хорошо!</p> <p>$\text{Recall}_{\text{class 1}} = \dfrac{0}{0 + 100} = 0\%$ ← но это плохо!</p> <p><strong>Смысл:</strong> accuracy врёт при дисбалансе. Модель просто игнорирует меньший класс. Надо смотреть на Recall/Precision/F1.</p>	Лекция_00	Разгон_(Основы_ML)
<b>Задача 5. MSE vs MAE</b><br><p>Данные: $y = [1, 2, 3, 4, 100]$ (последний выброс). Предсказания одна: $\hat{y} = [2, 2, 3, 4, 50]$. Считай MSE и MAE.</p>	<p><strong>Ошибки:</strong> $e = [-1, 0, 0, 0, 50]$.</p> <p>$\text{MSE} = \dfrac{1 + 0 + 0 + 0 + 2500}{5} = \dfrac{2501}{5} = 500.2$ ← квадрат 50 доминирует!</p> <p>$\text{MAE} = \dfrac{1 + 0 + 0 + 0 + 50}{5} = \dfrac{51}{5} = 10.2$ ← более адекватно.</p> <p><strong>Вывод:</strong> MSE чувствительна к выбросам (квадрат), MAE робастнее.</p>	Лекция_00	Разгон_(Основы_ML)
<b>Задача 6. Learning rate</b><br><p>Миним Loss функции в точке $\theta = 5$. Стартуем $\theta_0 = 0$. Градиент $\nabla L = 2(\theta - 5)$. Начальный градиент $\nabla L(0) = -10$. Какой шаг сделаем с $\eta = 0.1$? С $\eta = 1$?</p>	<p>$\eta = 0.1$: $\theta_1 = 0 - 0.1 \cdot (-10) = 1$ (мягкий шаг).</p> <p>$\eta = 1$: $\theta_1 = 0 - 1 \cdot (-10) = 10$ (большой шаг, перепрыгнули минимум!).</p> <p><strong>Проверка:</strong> при $\eta = 1$ мы оказались дальше, чем ошибка — признак слишком большого learning rate.</p>	Лекция_00	Разгон_(Основы_ML)
<b>Задача 1. Число параметров</b><br><p>MLP: вход 100 признаков, три скрытых слоя по 50 нейронов, выход на 5 классов. Сколько обучаемых параметров?</p>	<p>$100\cdot50+50 = 5\,050$<br>$50\cdot50+50 = 2\,550$ (дважды: $5\,100$)<br>$50\cdot5+5 = 255$</p> <p>Итого: $5\,050 + 2\,550 + 2\,550 + 255 = \mathbf{10\,405}$.</p>	Лекция_01	Билет_1_Полносвязные_сети_Активации_Backprop
<b>Задача 2. Проверка размерностей</b><br><p>Батч $X$ размера $(32, 64)$ подаётся в слой <code>nn.Linear(64, 16)</code>. Какого размера $W$, $b$ и выход?</p>	<p>В PyTorch <code>Linear(in, out)</code> хранит <code>weight</code> размера $(\text{out}, \text{in}) = (16, 64)$ и <code>bias</code> размера $(16,)$. Вычисляется $Y = XW^\top + b$: $(32,64)\times(64,16) = (32,16)$.</p> <p><strong>Выход: $(32, 16)$.</strong> Размер батча никогда не меняется полносвязным слоем.</p>	Лекция_01	Билет_1_Полносвязные_сети_Активации_Backprop
<b>Задача 3. Один шаг backprop</b><br><p>Один нейрон, sigmoid, $w = 1$, $b = 0$, вход $x = 2$, цель $y = 0$, loss = MSE $= \frac12(a-y)^2$, $\eta = 1$. Найдите новое $w$.</p>	<p><strong>Forward:</strong> $z = 2$, $a = \sigma(2) \approx 0.8808$, $L = \frac12(0.8808)^2 \approx 0.3879$.</p> <p><strong>Backward:</strong> $\dfrac{\partial L}{\partial a} = a - y = 0.8808$; $\ \sigma'(z) = a(1-a) = 0.8808\cdot0.1192 \approx 0.1050$.</p> <p>$\delta = 0.8808 \cdot 0.1050 \approx 0.0925$; $\ \dfrac{\partial L}{\partial w} = \delta\cdot x = 0.0925\cdot 2 = 0.1850$.</p> <p><strong>Обновление:</strong> $w \leftarrow 1 - 1\cdot 0.1850 = \mathbf{0.815}$.</p> <p><em>Смысл:</em> предсказали 0.88, надо было 0 — вес уменьшился. ✓ Заодно видно проблему: $\sigma'$ уже всего 0.105, шаг маленький — сигмоида начинает насыщаться.</p>	Лекция_01	Билет_1_Полносвязные_сети_Активации_Backprop
<b>Задача 4. Затухание градиента численно</b><br><p>Сеть из 20 слоёв с sigmoid, все $z^{(l)} = 0$ (наилучший случай для градиента). Во сколько раз $\delta^{(1)}$ меньше $\delta^{(20)}$, если веса $\approx 1$?</p>	<p>При $z=0$ производная максимальна: $\sigma'(0) = 0.25$. На каждом шаге назад градиент домножается на 0.25.</p> <p>За 19 шагов: $0.25^{19} = 4^{-19} = 2^{-38} \approx 3.6\cdot10^{-12}$.</p> <p>Градиент упал <strong>примерно в $2.8\cdot10^{11}$ раз</strong>. Для float32 (точность ~$10^{-7}$) это уже машинный ноль. Вывод: глубокая сеть на сигмоидах не обучается в принципе — отсюда переход на ReLU и skip-connections.</p>	Лекция_01	Билет_1_Полносвязные_сети_Активации_Backprop
<b>Задача 5. Выбор выходного слоя</b><br><p>Какую активацию и loss выбрать: (а) предсказание температуры завтра; (б) диагноз из 5 болезней, ровно одна; (в) теги статьи, их может быть несколько из 20?</p>	<p><strong>(а)</strong> 1 нейрон, <em>без активации</em>, MSE (или MAE, если в данных есть выбросы). Ставить sigmoid нельзя — обрежется область значений.</p> <p><strong>(б)</strong> 5 нейронов, <em>softmax</em>, categorical cross-entropy. Классы взаимоисключающие, сумма вероятностей = 1.</p> <p><strong>(в)</strong> 20 нейронов, <em>sigmoid покомпонентно</em> (не softmax!), сумма 20 бинарных cross-entropy. Метки независимы, сумма вероятностей не обязана быть 1.</p>	Лекция_01	Билет_1_Полносвязные_сети_Активации_Backprop
<b>Задача 6. Найдите ошибку в коде</b><br><pre><code>model = nn.Sequential(nn.Linear(10, 32), nn.ReLU(), nn.Linear(32, 3), nn.Softmax(dim=1)) loss_fn = nn.CrossEntropyLoss() for x, y in loader: loss = loss_fn(model(x), y) loss.backward() opt.step()</code></pre>	<p><strong>Две ошибки.</strong></p> <p><strong>1) Двойной softmax.</strong> <code>nn.CrossEntropyLoss</code> внутри применяет <code>log_softmax</code> и ожидает <em>сырые логиты</em>. Здесь softmax применяется дважды — распределение «сглаживается», градиенты становятся крошечными, обучение почти останавливается. Убрать <code>nn.Softmax</code> из модели.</p> <p><strong>2) Нет <code>opt.zero_grad()</code>.</strong> PyTorch накапливает градиенты, поэтому на шаге $k$ будет использована сумма градиентов всех предыдущих батчей. Обучение разойдётся.</p> <p>Исправленный цикл: <code>opt.zero_grad(); loss.backward(); opt.step()</code>.</p>	Лекция_01	Билет_1_Полносвязные_сети_Активации_Backprop
<b>Задача 1. Forward mode вручную</b><br><p>Функция $f(x) = x^2 + e^x$. Вычисли $f(0)$ и $f'(0)$ в forward mode, используя дуальные числа.</p>	<p>Инициализируем: $(x, \dot{x}) = (0, 1)$.</p> <p>$x^2$: $(0, 1) \times (0, 1) = (0, 0 \cdot 1 + 0 \cdot 1) = (0, 0)$.</p> <p>$e^x$: $\exp(0, 1) = (e^0, e^0 \cdot 1) = (1, 1)$.</p> <p>$x^2 + e^x$: $(0, 0) + (1, 1) = (1, 1)$.</p> <p><strong>Результат:</strong> $f(0) = 1$, $f'(0) = 1$. Проверка: $f'(x) = 2x + e^x$, при $x=0$: $f'(0) = 0 + 1 = 1$ ✓</p>	Лекция_02	Билет_2_Автодифференцирование_PINN
<b>Задача 2. Reverse mode вручную</b><br><p>Граф: $z = x + y$, $L = z^2$ с $x = 1, y = 2$. Выполни backward pass, найди $\frac{\partial L}{\partial x}$ и $\frac{\partial L}{\partial y}$.</p>	<p><strong>Forward:</strong> $z = 1 + 2 = 3$, $L = 9$.</p> <p><strong>Backward:</strong> $\bar{L} = 1$ (по определению).</p> <p>$\bar{z} = \frac{\partial L}{\partial z} = 2z = 6$.</p> <p>$\bar{x} = \bar{z} \cdot \frac{\partial z}{\partial x} = 6 \cdot 1 = 6$.</p> <p>$\bar{y} = \bar{z} \cdot \frac{\partial z}{\partial y} = 6 \cdot 1 = 6$.</p> <p><strong>Проверка:</strong> $\frac{\partial L}{\partial x} = \frac{\partial (x+y)^2}{\partial x} = 2(x+y) = 6$ ✓</p>	Лекция_02	Билет_2_Автодифференцирование_PINN
<b>Задача 3. Вторые производные в PyTorch</b><br><p>Функция $y = x^3$ с $x = 2$. Найди $y'$ и $y''$ используя torch.autograd.grad с create_graph=True.</p>	<pre><code>import torch x = torch.tensor(2.0, requires_grad=True) y = x**3 # Первая производная y_prime = torch.autograd.grad(y, x, create_graph=True)[0] print(f"y' = {y_prime.item()}") # 3*2^2 = 12 # Вторая производная y_double_prime = torch.autograd.grad(y_prime, x)[0] print(f"y'' = {y_double_prime.item()}") # 6*2 = 12 </code></pre> <p><strong>Ожидаемо:</strong> $y' = 12$, $y'' = 12$.</p>	Лекция_02	Билет_2_Автодифференцирование_PINN
<b>Задача 4. Стоимость modes для нейросети</b><br><p>Нейросеть: 1000 входов, 1 млн параметров, 1 выход (loss). Во сколько раз reverse mode дешевле forward mode?</p>	<p><strong>Forward mode:</strong> нужно 1000 проходов (один на каждый вход).</p> <p><strong>Reverse mode:</strong> нужно 1 проход (один на выход = loss).</p> <p><strong>Ratio:</strong> $\frac{1000}{1} = 1000$ раз дешевле.</p> <p>На самом деле, дешевле ещё больше, потому что нужны градиенты по параметрам (1 млн), а не по входам.</p>	Лекция_02	Билет_2_Автодифференцирование_PINN
<b>Задача 5. Активация для PINN</b><br><p>Почему ReLU не подходит для PINN, где нужна $\frac{\partial^2 u}{\partial x^2}$? Что лучше использовать?</p>	<p><strong>ReLU:</strong> $\text{ReLU}(z) = \max(0, z)$, первая производная = 0 или 1, вторая производная = 0 везде (кроме $z=0$).</p> <p>Если $u_\theta$ построена из ReLU, то $\frac{\partial^2 u}{\partial x^2} \equiv 0$, и PDE $\mathcal{L}(u) = u'' + u = 0$ вырождается в $u = 0$, что неправильно.</p> <p><strong>Решение:</strong> использовать tanh, sin/cos (Fourier features), softplus — всё, что имеет гладкие, ненулевые производные высоких порядков.</p>	Лекция_02	Билет_2_Автодифференцирование_PINN
<b>Задача 6. Loss PINN с тремя слагаемыми</b><br><p>PDE: $u_t + u \cdot u_x = 0$ на $[0,1] \times [0,1]$ (x,t). BC: $u(0,t) = 0, u(1,t) = 0$. IC: $u(x,0) = \sin(\pi x)$. Запиши loss для PINN.</p>	<p>$$L = \frac{1}{N_f}\sum_i [u_t(x_i,t_i) + u(x_i,t_i) \cdot u_x(x_i,t_i)]^2 + \lambda_b \left[\frac{1}{N_b}\sum_i (u(0,t_i))^2 + (u(1,t_i))^2\right]$$</p> <p>$$+ \lambda_0 \frac{1}{N_0}\sum_i [u(x_i,0) - \sin(\pi x_i)]^2$$</p> <p>Здесь $(x_i, t_i)$ — коллокационные точки, производные $u_t, u_x$ вычисляются через autodiff.</p>	Лекция_02	Билет_2_Автодифференцирование_PINN
<b>Задача 1. MSE vs MAE на выбросе</b><br><p>Данные: $y = [10, 11, 12, 13, 14, 100]$. Предсказания: $\hat{y} = [10.5, 11.5, 12.5, 13.5, 14.5, 99.5]$. Считай MSE и MAE.</p>	<p><strong>Ошибки:</strong> $e = [-0.5, -0.5, -0.5, -0.5, -0.5, 0.5]$.</p> <p>$\text{MSE} = \frac{0.25 + 0.25 + 0.25 + 0.25 + 0.25 + 0.25}{6} = \frac{1.5}{6} = 0.25$.</p> <p>$\text{MAE} = \frac{0.5 + 0.5 + 0.5 + 0.5 + 0.5 + 0.5}{6} = \frac{3}{6} = 0.5$.</p> <p><strong>Вывод:</strong> выброса нет! Модель хорошо предсказывает везде. MSE и MAE одинаковые.</p>	Лекция_03	Билет_3_Loss-функции_MLE_MAP_/_L2
<b>Задача 2. Binary cross-entropy</b><br><p>Истина $y = 1$, предсказания $\hat{y} = [0.9, 0.5, 0.1]$. Считай BCE для каждого.</p>	<p>$\text{BCE} = -[y\log\hat{y} + (1-y)\log(1-\hat{y})] = -\log\hat{y}$ (так как $y=1$).</p> <p>$\hat{y} = 0.9$: $\text{BCE} = -\log 0.9 \approx 0.105$.</p> <p>$\hat{y} = 0.5$: $\text{BCE} = -\log 0.5 \approx 0.693$.</p> <p>$\hat{y} = 0.1$: $\text{BCE} = -\log 0.1 \approx 2.303$.</p> <p><strong>Вывод:</strong> уверенный правильный ответ (0.9) — маленький штраф. Неуверенный — большой штраф. Уверенный неправильный (0.1) — огромный штраф.</p>	Лекция_03	Билет_3_Loss-функции_MLE_MAP_/_L2
<b>Задача 3. Categorical CE</b><br><p>3 класса. Истина: класс 1 (one-hot = [0,1,0]). Предсказания: $\hat{y} = [0.1, 0.8, 0.1]$. Считай CE.</p>	<p>$\text{CE} = -\sum_k y_k \log\hat{y}_k = -(0 \cdot \log 0.1 + 1 \cdot \log 0.8 + 0 \cdot \log 0.1) = -\log 0.8 \approx 0.223$.</p> <p>Только правильный класс (класс 1) вносит в loss! Остальные не важны.</p>	Лекция_03	Билет_3_Loss-функции_MLE_MAP_/_L2
<b>Задача 4. ММП: гауссов шум</b><br><p>Предположим $y_i = \theta x_i + \varepsilon_i$, $\varepsilon_i \sim N(0, 1)$. Выборка: $(x_1, y_1) = (1, 2), (x_2, y_2) = (2, 4)$. Запиши loss функцию NLL.</p>	<p>$p(y_i | x_i, \theta) = \frac{1}{\sqrt{2\pi}} \exp(-(y_i - \theta x_i)^2 / 2)$.</p> <p>$\text{NLL} = -\sum_i \log p(y_i | x_i, \theta) = -\sum_i [-\frac{1}{2}\log(2\pi) - \frac{(y_i - \theta x_i)^2}{2}]$</p> <p>$= \sum_i [\frac{1}{2}\log(2\pi) + \frac{(y_i - \theta x_i)^2}{2}]$</p> <p>$= \text{const} + \frac{1}{2}[(2 - \theta)^2 + (4 - 2\theta)^2]$ (константу можно опустить)</p> <p>$= \frac{1}{2}[4 - 4\theta + \theta^2 + 16 - 16\theta + 4\theta^2] = \frac{1}{2}[5\theta^2 - 20\theta + 20]$.</p> <p>Это MSE loss по определению!</p>	Лекция_03	Билет_3_Loss-функции_MLE_MAP_/_L2
<b>Задача 5. Регуляризация и апостериор</b><br><p>Напиши логарифм апостериора $\log p(\theta|D)$ с гауссовым априором и покажи, что это = NLL + λ||θ||².</p>	<p>$\log p(\theta|D) = \log p(D|\theta) + \log p(\theta) - \log p(D)$.</p> <p>Игнорируем $-\log p(D)$ (не зависит от θ). Пусть $p(\theta) = N(0, \tau^2)$, тогда:</p> <p>$\log p(\theta) = -\frac{\theta^2}{2\tau^2} + \text{const}$.</p> <p>$\log p(\theta|D) \propto \log p(D|\theta) - \frac{\theta^2}{2\tau^2} = -\text{NLL} - \frac{\|θ\|^2}{2\tau^2}$.</p> <p>Минимизируем MAP = максимизируем $\log p(\theta|D)$ = минимизируем NLL + λ||θ||² где $\lambda = \frac{1}{2\tau^2}$.</p>	Лекция_03	Билет_3_Loss-функции_MLE_MAP_/_L2
<b>Задача 6. Gradient CE vs MSE</b><br><p>Sigmoid выход, $y = 1, \hat{y} = 0.01$ (уверенная ошибка). Сравни $\frac{\partial L_{\text{CE}}}{\partial z}$ и $\frac{\partial L_{\text{MSE}}}{\partial z}$.</p>	<p>$\sigma(z) = 0.01$, $\sigma'(z) = 0.01 \cdot 0.99 = 0.0099$.</p> <p>$\frac{\partial L_{\text{CE}}}{\partial z} = \sigma(z) - y = 0.01 - 1 = -0.99$ (хороший градиент!).</p> <p>$\frac{\partial L_{\text{MSE}}}{\partial z} = 2(\sigma(z) - y) \sigma'(z) = 2 \cdot (-0.99) \cdot 0.0099 \approx -0.0196$ (крошечный!).</p> <p><strong>Вывод:</strong> CE даёт градиент 0.99, MSE даёт 0.0196 — почти в 50 раз меньше. CE намного лучше.</p>	Лекция_03	Билет_3_Loss-функции_MLE_MAP_/_L2
<b>Задача 1. Размер выхода свёртки</b><br><p>Вход 64×64, Conv 5×5, padding=2, stride=1. Какой размер выхода?</p>	<p>Формула: $H_{\text{out}} = \lfloor (64 + 2 \cdot 2 - 5) / 1 \rfloor + 1 = \lfloor (64 + 4 - 5) \rfloor + 1 = \lfloor 63 \rfloor + 1 = 64$.</p> <p><strong>Выход: 64×64.</strong> Это same padding (выход той же размерности).</p>	Лекция_04	Билет_4_Слои_свёрточных_сетей
<b>Задача 2. Размер выхода с stride > 1</b><br><p>Вход 128×128, Conv 3×3, padding=1, stride=2. Размер выхода?</p>	<p>$H_{\text{out}} = \lfloor (128 + 2 - 3) / 2 \rfloor + 1 = \lfloor 127/2 \rfloor + 1 = \lfloor 63.5 \rfloor + 1 = 63 + 1 = 64$.</p> <p><strong>Выход: 64×64.</strong> Stride=2 сокращает размер примерно вдвое (не ровно, из-за padding и ceiling).</p>	Лекция_04	Билет_4_Слои_свёрточных_сетей
<b>Задача 3. Параметры свёрточного слоя</b><br><p>Conv 3×3, 128 входных каналов, 256 выходных фильтров. Сколько параметров?</p>	<p>$k^2 \cdot C_{\text{in}} \cdot C_{\text{out}} + C_{\text{out}} = 3^2 \times 128 \times 256 + 256 = 9 \times 32\,768 + 256 = 294\,912 + 256 = 295\,168$.</p> <p><strong>295,168 параметров.</strong> Не зависит от размеров входной карты!</p>	Лекция_04	Билет_4_Слои_свёрточных_сетей
<b>Задача 4. Рецептивное поле</b><br><p>Три слоя Conv 3×3, stride=1 везде, padding='same'. Какое рецептивное поле на выходе третьего слоя?</p>	<p>$RF_0 = 1$ (каждый пиксель входа).</p> <p>$RF_1 = 1 + (3-1) \times 1 = 1 + 2 = 3$.</p> <p>$RF_2 = 3 + (3-1) \times 1 = 3 + 2 = 5$.</p> <p>$RF_3 = 5 + (3-1) \times 1 = 5 + 2 = 7$.</p> <p><strong>Рецептивное поле 7×7.</strong> Три слоя 3×3 дают RF как одна свёртка 7×7, но параметров 18 vs 49 и нелинейностей три вместо одной.</p>	Лекция_04	Билет_4_Слои_свёрточных_сетей
<b>Задача 5. Dilated свёртка</b><br><p>Conv 3×3 с dilation=2. Какой эффективный размер ядра?</p>	<p>$k_{\text{eff}} = k + (k-1)(d-1) = 3 + (3-1)(2-1) = 3 + 2 = 5$.</p> <p><strong>Эффективный размер 5×5.</strong> Но параметров всё ещё 9 (как обычная 3×3). Рецептивное поле растёт, разрешение не теряется. Идеально для сегментации.</p>	Лекция_04	Билет_4_Слои_свёрточных_сетей
<b>Задача 6. Число параметров полной CNN</b><br><p>Conv 3×3, 32 фильтра, 64→128 выходные каналы, padding=1. Сколько параметров? (Не считай FC и GlobalAveragePooling)</p>	<p>$3 \times 3 \times 64 \times 128 + 128 = 9 \times 8\,192 + 128 = 73\,728 + 128 = 73\,856$ параметров для Conv.</p> <p>Если после BatchNorm: $\gamma, \beta$ по 128 параметров каждый → ещё 256 параметров в BN.</p> <p><strong>Всего с BN: 73,856 + 256 = 74,112 параметров.</strong> Всё ещё не зависит от пространственных размеров входа.</p>	Лекция_04	Билет_4_Слои_свёрточных_сетей
<b>Задача 7. Depthwise separable vs обычная</b><br><p>Conv 3×3, 64 входных канала, 128 выходных. Параметры обычной vs depthwise separable?</p>	<p><strong>Обычная:</strong> $3 \times 3 \times 64 \times 128 + 128 = 9 \times 8\,192 + 128 = 73\,856$ параметров.</p> <p><strong>Depthwise separable:</strong> depthwise $3 \times 3 \times 64 + 64 = 576 + 64 = 640$; pointwise $64 \times 128 + 128 = 8\,192 + 128 = 8\,320$.</p> <p>Всего depthwise separable: $640 + 8\,320 = 8\,960$ параметров.</p> <p><strong>Сокращение: 73,856 / 8,960 ≈ 8.2 раза!</strong> Используется в MobileNet для мобильных устройств.</p>	Лекция_04	Билет_4_Слои_свёрточных_сетей
<b>Задача 1. Сколько параметров в ResNet блоке?</b><br><p>Basic residual блок: Conv 3×3 (C_in→C_out) → BN → ReLU → Conv 3×3 (C_out→C_out) → BN → (+skip) → ReLU. Если C_in=64, C_out=128, сколько параметров?</p>	<p>Первая Conv: $3^2 \times 64 \times 128 + 128 = 9 \times 8\,192 + 128 = 73\,856$</p> <p>Вторая Conv: $3^2 \times 128 \times 128 + 128 = 9 \times 16\,384 + 128 = 147\,584$</p> <p>BN1: $2 \times 128 = 256$ (γ и β)</p> <p>BN2: $2 \times 128 = 256$ (γ и β)</p> <p>Skip-connection при C_in ≠ C_out нужна дополнительная Conv 1×1: $64 \times 128 + 128 = 8\,320$</p> <p>Итого: $73\,856 + 147\,584 + 256 + 256 + 8\,320 = 230\,272$ параметров.</p>	Лекция_05	Билет_5_Архитектуры_CNN_Transfer_Learning
<b>Задача 2. Трансфер-обучение: сценарий</b><br><p>У тебя 800 картинок кошек и собак. Есть предобученный ResNet-50 на ImageNet. Какую стратегию выбрать: (а) feature extraction, (б) fine-tuning, (в) обучение с нуля?</p>	<p><strong>Ответ: Feature extraction.</strong></p> <p>Критерии: мало данных (800 < 1000), задача похожа на ImageNet (классификация животных). Feature extraction оптимален: заморозим все Conv слои ResNet-50, обучим только новый FC слой (~ 1024 → 2) на 800 картинок. Это не переобучится.</p> <p>Fine-tuning риск: 800 картинок на 25M параметров → переобучение, даже с малым LR.</p> <p>Обучение с нуля: неразумно, выигрыш трансфера теряется.</p>	Лекция_05	Билет_5_Архитектуры_CNN_Transfer_Learning
<b>Задача 3. Inception-блок параметры</b><br><p>Inception-блок с входом 64×64×256. Четыре пути: Conv 1×1→64, Conv 1×1→96→Conv 3×3→128, Conv 1×1→16→Conv 5×5→32, MaxPool→Conv 1×1→32. Сколько параметров всего?</p>	<p>Путь 1 (Conv 1×1→64): $1 \times 1 \times 256 \times 64 + 64 = 16\,384 + 64 = 16\,448$</p> <p>Путь 2 (1×1 сжатие): $1 \times 1 \times 256 \times 96 + 96 = 24\,576 + 96 = 24\,672$</p> <p>Путь 2 (Conv 3×3): $3^2 \times 96 \times 128 + 128 = 9 \times 12\,288 + 128 = 110\,592 + 128 = 110\,720$</p> <p>Путь 3 (1×1 сжатие): $1 \times 1 \times 256 \times 16 + 16 = 4\,096 + 16 = 4\,112$</p> <p>Путь 3 (Conv 5×5): $5^2 \times 16 \times 32 + 32 = 25 \times 512 + 32 = 12\,800 + 32 = 12\,832$</p> <p>Путь 4 (Conv 1×1): $1 \times 1 \times 256 \times 32 + 32 = 8\,192 + 32 = 8\,224$</p> <p>Всего: $16\,448 + 24\,672 + 110\,720 + 4\,112 + 12\,832 + 8\,224 = 177\,008$ параметров.</p>	Лекция_05	Билет_5_Архитектуры_CNN_Transfer_Learning
<b>Задача 4. Vision Transformer vs CNN размеры</b><br><p>ViT-Base: 86M параметров, ResNet-152: 60M параметров. На ImageNet ViT лучше (88.6% vs 87.7%). Почему ViT тяжелее и зачем?</p>	<p>ViT более «прямолинейна» в обработке информации: self-attention может брать любой патч с любым другим напрямую (нет пространственной иерархии как в CNN). Это требует больше параметров в слоях Attention и Feedforward. Плюс ViT обучена с дополнительным предобучением на ImageNet-21k (14M картинок), что даёт преимущество. На ImageNet-1k alone ResNet обычно лучше. Вывод: ViT мощнее на большом датасете, но тяжелее и требует больше памяти.</p>	Лекция_05	Билет_5_Архитектуры_CNN_Transfer_Learning
<b>Задача 5. Mean/std нормализация</b><br><p>Используешь ResNet-50 для своего датасета собак. Картинки хранятся как uint8 [0, 255]. Нужно ли нормировать? Если да, какие mean/std?</p>	<p><strong>Да, критично!</strong> ResNet-50 предобучена на ImageNet с нормализацией по mean=0.485, 0.456, 0.406 и std=0.229, 0.224, 0.225 (для каналов RGB). Без этого точность упадёт.</p> <p>Правильный код:</p> <pre><code>transforms.ToTensor() # [0,255] → [0,1] transforms.Normalize( mean=[0.485, 0.456, 0.406], std=[0.229, 0.224, 0.225] )</code></pre> <p>Это применит $(x - mean) / std$ к каждому каналу.</p>	Лекция_05	Билет_5_Архитектуры_CNN_Transfer_Learning
<b>Задача 6. Fine-tuning learning rates</b><br><p>Дообучаешь ResNet-50 на новом датасете. Какие LR для backbone и FC слоя?</p>	<p><strong>Дифференцированные learning rates:</strong></p> <p>FC слой (новый): $lr_{FC} = 1 \times 10^{-2}$ (обычный LR для обучения)</p> <p>Backbone (предобученный): $lr_{backbone} = lr_{FC} / 100 = 1 \times 10^{-4}$ (в 100 раз меньше)</p> <p>Причина: backbone уже хорош, нужно малые шаги, чтобы не испортить. FC слой новый, быстро адаптируется. Если использовать один LR для всего, либо backbone переучится и потеряет предобученные признаки, либо FC учится медленно.</p> <p>Опционально: постепенная разморозка — сначала обучить FC слой с backbone frozen, потом разморозить последний блок и дообучить с меньшим LR.</p>	Лекция_05	Билет_5_Архитектуры_CNN_Transfer_Learning
<b>Задача 1. Mini-batch: число итераций</b><br><p>Датасет 60 000 примеров, batch size 64. Сколько итераций в одной эпохе? Сколько градиентных шагов за 10 эпох?</p>	<p>Число итераций в эпохе: $\lceil 60\,000 / 64 \rceil = 938$ (937 полных батчей по 64 примера плюс 1 неполный батч из 32 примеров).</p> <p>За 10 эпох: $938 \times 10 = 9\,380$ итераций (градиентных шагов) (или $937 \times 10 = 9\,370$, если включён <code>drop_last=True</code>).</p>	Лекция_06	Билет_6_Оптимизаторы_SGD_Momentum_Adam_Матричные_производные
<b>Задача 2. Momentum руками</b><br><p>Параметр $\theta = 1$, градиент $g_1 = 0.5$, $g_2 = 0.3$, $g_3 = 0.2$. Momentum с $\beta = 0.9$, learning rate $\eta = 0.1$. Найти $\theta$ после 3 шагов. Инициализация: $v_0 = 0$.</p>	<p><strong>Шаг 1:</strong> $v_1 = 0.9 \times 0 + 0.5 = 0.5$; $\theta_1 = 1 - 0.1 \times 0.5 = 0.95$.</p> <p><strong>Шаг 2:</strong> $v_2 = 0.9 \times 0.5 + 0.3 = 0.45 + 0.3 = 0.75$; $\theta_2 = 0.95 - 0.1 \times 0.75 = 0.875$.</p> <p><strong>Шаг 3:</strong> $v_3 = 0.9 \times 0.75 + 0.2 = 0.675 + 0.2 = 0.875$; $\theta_3 = 0.875 - 0.1 \times 0.875 = 0.7875$.</p> <p><strong>Итог: $\theta_3 = 0.7875$.</strong></p> <p><em>Смысл:</em> инерция усредняет градиенты. Без неё был бы $\theta = 1 - 0.1(0.5+0.3+0.2) = 0.8$, с ней чуть больше из-за накопления.</p>	Лекция_06	Билет_6_Оптимизаторы_SGD_Momentum_Adam_Матричные_производные
<b>Задача 3. Adam с bias correction</b><br><p>Параметр скаляр, градиент $g = 1$. Adam: $\beta_1 = 0.9$, $\beta_2 = 0.999$, $\eta = 0.001$, $\epsilon = 10^{-8}$. Найти обновление на $t=1$ (первый шаг).</p>	<p><strong>Инициализация:</strong> $m_0 = 0$, $v_0 = 0$.</p> <p><strong>Шаг 1 ($t=1$, $g=1$):</strong></p> <p>$m_1 = 0.9 \times 0 + (1-0.9) \times 1 = 0.1$</p> <p>$v_1 = 0.999 \times 0 + (1-0.999) \times 1^2 = 0.001$</p> <p><strong>Коррекция смещения:</strong></p> <p>$\hat m_1 = 0.1 / (1 - 0.9^1) = 0.1 / 0.1 = 1$ ✓</p> <p>$\hat v_1 = 0.001 / (1 - 0.999^1) = 0.001 / 0.001 = 1$ ✓</p> <p><strong>Шаг:</strong> $\Delta \theta = \eta \times \hat m_1 / (\sqrt{\hat v_1} + \epsilon) = 0.001 \times 1 / (1 + 10^{-8}) \approx 0.001$</p> <p><strong>Новое значение:</strong> $\theta \leftarrow \theta - 0.001$.</p> <p><em>Смысл:</em> без коррекции смещения было бы $\Delta = 0.0001$ (в 10 раз меньше!). Коррекция восстанавливает нормальный масштаб.</p>	Лекция_06	Билет_6_Оптимизаторы_SGD_Momentum_Adam_Матричные_производные
<b>Задача 4. Производная матричной нормы</b><br><p>$L = \|Xw - y\|^2 / 2$ где $X \in \mathbb{R}^{100 \times 50}$, $w \in \mathbb{R}^{50}$, $y \in \mathbb{R}^{100}$. Найти $\partial L / \partial w$.</p>	<p>Используем таблицу (строка про $\|Ax-b\|^2$):</p> <p>$$\frac{\partial L}{\partial w} = \frac{\partial}{\partial w} \frac{1}{2}\|Xw - y\|^2 = X^\top (Xw - y)$$</p> <p><strong>Проверка размерности:</strong> $X^\top$ размер $(50 \times 100)$, $(Xw-y)$ размер $(100)$, произведение $(50)$ = размер $w$ ✓</p> <p><strong>Раскроем:</strong> $X^\top X w - X^\top y$ (это линейная функция от $w$)</p> <p>Если приравнять нулю: $w^* = (X^\top X)^{-1} X^\top y$ — нормальное уравнение.</p>	Лекция_06	Билет_6_Оптимизаторы_SGD_Momentum_Adam_Матричные_производные
<b>Задача 5. Производная по матрице</b><br><p>$L = y^\top A x$ где $A \in \mathbb{R}^{3 \times 2}$, $x \in \mathbb{R}^{2}$, $y \in \mathbb{R}^{3}$. Найти $\partial L / \partial A$.</p>	<p>Это форма $x^\top A y$ по $A$ из таблицы.</p> <p>$$\frac{\partial L}{\partial A} = \frac{\partial}{\partial A} y^\top A x = y x^\top$$</p> <p><strong>Размер:</strong> $y$ размер $(3 \times 1)$, $x^\top$ размер $(1 \times 2)$, произведение $(3 \times 2)$ = размер $A$ ✓</p> <p><strong>Альтернативный вывод:</strong> $L = \sum_{i,j} y_i A_{ij} x_j$. Производная по $A_{ij}$: $\partial L / \partial A_{ij} = y_i x_j$. Это и есть матрица $y x^\top$.</p>	Лекция_06	Билет_6_Оптимизаторы_SGD_Momentum_Adam_Матричные_производные
<b>Задача 6. Trace-trick</b><br><p>$L = \text{tr}(A^\top W)$ где $W \in \mathbb{R}^{4 \times 3}$, $A$ не зависит от $W$. Найти $\partial L / \partial W$.</p>	<p>Используем таблицу (строка про $\text{tr}(A^\top B)$ по $B$, но с переименованием):</p> <p>$$\frac{\partial}{\partial W} \text{tr}(A^\top W) = A$$</p> <p><strong>Размер:</strong> $A$ размер $(4 \times 3)$ = размер $W$ ✓</p> <p><strong>Физический смысл:</strong> trace-trick позволяет «развернуть» матричное умножение в скаляр, и производная получается просто как одна из матриц.</p>	Лекция_06	Билет_6_Оптимизаторы_SGD_Momentum_Adam_Матричные_производные
<b>Задача 7. Численный пример: linear scaling rule</b><br><p>Обучаем модель с batch size 32 и learning rate 0.01 — loss падает хорошо. Захотели увеличить batch size в 4 раза (до 128). Как изменить learning rate согласно linear scaling rule? Объясни, почему это имеет смысл.</p>	<p><strong>Новый LR:</strong> $0.01 \times 4 = 0.04$.</p> <p><strong>Почему?</strong> При большом батче градиент усреднён по большему числу примеров, дисперсия падает в $k$ раз. Если оставить LR прежним, шаги станут маленькими. Масштабируя LR пропорционально, мы компенсируем снижение шума, сохраняя ожидаемый размер шага. Результат: примерно одинаковая скорость обучения при разных размерах батча.</p> <p><strong>Предостережение:</strong> linear scaling rule работает хорошо для небольших масштабирований; при очень больших батчах может потребоваться более аккуратный подход.</p>	Лекция_06	Билет_6_Оптимизаторы_SGD_Momentum_Adam_Матричные_производные
<b>Задача 1. Диагностика по кривым</b><br><p>На эпохе 100: train loss = 0.1, val loss = 2.5. Что это означает? Что делать?</p>	<p><strong>Диагноз:</strong> переобучение (overfitting). Train loss низкий (модель хорошо запомнила), val loss высокий (на новых данных плохо).</p> <p><strong>Что делать:</strong></p> <ul> <li>Аугментация данных (бесплатное расширение train)</li> <li>Регуляризация: L2 (weight decay), dropout</li> <li>Меньше параметров (меньше модель)</li> <li>Early stopping (остановиться при росте val loss)</li> <li>Больше данных (если возможно)</li> </ul>	Лекция_07	Билет_7_Аугментация_Тюнинг_гиперпараметров
<b>Задача 2. Grid vs Random на двух параметрах</b><br><p>Есть 9 проб бюджета. Параметры: learning rate (важность ⭐⭐⭐⭐⭐) и dropout rate (⭐⭐). Grid: 3×3 сетка. Random: 9 случайных точек. Какой выбрать и почему?</p>	<p><strong>Выбор: Random search.</strong></p> <p><strong>Причина:</strong> Learning rate гораздо важнее dropout. Grid покроет LR тремя значениями, Random — девятью (во всём диапазоне). Random лучше исследует важный параметр. Хотя dropout покрыт хуже (3 vs 3), это приемлемо, потому что он менее важен. При неравной важности Random лучше.</p>	Лекция_07	Билет_7_Аугментация_Тюнинг_гиперпараметров
<b>Задача 3. Sanity check: начальный loss</b><br><p>Классификация 10 классов. Модель перед обучением выдаёт loss = 1.0. Правильно ли это? Дефолт Softmax + Cross-entropy.</p>	<p><strong>Неправильно.</strong> Для 10 классов и unifom вероятностей (дефолт в начале) loss должен быть $-\log(1/10) = \log 10 \approx 2.3$, а не 1.0.</p> <p><strong>Диагноз:</strong> возможно, веса инициализированы не случайно, а смещены. Или есть ошибка в loss-функции. Нужно проверить код инициализации и cross-entropy.</p>	Лекция_07	Билет_7_Аугментация_Тюнинг_гиперпараметров
<b>Задача 4. Linear Scaling Rule</b><br><p>Модель обучается с batch size 64, learning rate 0.01, accuracy падает хорошо. Решили увеличить batch size до 256. Какой новый learning rate по linear scaling rule?</p>	<p><strong>Новый LR:</strong> $0.01 \times (256/64) = 0.01 \times 4 = 0.04$.</p> <p><strong>Объяснение:</strong> батч в 4 раза больше → дисперсия градиента падает в 4 раза → шаги становятся меньше (мы видим меньший шум). Масштабируем LR на 4, чтобы сохранить ожидаемый размер шага.</p>	Лекция_07	Билет_7_Аугментация_Тюнинг_гиперпараметров
<b>Задача 5. Байесовская оптимизация vs Random</b><br><p>Параметр: learning rate в диапазоне $[10^{-5}, 10^{-1}]$. Бюджет: 100 проб. Какой метод (Random search или Bayesian Optimization) и почему?</p>	<p><strong>Выбор: Bayesian Optimization.</strong></p> <p><strong>Причина:</strong> одна проба дорогая (часы обучения), параметр один. BO сможет найти оптимум за ~50 проб (половину бюджета), Random тратит все 100. При дорогих пробах BO выигрывает.</p> <p><strong>Если бюджет был бы 10 проб (очень маленький):</strong> Random часто лучше (меньше overhead на построение суррогата).</p>	Лекция_07	Билет_7_Аугментация_Тюнинг_гиперпараметров
<b>Задача 6. Mixup численно</b><br><p>Два примера: кошка с меткой 1, собака с меткой 0. Mixup с λ = 0.7. Какая метка новой примера?</p>	<p><strong>Новая метка:</strong> $y' = 0.7 \times 1 + 0.3 \times 0 = 0.7$.</p> <p><strong>Интерпретация:</strong> новый пример — это 70% кошка и 30% собака. Модель учится на примере с "мягкой" меткой 0.7, а не hard one-hot. Это как label smoothing: помогает регуляризации и калибровке.</p>	Лекция_07	Билет_7_Аугментация_Тюнинг_гиперпараметров
<b>Задача 1. Вывод связи L2 и косинуса</b><br><p>Пусть $a, b$ — нормализованные эмбеддинги ($\|a\|_2 = \|b\|_2 = 1$). Выведите в две строки связь между $\|a-b\|_2^2$ и $\cos(a, b)$.</p>	<p>$\|a-b\|_2^2 = a^\top a + b^\top b - 2a^\top b = 1 + 1 - 2a^\top b = 2 - 2a^\top b$</p> <p>$= 2(1 - a^\top b) = 2(1 - \cos(a,b))$</p> <p><strong>Результат:</strong> $\|a-b\|_2^2 = 2(1 - \cos(a,b))$. Евклидово расстояние на нормализованной сфере пропорционально $(1 - \cos)$ с множителем 2.</p>	Лекция_08	Билет_8_Метрические_методы_Сиамские_сети
<b>Задача 2. Triplet loss численно</b><br><p>Расстояния: $d(a,p) = 0.15$, $d(a,n) = 0.85$, margin $m = 0.3$. Посчитайте triplet loss и определите, какого типа эта тройка.</p>	<p>$L = \max(0, d(a,p) - d(a,n) + m) = \max(0, 0.15 - 0.85 + 0.3) = \max(0, -0.4) = 0$</p> <p>Loss = 0. Тройка типа <strong>easy triplet</strong> — невативы уже далеко от якоря, условие $d(a,n) \geq d(a,p) + m$ выполнено с запасом. Эта тройка не даёт градиента и не полезна для обучения.</p>	Лекция_08	Билет_8_Метрические_методы_Сиамские_сети
<b>Задача 3. Определение типа тройки</b><br><p>$d(a,p) = 0.4$, $d(a,n) = 0.65$, $m = 0.3$. Какого типа тройка?</p>	<p>Проверяем условие semi-hard: $d(a,p) < d(a,n) < d(a,p) + m$?</p> <p>$0.4 < 0.65$ ✓, но $0.65 < 0.4 + 0.3 = 0.7$ ✓</p> <p>Да, тройка <strong>semi-hard</strong> — негатив в целевой зоне. Информативна и стабильна для обучения. Это то, что нужно на обучение FaceNet.</p>	Лекция_08	Билет_8_Метрические_методы_Сиамские_сети
<b>Задача 4. Contrastive loss для парой</b><br><p>Две парные: (1) позитивная, $d = 0.2$, margin $m = 0.5$; (2) негативная, $d = 0.3$. Посчитайте оба loss'а.</p>	<p>(1) Позитивная: $L_+ = y \cdot d^2 = 1 \cdot (0.2)^2 = 0.04$</p> <p>(2) Негативная: $L_- = (1-y) \cdot \max(0, m-d)^2 = 1 \cdot \max(0, 0.5-0.3)^2 = (0.2)^2 = 0.04$</p> <p><strong>Оба loss'а равны 0.04.</strong> Интересно: позитивная далеко (хорошо бы ближе), негативная ближе к margin'у чем может быть. Обе пары информативны.</p>	Лекция_08	Билет_8_Метрические_методы_Сиамские_сети
<b>Задача 5. L2-нормализация эмбеддингов</b><br><p>Эмбеддинг $z = [3, 4]$. Нормализуйте на единичную сферу и посчитайте его норму.</p>	<p>$\|z\|_2 = \sqrt{3^2 + 4^2} = \sqrt{25} = 5$</p> <p>Нормализованный: $z_{norm} = \frac{1}{5}[3, 4] = [0.6, 0.8]$</p> <p>Проверка: $\|z_{norm}\|_2 = \sqrt{0.6^2 + 0.8^2} = \sqrt{0.36 + 0.64} = 1$ ✓</p>	Лекция_08	Билет_8_Метрические_методы_Сиамские_сети
<b>Задача 6. Косинус через L2 нормализованные вектора</b><br><p>Два нормализованных вектора $a, b$ такие, что $\|a-b\|_2 = 0.6$. Найдите $\cos(a,b)$.</p>	<p>Из формулы: $\|a-b\|_2^2 = 2(1 - \cos(a,b))$</p> <p>$(0.6)^2 = 2(1 - \cos(a,b))$</p> <p>$0.36 = 2(1 - \cos(a,b))$</p> <p>$1 - \cos(a,b) = 0.18$</p> <p>$\cos(a,b) = 0.82$</p>	Лекция_08	Билет_8_Метрические_методы_Сиамские_сети
<b>Задача 1. Расчёт NT-Xent loss вручную</b><br><p>Батч из 2 пар. Представления (нормализованные): $z_1 = [1, 0]$, $z_2 = [0, 1]$, $z_3 = [-1, 0]$, $z_4 = [0, -1]$ (где $z_1, z_2$ — версии 1-го примера; $z_3, z_4$ — версии 2-го). Температура $\tau = 1$. Найти loss.</p>	<p>Матрица косинусного сходства (уже нормализованы, так что $S = Z \cdot Z^\top$):</p> <p>$$S = \begin{pmatrix} 1 & 0 & -1 & 0 \\ 0 & 1 & 0 & -1 \\ -1 & 0 & 1 & 0 \\ 0 & -1 & 0 & 1 \end{pmatrix}$$</p> <p>Позитивные пары: (1,2), (2,1), (3,4), (4,3).</p> <p>Для первого объекта ($z_1$ с позитивом $z_2$):</p> <p>$$\ell_{1,2} = -\ln \frac{\exp(s(z_1, z_2)/\tau)}{\sum_{k \neq 1} \exp(s(z_1, z_k)/\tau)} = -\ln \frac{\exp(0)}{\exp(0) + \exp(-1) + \exp(0)} = -\ln \frac{1}{2 + e^{-1}} = \ln(2 + e^{-1})$$</p> <p>Поскольку $e^{-1} \approx 0.3679$, получаем $2 + e^{-1} \approx 2.3679$, вероятность $p = 1 / 2.367879 \approx 0.4223$, и $\text{loss} = \ln(2.367879) \approx 0.862$.</p> <p>По симметрии все четыре примера дают один и тот же loss.</p> <p><strong>Итого: $\text{Loss} = \ln(2 + e^{-1}) \approx 0.862$.</strong></p>	Лекция_09	Билет_9_Контрастивное_обучение_SSL_InfoNCE
<b>Задача 2. Размер очереди в MoCo</b><br><p>В MoCo очередь хранит $N = 65\,536$ представлений. Батч размера $B = 256$ добавляется на каждом шаге. За сколько шагов очередь полностью обновится?</p>	<p>На каждом шаге 256 старых представлений выбрасываются (из конца FIFO) и добавляются 256 новых. Полное обновление = когда каждое исходное представление из очереди выбросили.</p> <p>Время жизни представления в очереди: $N / B = 65\,536 / 256 = 256$ шагов.</p> <p>За 256 шагов очередь полностью обновится, и ни одно старое представление не останется.</p> <p>Параметр $m$ для EMA momentum-энкодера обычно $m = 0.999$. За 256 шагов $0.999^{256} \approx 0.77$ — старая копия энкодера всё ещё имеет влияние ~77% (остаток от новой копии).</p>	Лекция_09	Билет_9_Контрастивное_обучение_SSL_InfoNCE
<b>Задача 3. Коллапс: верный батч или вычисления?</b><br><p>Энкодер выдал представления: $z_1 = [1.0, 0.0]$, $z_2 = [1.0, 0.001]$, $z_3 = [1.0, -0.001]$, $z_4 = [1.0, 0.0005]$. Это коллапс?</p>	<p>Составим матрицу $Z$ (каждая строка — пример):</p> <p>$$Z = \begin{pmatrix} 1.0 & 0.0 \\ 1.0 & 0.001 \\ 1.0 & -0.001 \\ 1.0 & 0.0005 \end{pmatrix}$$</p> <p>Вычислим ранг через сингулярные числа. Матрица $Z$ близка к $\begin{pmatrix} 1 \\ 1 \\ 1 \\ 1 \end{pmatrix}$ (первый столбец одинаковый). Второй столбец почти ноль. Определитель минора $2\times2$ = $1 \cdot 0.001 - 1 \cdot 0.001 \approx 0$. Ранг близок к 1.</p> <p><strong>Да, это коллапс.</strong> Почти все представления повторяют одно направление $[1, 0]$ с малыми вариациями. Это бесполезно для классификации.</p>	Лекция_09	Билет_9_Контрастивное_обучение_SSL_InfoNCE
<b>Задача 4. Аугментации в SimCLR: критичность color jitter</b><br><p>Сеть обучается без color jitter, только crop и flip. Какую вариацию изображения сеть может игнорировать?</p>	<p>Без color jitter две аугментации одной картинки имеют почти идентичную цветовую гистограмму (меняются только обрезка и отражение). Сеть может выучить представление, основанное только на цветовой гистограмме: вычислить средний RGB, standard deviation RGB и т.д.</p> <p>Такое представление инвариантно к пространственным преобразованиям (crop, flip), но не отражает семантику объектов. Поэтому без color jitter точность linear probing падает значительно (например, с 76% до 65% на ImageNet).</p> <p>Интуиция: color jitter вынуждает сеть игнорировать цвет и фокусироваться на форме, текстурах и объектах — то есть семантике.</p>	Лекция_09	Билет_9_Контрастивное_обучение_SSL_InfoNCE
<b>Задача 5. Temperature τ и стабильность обучения</b><br><p>При каком τ обучение может быть нестабильным (граничные случаи)?</p>	<p><strong>При $\tau \to 0$ (слишком маленькая):</strong></p> <p>Логиты $s(z_i, z_j) / \tau$ становятся очень большими (положительными для позитивов, отрицательными для негативов). При численной реализации это приводит к переполнению exp() или потере точности. Градиенты становятся очень большими и нестабильными. Пример: $s = 0.1$, $\tau = 0.001$ даёт $s/\tau = 100$, что близко к пределам float32.</p> <p><strong>При $\tau \to \infty$ (слишком большая):</strong></p> <p>Логиты сглаживаются. Вероятности всех примеров почти одинаковые ($\approx 1/N$). Градиент по весам становится малым, обучение замедляется. Loss приблизительно $-\log(1/N) = \log N$, что не даёт информации.</p> <p><strong>Оптимум:</strong> $\tau \approx 0.07$ балансирует: достаточно большая, чтобы не переполняться; достаточно маленькая, чтобы различать позитивы от негативов.</p>	Лекция_09	Билет_9_Контрастивное_обучение_SSL_InfoNCE
<b>Задача 6. Linear probing: что показывает accuracy</b><br><p>Linear probing на ImageNet даёт 77% accuracy. Что это означает для качества выученного представления?</p>	<p>77% — довольно высокий результат (supervised ResNet-50 тоже ~76%). Это означает:</p> <ol> <li><strong>Представления линейно разделимы:</strong> энкодер выучил признаки, которые хорошо коррелируют с классами ImageNet даже без доступа к градиентам энкодера.</li> <li><strong>Энкодер захватил семантику:</strong> признаки отражают объекты (собаки, кошки, автомобили), не только текстуры или цвета.</li> <li><strong>Универсальность представлений:</strong> эти же представления часто работают и на других задачах (Transfer Learning), хотя и может быть чуть хуже.</li> </ol> <p>Если бы получилось 50% (случайный уровень), то представления коллапсировали или выучили бесполезные признаки. 77% — это сильный сигнал.</p>	Лекция_09	Билет_9_Контрастивное_обучение_SSL_InfoNCE
<b>Задача 1. Посчитай KL вручную для конкретных параметров</b><br><p>Дано: энкодер выучил μ = [1, 0, -2], log σ² = [0, 1, -1] (размерность D=3). Приор p(z) = N(0, I).</p> <p>Посчитай KL(q(z|x) || p(z)).</p>	<p>Используем формулу: KL = -½ ∑_d (1 + log σ_d² - μ_d² - σ_d²)</p> <p>Для каждого компонента:</p> <ul> <li>d=1: μ₁=1, log σ₁²=0 → σ₁²=exp(0)=1. KL₁ = -½(1 + 0 - 1 - 1) = -½(-1) = 0.5</li> <li>d=2: μ₂=0, log σ₂²=1 → σ₂²=exp(1)≈2.718. KL₂ = -½(1 + 1 - 0 - 2.718) = -½(-0.718) ≈ 0.359</li> <li>d=3: μ₃=-2, log σ₃²=-1 → σ₃²=exp(-1)≈0.368. KL₃ = -½(1 + (-1) - 4 - 0.368) = -½(-4.368) ≈ 2.184</li> </ul> <p>KL_total ≈ 0.5 + 0.359 + 2.184 = 3.043</p> <p>Интерпретация: третий компонент даёт большой вклад в KL, потому что μ₃ далеко от 0 (|μ₃|² = 4), и σ₃ слишком маленькая (дисперсия близка к 0). Модель должна расширить сигму в третьем направлении.</p>	Лекция_10	Билет_10_Автоэнкодеры_VAE_ELBO_CVAE
<b>Задача 2. Что случится, если убрать KL-слагаемое?</b><br><p>Рассмотри Loss = только Recon, без KL.</p> <p>Объясни: (a) что выучит энкодер? (b) останется ли сеть генеративной?</p>	<p><strong>(a) Что выучит энкодер:</strong></p> <p>Энкодер будет минимизировать только ошибку реконструкции. Он выучит μ (x) и σ(x) так, чтобы максимально точно восстановить x. Нет регуляризации, поэтому σ может сжимаясь к 0 (точечная оценка), μ может прыгать произвольно.</p> <p>Результат: это будет обычный автоэнкодер (AE), а не VAE.</p> <p><strong>(b) Останется ли генеративной:</strong></p> <p>Нет. Латентное пространство станет дырявым (как в обычном AE). Энкодер будет кодировать каждый training example x в отдельный остров, между ними пустота. Сэмплирование z ~ N(0,I) даст мусор, потому что декодер не учился на таких z-ах.</p> <p>Вывод: KL-слагаемое критично для генеративности. Без него нет регуляризации латента, и модель становится обычным AE.</p>	Лекция_10	Билет_10_Автоэнкодеры_VAE_ELBO_CVAE
<b>Задача 3. Считай размерности в VAE</b><br><p>Архитектура: вход x ∈ R^784 (28x28 картинка), скрытые слои [784→256→128], латент z ∈ R^64, декодер [64→128→256→784].</p> <p>Сколько всего обучаемых параметров?</p>	<p><strong>Энкодер:</strong></p> <ul> <li>FC 784→256: 784×256 + 256 = 200 704 + 256 = 200 960</li> <li>FC 256→128: 256×128 + 128 = 32 768 + 128 = 32 896</li> </ul> <p><strong>Параметры μ и log σ²:</strong></p> <ul> <li>FC 128→64 (μ): 128×64 + 64 = 8 192 + 64 = 8 256</li> <li>FC 128→64 (logvar): 128×64 + 64 = 8 192 + 64 = 8 256</li> </ul> <p><strong>Декодер:</strong></p> <ul> <li>FC 64→128: 64×128 + 128 = 8 192 + 128 = 8 320</li> <li>FC 128→256: 128×256 + 256 = 32 768 + 256 = 33 024</li> <li>FC 256→784: 256×784 + 784 = 200 704 + 784 = 201 488</li> </ul> <p><strong>Итого:</strong> 200 960 + 32 896 + 8 256 + 8 256 + 8 320 + 33 024 + 201 488 = <strong>493 200 параметров</strong></p>	Лекция_10	Билет_10_Автоэнкодеры_VAE_ELBO_CVAE
<b>Задача 4. Репараметризационный трюк в коде</b><br><p>Напиши функцию reparameterize, которая реализует z = μ + σ⊙ε.</p>	<pre><code><span class="kw">def</span> reparameterize(mu, logvar): <span class="cmt"># mu: [B, latent_dim], logvar: [B, latent_dim]</span> <span class="cmt"># σ² = exp(logvar), поэтому σ = √(exp(logvar)) = exp(0.5 * logvar)</span> std = torch.exp(<span class="num2">0.5</span> * logvar) <span class="cmt"># [B, latent_dim]</span> <span class="cmt"># ε ~ N(0, I) независимо от параметров</span> eps = torch.randn_like(std) <span class="cmt"># [B, latent_dim]</span> <span class="cmt"># z = μ + σ⊙ε</span> z = mu + std * eps <span class="cmt"># [B, latent_dim]</span> <span class="kw">return</span> z </code></pre> <p>Ключевые моменты:</p> <ul> <li>std = exp(0.5 * logvar), а не sqrt(exp(logvar)), потому что exp(0.5 * log(x)) = x^0.5 = sqrt(x).</li> <li>eps — это стандартный гаусс, сэмплируется один раз независимо.</li> <li>умножение поэлементное (в PyTorch это просто *).</li> </ul>	Лекция_10	Билет_10_Автоэнкодеры_VAE_ELBO_CVAE
<b>Задача 5. Loss функция VAE в коде</b><br><p>Напиши функцию loss_vae(x, x_recon, mu, logvar), которая считает Loss = Recon + KL.</p>	<pre><code><span class="kw">def</span> loss_vae(x, x_recon, mu, logvar): <span class="cmt"># x, x_recon: [B, input_dim], mu, logvar: [B, latent_dim]</span> <span class="cmt"># Реконструкция (BCE для [0,1])</span> recon_loss = nn.functional.binary_cross_entropy( x_recon, x, reduction=<span class="str">'sum'</span> ) <span class="cmt"># KL divergence: -0.5 * sum(1 + logvar - mu^2 - exp(logvar))</span> kl_loss = -<span class="num2">0.5</span> * torch.sum( <span class="num2">1</span> + logvar - mu**<span class="num2">2</span> - torch.exp(logvar) ) <span class="cmt"># Полный loss (скаляр)</span> total_loss = recon_loss + kl_loss <span class="kw">return</span> total_loss <span class="cmt"># Использование в обучении:</span> <span class="kw">for</span> x_batch <span class="kw">in</span> dataloader: <span class="cmt"># x_batch: [B, input_dim]</span> x_recon, mu, logvar = model(x_batch) <span class="cmt"># x_recon: [B, input_dim], mu/logvar: [B, latent_dim]</span> loss = loss_vae(x_batch, x_recon, mu, logvar) optimizer.zero_grad() loss.backward() optimizer.step() </code></pre> <p>Заметь:</p> <ul> <li>Реконструкция может быть MSE (для вещественных x) или BCE (для бинарных x в [0,1]).</li> <li>KL-формула: ровно минус половина суммы (1 + logvar - mu² - exp(logvar)).</li> <li>Используем reduction='sum', чтобы накапливать по батчу (затем нормализация вне функции если нужна).</li> </ul>	Лекция_10	Билет_10_Автоэнкодеры_VAE_ELBO_CVAE
<b>Задача 6. Определи по описанию: это posterior collapse или исчезающий градиент?</b><br><p>Сценарий: обучали VAE на MNIST. После 10 эпох реконструкция улучшалась, но KL-слагаемое упало до 0.001 (почти нулевое). Картинки выглядели как размытые усреднения цифр (все похожи, нет разнообразия).</p>	<p><strong>Ответ: Posterior Collapse</strong></p> <p>Признаки:</p> <ul> <li><strong>KL почти нулевой:</strong> это означает, что q(z|x) ≈ p(z) = N(0,I). Энкодер практически не использует информацию из x.</li> <li><strong>Размытые усреднённые картинки:</strong> если энкодер не использует z, то декодер не получает информацию от x через z. Он выучивает общую форму (усреднённую цифру).</li> <li><strong>Реконструкция улучшалась:</strong> декодер настраивается на п reconstruction, игнорируя z. Это возможно с мощным декодером.</li> </ul> <p><strong>Не исчезающий градиент, потому что:</strong></p> <ul> <li>Если бы исчезали градиенты, потери бы вообще не улучшались (или очень медленно). Здесь реконструкция явно улучшается.</li> <li>Исчезающий градиент проявляется как «застревание» вообще, а не как выбор игнорировать z.</li> </ul> <p><strong>Лечение:</strong> KL Annealing, β-VAE с β>1, или Free Bits.</p>	Лекция_10	Билет_10_Автоэнкодеры_VAE_ELBO_CVAE
<b>Задача 1. Расчет функции стоимости при идеальном дискриминаторе</b><br><p>Предположим, генератор генерирует картинки, которые дискриминатор безошибочно определяет как подделки ($D(G(z)) = 0.01$), а реальные картинки определяет безошибочно ($D(x) = 0.99$). Чему приближенно равен функционал $V(D, G)$?</p>	<p>Формула: $V(D, G) = \mathbb{E}[\log D(x)] + \mathbb{E}[\log(1 - D(G(z)))]$.</p> <p>$\log(0.99) \approx -0.01005$.</p> <p>$\log(1 - 0.01) = \log(0.99) \approx -0.01005$.</p> <p>$V(D, G) \approx -0.01005 - 0.01005 = -0.0201 \approx 0$.</p> <p><strong>Вывод:</strong> Дискриминатор почти достиг своего теоретического максимума ($0$).</p>	Лекция_11	Билет_11_Генеративные_модели_GAN
<b>Задача 2. Размерность выхода транспонированной свёртки (ConvTranspose2d)</b><br><p>В генераторе DCGAN входной латентный вектор размера $(B, 100, 1, 1)$ подается в `nn.ConvTranspose2d(100, 256, kernel_size=4, stride=1, padding=0)`. Какой пространственный размер $H_{out} \times W_{out}$ будет на выходе?</p>	<p>Формула размера выхода транспонированной свёртки:</p> <p>$$ H_{out} = (H_{in} - 1) \times \text{stride} - 2 \times \text{padding} + \text{kernel\_size} $$</p> <p>Подставляем: $H_{in} = 1, \text{stride} = 1, \text{padding} = 0, \text{kernel\_size} = 4$:</p> <p>$$ H_{out} = (1 - 1) \times 1 - 0 + 4 = 4 $$</p> <p>Выходной тензор имеет размерность $(B, 256, 4, 4)$.</p>	Лекция_11	Билет_11_Генеративные_модели_GAN
<b>Задача 3. Сравнение градиентов Saturating vs Non-Saturating Loss</b><br><p>Пусть выход дискриминатора для фейка равен $u = D(G(z)) = 0.05$ (слабый генератор). Посчитайте значение функции потерь для генератора при: (а) Minimax loss $L_1 = \log(1 - u)$; (б) Non-saturating loss $L_2 = -\log(u)$.</p>	<p>(а) $L_1 = \ln(1 - 0.05) = \ln(0.95) \approx -0.0513$. Градиент $\frac{d L_1}{du} = -\frac{1}{1-u} = -\frac{1}{0.95} \approx -1.05$.</p> <p>(б) $L_2 = -\ln(0.05) \approx -(-2.9957) = 2.996$. Градиент $\frac{d L_2}{du} = -\frac{1}{u} = -\frac{1}{0.05} = -20$.</p> <p><strong>Вывод:</strong> Градиент Non-saturating loss по абсолютному значению в <strong>19 раз больше</strong> ($-20$ против $-1.05$), что обеспечивает мощный обучающий сигнал при слабом генераторе.</p>	Лекция_11	Билет_11_Генеративные_модели_GAN
<b>Задача 4. Вычисление 1D расстояния Вассерштейна</b><br><p>Даны два 1D распределения: $P$ — Dirac delta в точке $x=0$, $Q$ — Dirac delta в точке $x=\theta$. Чему равны $D_{\text{JS}}(P \parallel Q)$ и $W(P, Q)$ при $\theta \ne 0$?</p>	<p>1. При $\theta \ne 0$ распределения $P$ и $Q$ не пересекаются: $\text{supp}(P) \cap \text{supp}(Q) = \emptyset$. Следовательно, $D_{\text{JS}}(P \parallel Q) = \ln(2) \approx 0.693 = \text{const}$. Градиент по $\theta$ равен $0$.</p> <p>2. Расстояние Вассерштейна — это минимальная масса $\times$ расстояние: $W(P, Q) = 1 \cdot |\theta - 0| = |\theta|$.</p> <p><strong>Вывод:</strong> Градиент $\frac{d W}{d\theta} = \text{sign}(\theta) \ne 0$, расстояние непрерывно стремится к нулю при $\theta \to 0$, что позволяет обучать модель градиентным спуском.</p>	Лекция_11	Билет_11_Генеративные_модели_GAN
<b>Задача 5. Расчет FID для 1D распределений</b><br><p>Реальные признаки имеют среднее $\mu_r = 2.0$ и дисперсию $\sigma_r^2 = 4.0$. Сгенерированные признаки имеют $\mu_g = 5.0$ и $\sigma_g^2 = 9.0$. Рассчитайте FID.</p>	<p>В одномерном случае формула FID упрощается до:</p> <p>$$ \text{FID} = (\mu_r - \mu_g)^2 + (\sigma_r - \sigma_g)^2 $$</p> <p>Подставляем значения ($\sigma_r = \sqrt{4} = 2$, $\sigma_g = \sqrt{9} = 3$):</p> <p>$$ (\mu_r - \mu_g)^2 = (2 - 5)^2 = (-3)^2 = 9 $$</p> <p>$$ (\sigma_r - \sigma_g)^2 = (2 - 3)^2 = (-1)^2 = 1 $$</p> <p>$$ \text{FID} = 9 + 1 = 10.0 $$</p>	Лекция_11	Билет_11_Генеративные_модели_GAN
<b>Задача 6. Количество параметров в WGAN-GP Gradient Penalty</b><br><p>Почему в WGAN-GP нельзя использовать Batch Normalization в Критике (Дискриминаторе)? Что используют взамен?</p>	<p><strong>Причина:</strong> BatchNorm создает зависимость между сэмплами внутри одного батча (нормализация по батчу $\mu_B, \sigma_B$). В WGAN-GP градиентный штраф вычисляется <em>индивидуально для каждого сэмпла</em> $\|\nabla_{\hat{x}_i} D(\hat{x}_i)\|_2$. BatchNorm нарушает эту независимость и делает расчет градиента некорректным.</p> <p><strong>Решение:</strong> В критике WGAN-GP используют <strong>Layer Normalization</strong>, <strong>Instance Normalization</strong> или <strong>Spectral Normalization</strong>.</p>	Лекция_11	Билет_11_Генеративные_модели_GAN
<b>Задача 1. Расчет коэффициента затухания $\bar{\alpha}_t$</b><br><p>Пусть на первых трех шагах заданы $\beta_1 = 0.1$, $\beta_2 = 0.2$, $\beta_3 = 0.3$. Найдите $\alpha_1, \alpha_2, \alpha_3$ и $\bar{\alpha}_3$. Чему равна дисперсия шума на шаге $t=3$?</p>	<p>$\alpha_1 = 1 - 0.1 = 0.9$.</p> <p>$\alpha_2 = 1 - 0.2 = 0.8$.</p> <p>$\alpha_3 = 1 - 0.3 = 0.7$.</p> <p>$\bar{\alpha}_3 = \alpha_1 \cdot \alpha_2 \cdot \alpha_3 = 0.9 \cdot 0.8 \cdot 0.7 = 0.504$.</p> <p>Дисперсия шума в формуле $x_3 = \sqrt{\bar{\alpha}_3}x_0 + \sqrt{1 - \bar{\alpha}_3}\epsilon$ равна $1 - \bar{\alpha}_3 = 1 - 0.504 = 0.496$.</p>	Лекция_12	Билет_12_(ч.1)_Диффузионные_модели
<b>Задача 2. Прямое сэмплирование $x_t$ на числовом примере</b><br><p>Пусть пиксель $x_0 = 2.0$, сэмплированный шум $\epsilon = -1.0$, а на шаге $t$ параметр $\bar{\alpha}_t = 0.64$. Чему равно значение зашумленного пикселя $x_t$?</p>	<p>Формула: $x_t = \sqrt{\bar{\alpha}_t} x_0 + \sqrt{1 - \bar{\alpha}_t} \epsilon$.</p> <p>$\sqrt{\bar{\alpha}_t} = \sqrt{0.64} = 0.8$.</p> <p>$\sqrt{1 - \bar{\alpha}_t} = \sqrt{1 - 0.64} = \sqrt{0.36} = 0.6$.</p> <p>$$ x_t = 0.8 \cdot 2.0 + 0.6 \cdot (-1.0) = 1.6 - 0.6 = 1.0 $$</p>	Лекция_12	Билет_12_(ч.1)_Диффузионные_модели
<b>Задача 3. Восстановление $x_0$ по предсказанному шуму $\hat{\epsilon}$</b><br><p>На шаге $t$ мы имеем $x_t = 3.0$, $\bar{\alpha}_t = 0.25$, а сеть предсказала шум $\epsilon_\theta(x_t, t) = 1.0$. Оцените истинное исходное значение $\hat{x}_0$.</p>	<p>Формула: $\hat{x}_0 = \frac{x_t - \sqrt{1 - \bar{\alpha}_t} \epsilon_\theta}{\sqrt{\bar{\alpha}_t}}$.</p> <p>$\sqrt{\bar{\alpha}_t} = \sqrt{0.25} = 0.5$.</p> <p>$\sqrt{1 - \bar{\alpha}_t} = \sqrt{0.75} \approx 0.866$.</p> <p>$$ \hat{x}_0 = \frac{3.0 - 0.866 \cdot 1.0}{0.5} = \frac{2.134}{0.5} = 4.268 $$</p>	Лекция_12	Билет_12_(ч.1)_Диффузионные_модели
<b>Задача 4. Расчет вектора Classifier-Free Guidance (CFG)</b><br><p>Для некоторого пикселя безусловное предсказание шума $\epsilon_{\text{uncond}} = 0.2$, а условное $\epsilon_{\text{cond}} = 0.5$. Чему равен итоговый шум при guidance scale $s = 1.0$, $s = 3.0$ и $s = 7.5$?</p>	<p>Формула CFG: $\tilde{\epsilon} = \epsilon_{\text{uncond}} + s \cdot (\epsilon_{\text{cond}} - \epsilon_{\text{uncond}})$.</p> <p>Разность: $\Delta = 0.5 - 0.2 = 0.3$.</p> <ul> <li>При $s = 1.0$: $\tilde{\epsilon} = 0.2 + 1.0 \cdot 0.3 = 0.5$ (обычное условное).</li> <li>При $s = 3.0$: $\tilde{\epsilon} = 0.2 + 3.0 \cdot 0.3 = 0.2 + 0.9 = 1.1$.</li> <li>При $s = 7.5$: $\tilde{\epsilon} = 0.2 + 7.5 \cdot 0.3 = 0.2 + 2.25 = 2.45$.</li> </ul>	Лекция_12	Билет_12_(ч.1)_Диффузионные_модели
<b>Задача 5. Коэффициент сжатия памяти в Latent Diffusion</b><br><p>Изображение имеет размер $512 \times 512 \times 3$ (float32). Автоэнкодер VAE сжимает его с коэффициентом $f=8$ в латентный тензор $64 \times 64 \times 4$. Во сколько раз уменьшается объем тензора?</p>	<p>Объем исходного изображения: $512 \times 512 \times 3 = 786\,432$ float32 ($\approx 3.0$ МБ).</p> <p>Объем латентного представления: $64 \times 64 \times 4 = 16\,384$ float32 ($\approx 0.0625$ МБ).</p> <p>Коэффициент сжатия: $\frac{786\,432}{16\,384} = 48$ раз.</p> <p><em>Замечание:</em> Пространственное разрешение уменьшается в $8 \times 8 = 64$ раза, а с учетом роста каналов с 3 до 4 — итоговый объем меньше в 48 раз.</p>	Лекция_12	Билет_12_(ч.1)_Диффузионные_модели
<b>Задача 6. Временная сложность обучения vs инференса</b><br><p>В чем принципиальная асимметрия времени обучения и времени сэмплирования в DDPM?</p>	<p><strong>При обучении:</strong> Для одного батча мы сэмплируем случайное $t$, за 1 операцию вычисляем $x_t$ по формуле с $\bar{\alpha}_t$, делаем <strong>один</strong> forward pass через U-Net и считаем MSE loss. Сложность одного обучающего шага — $O(1)$ проходов по сети.</p> <p><strong>При генерации (Inference):</strong> Мы обязаны последовательно выполнить $T=1000$ шагов очистки $x_T \to x_{T-1} \to \dots \to x_0$, выполняя $T$ последовательных forward pass через тяжелую сеть. Сложность инференса — $O(T)$.</p>	Лекция_12	Билет_12_(ч.1)_Диффузионные_модели
<b>Задача 1. Расчёт IoU между двумя боксами</b><br><p>Истинный бокс: $(20, 30, 120, 130)$ (corner format). Предсказанный: $(30, 35, 110, 125)$. Найти IoU.</p>	<p><strong>Пересечение:</strong> $x1 = \max(20, 30) = 30$, $y1 = \max(30, 35) = 35$, $x2 = \min(120, 110) = 110$, $y2 = \min(130, 125) = 125$.</p> <p>Размеры: $w = 110 - 30 = 80$, $h = 125 - 35 = 90$.</p> <p>$I = 80 \times 90 = 7200$.</p> <p><strong>Площади боксов:</strong> $A_1 = (120-20) \times (130-30) = 100 \times 100 = 10000$. $A_2 = (110-30) \times (125-35) = 80 \times 90 = 7200$.</p> <p>$U = 10000 + 7200 - 7200 = 10000$.</p> <p>$$\text{IoU} = \frac{7200}{10000} = 0.72$$</p>	Лекция_13	Билет_12_(ч.2)_Задачи_Computer_Vision
<b>Задача 2. Прогон NMS вручную</b><br><p>5 боксов: A (conf=0.95, coords), B (conf=0.80), C (conf=0.75), D (conf=0.60), E (conf=0.50). IoU(A, B)=0.7, IoU(A, C)=0.1, IoU(A, D)=0.8, IoU(A, E)=0.05. Порог NMS = 0.5. Какие боксы остаются?</p>	<p><strong>Шаг 1:</strong> Сортировать: A (0.95) &gt; B (0.80) &gt; C (0.75) &gt; D (0.60) &gt; E (0.50).</p> <p><strong>Шаг 2:</strong> Взять A, добавить в keep. Вычислить IoU с остальными:</p> <ul> <li>IoU(A, B) = 0.7 &gt; 0.5 → удалить B</li> <li>IoU(A, C) = 0.1 &lt; 0.5 → оставить C</li> <li>IoU(A, D) = 0.8 &gt; 0.5 → удалить D</li> <li>IoU(A, E) = 0.05 &lt; 0.5 → оставить E</li> </ul> <p><strong>Шаг 3:</strong> Остались C, E. Возьми C (next conf), добавь в keep. Вычисли IoU(C, E). Если &lt;0.5, добавь E.</p> <p>(Не дана IoU(C, E), предполагаем &lt;0.5.)</p> <p><strong>Результат NMS:</strong> keep = [A, C, E]. Боксы B и D отфильтрованы.</p>	Лекция_13	Билет_12_(ч.2)_Задачи_Computer_Vision
<b>Задача 3. Расчёт Precision, Recall, AP</b><br><p>На тестовом наборе 10 истинных объектов. Детектор выдал 6 предсказаний. Из них 4 TP (IoU &gt; 0.5), 2 FP (IoU ≤ 0.5). Сколько FN? Найти Precision, Recall.</p>	<p><strong>TP = 4, FP = 2.</strong></p> <p>FN = истинные - TP = 10 - 4 = 6 (пропущенные объекты).</p> <p>$$\text{Precision} = \frac{TP}{TP + FP} = \frac{4}{4 + 2} = \frac{4}{6} = 0.667$$</p> <p>$$\text{Recall} = \frac{TP}{TP + FN} = \frac{4}{4 + 6} = \frac{4}{10} = 0.4$$</p> <p>Модель нашла 40% объектов, но из найденных 67% правильны. AP = площадь под P-R кривой; на этой одной точке не определена, нужна кривая при разных пороговых confidence.</p>	Лекция_13	Билет_12_(ч.2)_Задачи_Computer_Vision
<b>Задача 4. Dice coefficient</b><br><p>Маска сегментации. Истина: 100 пиксел класса, предсказано: 80 пиксел. Из них 60 пиксел совпадают (TP). Найти Dice.</p>	<p><strong>TP = 60, FP = 80 - 60 = 20, FN = 100 - 60 = 40.</strong></p> <p>$$\text{Dice} = \frac{2 \cdot TP}{2 \cdot TP + FP + FN} = \frac{2 \cdot 60}{2 \cdot 60 + 20 + 40} = \frac{120}{180} = 0.667$$</p> <p>Или через IoU: $\text{IoU} = \frac{60}{100 + 80 - 60} = \frac{60}{120} = 0.5$.</p> <p>$\text{Dice} = \frac{2 \cdot 0.5}{1 + 0.5} = \frac{1}{1.5} = 0.667$ ✓</p>	Лекция_13	Билет_12_(ч.2)_Задачи_Computer_Vision
<b>Задача 5. U-Net: роль skip-connections</b><br><p>Энкодер: Input (256×256) → 128×128 → 64×64. Декодер: 64×64 → Upsample → 128×128 → ... → 256×256. Какую информацию теряем при upsampling с 64×64 → 256×256 без skip connections?</p>	<p>При downsampling: теряется информация о тонкой пространственной структуре (края, детали), которые были в 128×128 и 256×256 feature maps энкодера. При прямом upsampling (без skip) декодер пытается восстановить эти детали из одного 64×64 слоя — невозможно.</p> <p>Skip-connections: конкатенируем 128×128 feature map энкодера с 128×128 upsampled feature map декодера → декодер получает информацию о структуре → восстанавливает детали точнее.</p> <p><strong>Результат:</strong> с skip-connections точность сегментации выше, особенно на границах объектов.</p>	Лекция_13	Билет_12_(ч.2)_Задачи_Computer_Vision
<b>Задача 6. Heatmap vs регрессия координат</b><br><p>Задача: предсказать 5 ключевых точек лица на картинке 256×256. Вариант A: вектор (x₁, y₁, ..., x₅, y₅) — 10 чисел. Вариант B: 5 heatmap по 64×64 каждая. Какой требует больше памяти? Какой точнее?</p>	<p><strong>Память (на батч B):</strong></p> <p>Вариант A: $B \times 10$ float32 = $B \times 40$ байт.</p> <p>Вариант B: $B \times 5 \times 64 \times 64$ float32 = $B \times 5 \times 4096 \times 4$ байт = $B \times 81\,920$ байт ($\approx B \times 80$ КБ).</p> <p>Heatmap требует в $2\,048$ раз больше памяти ($81\,920 / 40 = 2\,048$). Поэтому используют компромисс: меньше разрешение heatmap (например 32×32).</p> <p><strong>Точность:</strong> Heatmap ~95% accuracy на COCO (стандарт). Прямая регрессия ~75%. Heatmap выигрывает благодаря локальной структуре и информации от соседних пиксел.</p>	Лекция_13	Билет_12_(ч.2)_Задачи_Computer_Vision
<b>Задача 1. Подсчет параметров слоя LSTM</b><br><p>Слой `nn.LSTM(input_size=100, hidden_size=256, bias=True)`. Сколько обучаемых параметров содержит этот слой?</p>	<p>Для одного гейта:</p> <ul> <li>$W_{xh}$: $100 \times 256 = 25\,600$.</li> <li>$W_{hh}$: $256 \times 256 = 65\,536$.</li> <li>Bias: $256 + 256 = 512$ (в PyTorch два вектора bias: $b_{ih}$ и $b_{hh}$).</li> <li>Итого на 1 гейт: $25\,600 + 65\,536 + 512 = 91\,648$.</li> </ul> <p>Всего в LSTM 4 гейта ($f, i, \tilde{C}, o$):</p> <p>$$ \text{Параметры} = 4 \times 91\,648 = 366\,592 $$</p>	Лекция_14	Билет_13_Рекуррентные_сети_LSTM_biLSTM
<b>Задача 2. Подсчет параметров GRU vs LSTM</b><br><p>Сравните число параметров для `nn.GRU(100, 256)` и `nn.LSTM(100, 256)`.</p>	<p>В GRU 3 гейта/компонента ($z, r, \tilde{h}$) вместо 4 в LSTM:</p> <p>$$ \text{Параметры GRU} = 3 \times (100 \times 256 + 256 \times 256 + 512) = 3 \times 91\,648 = 274\,944 $$</p> <p>Разница: $\frac{366\,592 - 274\,944}{366\,592} = 25\%$ ровно.</p>	Лекция_14	Билет_13_Рекуррентные_сети_LSTM_biLSTM
<b>Задача 3. Трассировка ячейки LSTM вручную</b><br><p>Пусть $C_{t-1} = [2.0, -1.0]$. Гейты выдали: $f_t = [0.9, 0.1]$, $i_t = [0.5, 0.8]$, $\tilde{C}_t = [1.0, 2.0]$. Найдите новое состояние ячейки $C_t$.</p>	<p>Формула: $C_t = f_t \odot C_{t-1} + i_t \odot \tilde{C}_t$.</p> <p>1-я компонента: $0.9 \cdot 2.0 + 0.5 \cdot 1.0 = 1.8 + 0.5 = 2.3$.</p> <p>2-я компонента: $0.1 \cdot (-1.0) + 0.8 \cdot 2.0 = -0.1 + 1.6 = 1.5$.</p> <p>$$ C_t = [2.3, \, 1.5] $$</p>	Лекция_14	Билет_13_Рекуррентные_сети_LSTM_biLSTM
<b>Задача 4. Размерности тензоров в biLSTM</b><br><p>Батч из $B=32$ предложений длиной $T=50$ токенов. Размерность эмбеддинга $d_{\text{in}}=300$. Слой `nn.LSTM(300, 128, bidirectional=True, batch_first=True)`. Каковы размерности выходного тензора `output` и скрытого состояния `h_n`?</p>	<p>1. `output`: содержит выходы на всех $T$ шагах с конкатенацией обоих направлений: $(B, T, 2 \times d_{\text{hidden}}) = (32, 50, 256)$.</p> <p>2. `h_n`: скрытые состояния последнего шага для каждого направления: $(\text{num\_directions}, B, d_{\text{hidden}}) = (2, 32, 128)$.</p>	Лекция_14	Билет_13_Рекуррентные_сети_LSTM_biLSTM
<b>Задача 5. Расчет градиентного клиппинга</b><br><p>Вектор градиентов имеет норму $\|g\|_2 = 10.0$. Задан порог клиппинга $C = 2.0$. Какой коэффициент масштабирования будет применен к каждому градиенту? Чему станет равна норма градиента?</p>	<p>Коэффициент масштабирования: $\alpha = \frac{C}{\|g\|_2} = \frac{2.0}{10.0} = 0.2$.</p> <p>Каждый градиент $g_i$ умножается на $0.2$. Новая норма градиента станет строго равна $C = 2.0$.</p>	Лекция_14	Билет_13_Рекуррентные_сети_LSTM_biLSTM
<b>Задача 6. Бутылочное горлышко Seq2Seq</b><br><p>Входное предложение состоит из 100 слов. Размерность скрытого состояния энкодера $d_{\text{hidden}} = 256$ (float32, 1 КБ). В чем концептуальная проблема сжатия этого предложения в один вектор $h_{100}$ для декодера?</p>	<p><strong>Проблема фиксированного вектора контекста (Bottleneck):</strong> 100 слов несут сложную многоуровневую семантику и синтаксис. Сжатие всей информации в один вектор фиксированной длины 256 чисел приводит к неизбежной потере деталей (особенно из начала предложения). Это мотивировало создание <strong>механизма внимания (Attention)</strong>.</p>	Лекция_14	Билет_13_Рекуррентные_сети_LSTM_biLSTM
<b>Задача 1. Ручной расчет вектора контекста $c_t$</b><br><p>Энкодер выдал 3 вектора скрытых состояний: $h_1 = [1.0, 0.0]$, $h_2 = [0.0, 2.0]$, $h_3 = [1.0, 1.0]$. Веса внимания составили $\alpha_1 = 0.5$, $\alpha_2 = 0.3$, $\alpha_3 = 0.2$. Найдите вектор контекста $c_t$.</p>	<p>Формула: $c_t = \alpha_1 h_1 + \alpha_2 h_2 + \alpha_3 h_3$.</p> <p>$$ c_t = 0.5 \cdot [1.0, 0.0] + 0.3 \cdot [0.0, 2.0] + 0.2 \cdot [1.0, 1.0] $$</p> <p>1-я компонента: $0.5 \cdot 1.0 + 0.3 \cdot 0.0 + 0.2 \cdot 1.0 = 0.5 + 0.2 = 0.7$.</p> <p>2-я компонента: $0.5 \cdot 0.0 + 0.3 \cdot 2.0 + 0.2 \cdot 1.0 = 0.6 + 0.2 = 0.8$.</p> <p>$$ c_t = [0.7, \, 0.8] $$</p>	Лекция_15	Билет_14_Механизм_внимания_в_seq2seq
<b>Задача 2. Расчет весов Softmax Luong Dot-Product</b><br><p>Состояние декодера $s_t = [1.0, 1.0]$. Состояния энкодера: $h_1 = [2.0, 0.0]$, $h_2 = [1.0, 2.0]$. Найдите сырые score $e_1, e_2$ и веса внимания $\alpha_1, \alpha_2$.</p>	<p>1. Скалярные произведения (Dot score):</p> <p>$e_1 = s_t \cdot h_1 = 1.0 \cdot 2.0 + 1.0 \cdot 0.0 = 2.0$.</p> <p>$e_2 = s_t \cdot h_2 = 1.0 \cdot 1.0 + 1.0 \cdot 2.0 = 3.0$.</p> <p>2. Softmax:</p> <p>$\exp(e_1) = e^2 \approx 7.389$, $\exp(e_2) = e^3 \approx 20.085$.</p> <p>Сумма: $7.389 + 20.085 = 27.474$.</p> <p>$\alpha_1 = \frac{7.389}{27.474} \approx 0.269$ ($26.9\%$).</p> <p>$\alpha_2 = \frac{20.085}{27.474} \approx 0.731$ ($73.1\%$).</p>	Лекция_15	Билет_14_Механизм_внимания_в_seq2seq
<b>Задача 3. Размерности тензоров в Batch Matrix Multiplication (BMM)</b><br><p>Батч $B=16$. Длина входа $S=40$, размерность энкодера $d=128$. Тензор весов внимания имеет форму $(16, 1, 40)$, тензор выходов энкодера — $(16, 40, 128)$. Какова форма результата `torch.bmm`?</p>	<p>Операция умножения матриц батча: $(B, 1, S) \times (B, S, d) \to (B, 1, d)$.</p> <p>Результат имеет размерность $(16, 1, 128)$. После вызова `.squeeze(1)` получаем батч векторов контекста $(16, 128)$.</p>	Лекция_15	Билет_14_Механизм_внимания_в_seq2seq
<b>Задача 4. Подсчет параметров слоя Bahdanau Attention</b><br><p>Размерность скрытого состояния декодера $d_{\text{dec}} = 256$, энкодера $d_{\text{enc}} = 512$. В слое Bahdanau Attention размерность проекции $d_{\text{attn}} = 256$. Сколько обучаемых весов в слое (без bias)?</p>	<p>1. Матрица $W_{\text{dec}}$: $256 \times 256 = 65\,536$.</p> <p>2. Матрица $W_{\text{enc}}$: $512 \times 256 = 131\,072$.</p> <p>3. Вектор $v$: $256 \times 1 = 256$.</p> <p>$$ \text{Итого параметров} = 65\,536 + 131\,072 + 256 = 196\,864 $$</p>	Лекция_15	Билет_14_Механизм_внимания_в_seq2seq
<b>Задача 5. Сложность вычисления внимания</b><br><p>Входная последовательность имеет длину $S=1000$, выходная — $T=1000$. Сколько скалярных оценок score $e_{t, i}$ нужно вычислить при Global Attention? При Local Attention с радиусом окна $D=10$?</p>	<p>1. Global Attention: $S \times T = 1000 \times 1000 = 1\,000\,000$ (1 миллион операций).</p> <p>2. Local Attention: $(2D + 1) \times T = (2 \cdot 10 + 1) \times 1000 = 21 \times 1000 = 21\,000$ операций.</p> <p>Local Attention требует почти в <strong>50 раз меньше</strong> вычислений.</p>	Лекция_15	Билет_14_Механизм_внимания_в_seq2seq
<b>Задача 6. Маскирование Padding-токенов в Attention</b><br><p>Входной батч дополнен нулями (padding) до длины $S=10$. Реальное предложение занимает 4 токена. Каким значением нужно заполнить позиции $5 \dots 10$ в тензоре scores перед Softmax, чтобы веса внимания к паддингу были строго равны 0?</p>	<p>Их нужно заполнить значением <strong>$-\infty$</strong> (на практике `-1e9` или `-float('inf')`).</p> <p>Так как $\exp(-\infty) = 0$, после вычисления $\text{Softmax}$ веса $\alpha_{t, i}$ для всех позиций padding станут равны $0.0$, и они не окажут никакого влияния на вектор контекста $c_t$.</p>	Лекция_15	Билет_14_Механизм_внимания_в_seq2seq
<b>Задача 1. Подсчет параметров одного слоя Transformer Encoder</b><br><p>Параметры базовой модели: $d_{\text{model}} = 512$, $d_{\text{ff}} = 2048$, $h = 8$ голов. Посчитайте суммарное число обучаемых параметров в одном слое энкодера (включая проекции внимания, FFN и LayerNorm с bias).</p>	<p>1. <strong>Multi-Head Attention:</strong></p> <ul> <li>Матрицы $W^Q, W^K, W^V$: каждая $512 \times 512 + 512 = 262\,656$. Три матрицы: $3 \times 262\,656 = 787\,968$.</li> <li>Выходная матрица $W^O$: $512 \times 512 + 512 = 262\,656$.</li> <li>Итого Attention: $787\,968 + 262\,656 = 1\,050\,624$.</li> </ul> <p>2. <strong>FFN:</strong></p> <ul> <li>Линейный слой 1 ($512 \to 2048$): $512 \times 2048 + 2048 = 1\,050\,624$.</li> <li>Линейный слой 2 ($2048 \to 512$): $2048 \times 512 + 512 = 1\,049\,088$.</li> <li>Итого FFN: $1\,050\,624 + 1\,049\,088 = 2\,099\,712$.</li> </ul> <p>3. <strong>Два слоя LayerNorm:</strong> $2 \times (2 \cdot 512) = 2\,048$ ($\gamma$ и $\beta$).</p> <p>$$ \text{Суммарно на 1 слой} = 1\,050\,624 + 2\,099\,712 + 2\,048 = 3\,152\,384 \approx 3.15 \text{ млн} $$</p>	Лекция_16	Билет_15_Архитектура_Transformer
<b>Задача 2. Ручной расчет синусоидального позиционного кодирования</b><br><p>Пусть $d_{\text{model}} = 4$. Рассчитайте компоненты вектора $PE$ для позиции $pos = 0$ и позиции $pos = 1$.</p>	<p>Формула частот: $\omega_i = \frac{1}{10000^{2i/4}} = \frac{1}{10000^{i/2}}$.</p> <ul> <li>Для $i=0$ (компоненты 0 и 1): $\omega_0 = 10000^0 = 1.0$.</li> <li>Для $i=1$ (компоненты 2 и 3): $\omega_1 = 10000^{-0.5} = \frac{1}{100} = 0.01$.</li> </ul> <p><strong>Для $pos = 0$:</strong></p> <p>$PE_{(0, 0)} = \sin(0 \cdot 1.0) = 0.0$, $PE_{(0, 1)} = \cos(0 \cdot 1.0) = 1.0$.</p> <p>$PE_{(0, 2)} = \sin(0 \cdot 0.01) = 0.0$, $PE_{(0, 3)} = \cos(0 \cdot 0.01) = 1.0$.</p> <p>$$ PE(0) = [0.0, \, 1.0, \, 0.0, \, 1.0] $$</p> <p><strong>Для $pos = 1$:</strong></p> <p>$PE_{(1, 0)} = \sin(1.0) \approx 0.841$, $PE_{(1, 1)} = \cos(1.0) \approx 0.540$.</p> <p>$PE_{(1, 2)} = \sin(0.01) \approx 0.010$, $PE_{(1, 3)} = \cos(0.01) \approx 0.9999$.</p> <p>$$ PE(1) = [0.841, \, 0.540, \, 0.010, \, 1.000] $$</p>	Лекция_16	Билет_15_Архитектура_Transformer
<b>Задача 3. Расчет Causal Mask для последовательности</b><br><p>Последовательность состоит из 3 токенов. Выпишите бинарную матрицу маски и матрицу маски для сложения с логитами перед Softmax.</p>	<p>1. Булева маска видимости (True = разрешено смотреть):</p> <p>$$ M_{\text{bool}} = \begin{pmatrix} 1 & 0 & 0 \\ 1 & 1 & 0 \\ 1 & 1 & 1 \end{pmatrix} $$</p> <p>2. Аддитивная маска (0 для разрешенных, $-\infty$ для запрещенных):</p> <p>$$ M_{\text{add}} = \begin{pmatrix} 0 & -\infty & -\infty \\ 0 & 0 & -\infty \\ 0 & 0 & 0 \end{pmatrix} $$</p>	Лекция_16	Билет_15_Архитектура_Transformer
<b>Задача 4. Размерность Cross-Attention матриц</b><br><p>Батч $B=8$. Длина входа энкодера $S=50$, длина выхода декодера $T=20$. Размерность $d=512$, $h=8$ голов ($d_k = 64$). Каковы размерности матриц $Q, K, V$ и матрицы весов внимания до и после Softmax в Cross-Attention?</p>	<p>1. $Q$ (от декодера): $(B, h, T, d_k) = (8, 8, 20, 64)$.</p> <p>2. $K, V$ (от энкодера): $(B, h, S, d_k) = (8, 8, 50, 64)$.</p> <p>3. Матрица $Q K^T$: $(8, 8, T, d_k) \times (8, 8, d_k, S) \to (8, 8, 20, 50)$.</p> <p>4. Softmax вычисляется по последней размерности $S=50$. Размерность весов: $(8, 8, 20, 50)$.</p>	Лекция_16	Билет_15_Архитектура_Transformer
<b>Задача 5. Размерность тензора после FFN</b><br><p>Вход в FFN имеет размерность $(B=16, T=128, d=512)$. Промежуточный слой расширяет размерность до $d_{\text{ff}}=2048$. Каковы размеры тензора внутри FFN и на выходе?</p>	<p>После первого линейного слоя $W_1$ и активации: $(16, 128, 2048)$.</p> <p>После второго линейного слоя $W_2$: $(16, 128, 512)$.</p> <p>Пространственная форма $(16, 128)$ сохраняется неизменной.</p>	Лекция_16	Билет_15_Архитектура_Transformer
<b>Задача 6. Влияние Residual Connection на градиенты</b><br><p>Пусть блок описывается уравнением $y = x + F(x)$. Найдите производную $\frac{\partial y}{\partial x}$. Почему это предотвращает затухание градиента?</p>	<p>$$ \frac{\partial y}{\partial x} = I + \frac{\partial F(x)}{\partial x} $$</p> <p>При обратном распространении ошибки через $N$ слоев градиент содержит единичное слагаемое $I$. Даже если веса подблока $F(x)$ почти зануляют градиент ($\frac{\partial F}{\partial x} \approx 0$), сигнал свободно протекает через единичную матрицу $I$, предотвращая затухание градиента.</p>	Лекция_16	Билет_15_Архитектура_Transformer
<b>Задача 1. Расчет дисперсии скалярного произведения</b><br><p>Векторы $q, k \in \mathbb{R}^{128}$ имеют независимые компоненты со стандартным отклонением $\sigma = 1$. Чему равно стандартное отклонение скалярного произведения $q \cdot k$ до масштабирования и после деления на $\sqrt{128}$?</p>	<p>1. Дисперсия до масштабирования: $\text{Var}(q \cdot k) = d_k = 128$. Стандартное отклонение: $\sigma = \sqrt{128} \approx 11.31$.</p> <p>2. После масштабирования: $\text{Var}\left(\frac{q \cdot k}{\sqrt{128}}\right) = \frac{128}{128} = 1.0$. Стандартное отклонение: $\sigma = 1.0$.</p>	Лекция_17	Билет_16_Внимание_и_самовнимание_(Q_K_V_маски)
<b>Задача 2. Подсчет параметров Multi-Head Attention</b><br><p>В модели $d_{\text{model}} = 768$, число голов $h = 12$, размерность головы $d_k = d_v = 64$. Сколько параметров содержат матрицы проекций $W^Q, W^K, W^V, W^O$ (без bias)?</p>	<p>Матрица $W^Q$: $768 \times (12 \cdot 64) = 768 \times 768 = 589\,824$.</p> <p>Матрицы $W^K, W^V, W^O$ имеют такой же размер: по $589\,824$.</p> <p>$$ \text{Всего параметров} = 4 \times 589\,824 = 2\,359\,296 \approx 2.36 \text{ млн} $$</p>	Лекция_17	Билет_16_Внимание_и_самовнимание_(Q_K_V_маски)
<b>Задача 3. Расчет памяти под матрицу внимания</b><br><p>Модель LLaMA обрабатывает последовательность длиной $T = 8192$ токенов при размере батча $B = 4$ и числе голов $h = 32$ (тип данных float16, 2 байта). Сколько мегабайт занимает в памяти одна матрица весов внимания $Q K^T$?</p>	<p>Число элементов матрицы: $B \times h \times T \times T = 4 \times 32 \times 8192 \times 8192 = 8\,589\,934\,592$ элементов.</p> <p>Объем в байтах: $8\,589\,934\,592 \times 2 \text{ байта} = 17\,179\,869\,184 \text{ байт} = 16 \text{ ГБ}$!</p> <p><strong>Вывод:</strong> Вот почему для длинных контекстов необходим FlashAttention (который не хранит эту матрицу в HBM).</p>	Лекция_17	Билет_16_Внимание_и_самовнимание_(Q_K_V_маски)
<b>Задача 4. Применение Causal Mask к матрице scores</b><br><p>Дана матрица логитов: $\begin{pmatrix} 2.0 & 5.0 \\ 1.0 & 3.0 \end{pmatrix}$. Примените Causal Mask и посчитайте веса внимания после Softmax.</p>	<p>Маска заменяет верхний правый элемент на $-\infty$:</p> <p>$$ \text{Masked Scores} = \begin{pmatrix} 2.0 & -\infty \\ 1.0 & 3.0 \end{pmatrix} $$</p> <p>Softmax по строкам:</p> <ul> <li>Строка 1: $\text{Softmax}([2.0, -\infty]) = [1.0, \, 0.0]$.</li> <li>Строка 2: $\text{Softmax}([1.0, 3.0]) = \left[\frac{e^1}{e^1 + e^3}, \frac{e^3}{e^1 + e^3}\right] \approx [0.119, \, 0.881]$.</li> </ul> <p>$$ A = \begin{pmatrix} 1.0 & 0.0 \\ 0.119 & 0.881 \end{pmatrix} $$</p>	Лекция_17	Билет_16_Внимание_и_самовнимание_(Q_K_V_маски)
<b>Задача 5. Размерность тензоров при Multi-Head Reshape</b><br><p>Тензор $Q$ имеет форму $(B=2, T=4, d=512)$. Мы хотим разбить его на $h=8$ голов. Каковы формы тензора после `.view()` и после `.transpose(1, 2)`?</p>	<p>1. После `view(B, T, h, d_k)`: размерность $(2, 4, 8, 64)$.</p> <p>2. После `transpose(1, 2)`: размерность $(B, h, T, d_k) = (2, 8, 4, 64)$.</p> <p>Это необходимо, чтобы батчевое матричное умножение выполнялось независимо для каждой головы.</p>	Лекция_17	Билет_16_Внимание_и_самовнимание_(Q_K_V_маски)
<b>Задача 6. Внимание к самому себе (Self-Focus)</b><br><p>Если вектор запроса $q_1$ и ключ $k_1$ совпадают ($q_1 = k_1$), а все остальные ключи $k_j$ ортогональны ему ($q_1 \cdot k_j = 0$), какой вес внимания получит токен 1 при $d_k=4$ и длине фразы $T=4$ ($q_1 \cdot k_1 = 4.0$)?</p>	<p>Логиты после деления на $\sqrt{4} = 2$:</p> <p>$z_1 = 4.0 / 2 = 2.0$. Для остальных: $z_2 = z_3 = z_4 = 0.0 / 2 = 0.0$.</p> <p>$\exp(z_1) = e^2 \approx 7.389$, $\exp(z_{2,3,4}) = 1.0$. Сумма: $7.389 + 3 \cdot 1.0 = 10.389$.</p> <p>$$ \alpha_1 = \frac{7.389}{10.389} \approx 0.711 \quad (71.1\%) $$</p> <p>Токен 1 забирает $71.1\%$ внимания, отдавая по $9.6\%$ остальным токенам.</p>	Лекция_17	Билет_16_Внимание_и_самовнимание_(Q_K_V_маски)
<b>Задача 1. Расчет памяти KV-кэша в Трансформере</b><br><p>Модель имеет $L = 32$ слоя, $h = 32$ головы, размерность головы $d_k = 128$. Контекст $T = 4096$ токенов, тип данных float16 (2 байта). Сколько мегабайт занимает KV-кэш для одного запроса ($B=1$)?</p>	<p>Формула размера KV-кэша:</p> <p>$$ \text{Память} = 2 \times L \times h \times d_k \times T \times \text{sizeof(float16)} $$</p> <p>(Множитель 2 — для сохранения и $K$, и $V$).</p> <p>$$ \text{Память} = 2 \times 32 \times 32 \times 128 \times 4096 \times 2 \text{ байта} = 2\,147\,483\,648 \text{ байт} = 2.0 \text{ ГБ}! $$</p> <p><strong>Для сравнения:</strong> LSTM на том же контексте заняла бы всего $32 \times 4096 \times 2 \text{ байта} \approx 256 \text{ КБ}$.</p>	Лекция_18	Билет_17_LSTM_vs_Трансформер
<b>Задача 2. Сравнение числа FLOPs при $T d$</b><br><p>Слой $d=1024$. Рассчитайте число операций FLOPs для LSTM ($8 T d^2$) и Attention ($4 T d^2 + 2 T^2 d$) при: (а) коротком тексте $T=128$; (б) длинном тексте $T=8192$.</p>	<p><strong>(а) При $T=128$ ($T \ll d$):</strong></p> <p>LSTM: $8 \times 128 \times 1024^2 \approx 1.07 \times 10^9$ FLOPs (1.07 GFLOPs).</p> <p>Attention: $4 \times 128 \times 1024^2 + 2 \times 128^2 \times 1024 = 0.537 \times 10^9 + 0.033 \times 10^9 = 0.57 \text{ GFLOPs}$.</p> <p><em>Attention требует в ~2 раза МЕНЬШЕ операций, чем 4 гейта LSTM!</em></p> <p><strong>(б) При $T=8192$ ($T \gg d$):</strong></p> <p>LSTM: $8 \times 8192 \times 1024^2 \approx 68.7 \text{ GFLOPs}$.</p> <p>Attention: $4 \times 8192 \times 1024^2 + 2 \times 8192^2 \times 1024 = 34.36 \times 10^9 + 137.44 \times 10^9 = 171.8 \text{ GFLOPs}$.</p> <p><em>Квадратичный член $2 T^2 d$ привел к тому, что Attention требует в 2.5 раза БОЛЬШЕ операций, чем LSTM.</em></p>	Лекция_18	Билет_17_LSTM_vs_Трансформер
<b>Задача 3. Максимальная длина пути градиента</b><br><p>В последовательности из 500 токенов посчитайте число нелинейных переходов между токеном 1 и токеном 500 в: (а) однослойной LSTM; (б) 6-слойном Transformer.</p>	<p>(а) В LSTM: 499 последовательных переходов по времени $\to O(T)$.</p> <p>(б) В 6-слойном Transformer: ровно 6 слоев внимания $\to O(L) = 6$ переходов (не зависит от длины 500!).</p>	Лекция_18	Билет_17_LSTM_vs_Трансформер
<b>Задача 4. Преимущество индуктивного смещения на игрушечном датасете</b><br><p>У нас есть датасет из 200 временных рядов (по 30 точек). Модель A — LSTM (10k параметров), модель B — Transformer (10k параметров). Какая модель с большей вероятностью переобучится без регуляризации?</p>	<p><strong>Модель B (Transformer)</strong> переобучится сильнее.</p> <p><strong>Причина:</strong> Трансформер не имеет встроенного понимания порядка времени и локальности соседних точек. Ему нужно выучить структуру взаимосвязей с нуля. LSTM за счет рекуррентной топологии жестко ограничена марковской структурой времени, что служит мощным регуляризатором на микровыборках.</p>	Лекция_18	Билет_17_LSTM_vs_Трансформер
<b>Задача 5. Пропускная способность при инференсе</b><br><p>На генерацию 1 токена LSTM тратит 0.1 мс независимо от шага. Трансформер тратит $0.05 + 0.0001 \times t$ мс на шаге $t$. На каком шаге $t$ инференс Трансформера станет медленнее LSTM?</p>	<p>Приравняем время:</p> <p>$$ 0.05 + 0.0001 \cdot t = 0.1 \implies 0.0001 \cdot t = 0.05 \implies t = \frac{0.05}{0.0001} = 500 $$</p> <p>До 500 токенов Трансформер быстрее за счет оптимизации вычислений, после 500 токенов LSTM становится быстрее из-за отсутствия накладных расходов на чтение растущего контекста.</p>	Лекция_18	Билет_17_LSTM_vs_Трансформер
<b>Задача 6. Сравнение масштабируемости (Scaling Laws)</b><br><p>Почему при увеличении параметров с 100M до 100B качество LSTM выходит на плато (насыщается), а качество Трансформеров подчиняется строгим степенным законам (Chinchilla Scaling Laws)?</p>	<p>В LSTM увеличение ширины $d$ утяжеляет матрицы перехода, но не решает фундаментальную проблему <strong>бутылочного горлышка сжатия всей истории в один вектор $h_t$</strong> и затухания градиента на глубине по времени. В Трансформере увеличение параметров прямо расширяет емкость прямого взаимодействия всех пар токенов без информационных узких мест.</p>	Лекция_18	Билет_17_LSTM_vs_Трансформер
<b>Задача 1. Расчет косинусного сходства (Cosine Similarity)</b><br><p>Даны векторы трех слов: $\vec{v}(\text{кот}) = [1, 2]$, $\vec{v}(\text{пес}) = [2, 4]$, $\vec{v}(\text{дом}) = [-2, 1]$. Найдите косинусное сходство между парами «кот-пес» и «кот-дом».</p>	<p>1. Пара «кот-пес»:</p> <p>Скалярное произведение: $1 \cdot 2 + 2 \cdot 4 = 2 + 8 = 10$.</p> <p>Нормы: $\|\vec{v}_{\text{кот}}\| = \sqrt{1^2 + 2^2} = \sqrt{5}$, $\|\vec{v}_{\text{пес}}\| = \sqrt{2^2 + 4^2} = \sqrt{20} = 2\sqrt{5}$.</p> <p>$$ \cos(\text{кот}, \text{пес}) = \frac{10}{\sqrt{5} \cdot 2\sqrt{5}} = \frac{10}{10} = 1.0 \quad (\text{Коллинеарны!}) $$</p> <p>2. Пара «кот-дом»:</p> <p>Скалярное произведение: $1 \cdot (-2) + 2 \cdot 1 = -2 + 2 = 0$.</p> <p>$$ \cos(\text{кот}, \text{дом}) = 0.0 \quad (\text{Ортогональны}) $$</p>	Лекция_19	Билет_18_Тексты_токенизация_Word2Vec
<b>Задача 2. Ручной шаг алгоритма BPE</b><br><p>Дан мини-корпус со счетчиками слов: <code>{"н и з к и й &lt;/w&gt;": 5, "н и з о к &lt;/w&gt;": 2, "в ы с о к и й &lt;/w&gt;": 3}</code>. Какая пара символов будет объединена на первом шаге BPE?</p>	<p>Посчитаем частоты всех пар:</p> <ul> <li><code>(н, и)</code>: 5 + 2 = 7</li> <li><code>(и, з)</code>: 5 + 2 = 7</li> <li><code>(з, к)</code>: 5</li> <li><code>(к, и)</code>: 5 + 3 = 8</li> <li><code>(и, й)</code>: 5 + 3 = 8</li> <li><code>(й, &lt;/w&gt;)</code>: 5 + 3 = 8</li> <li><code>(з, о)</code>: 2</li> <li><code>(о, к)</code>: 2 + 3 = 5</li> <li><code>(в, ы)</code>: 3</li> <li><code>(ы, с)</code>: 3</li> <li><code>(с, о)</code>: 3</li> </ul> <p>Пары <code>(к, и)</code>, <code>(и, й)</code> и <code>(й, &lt;/w&gt;)</code> имеют максимальную частоту 8. Алгоритм выберет первую из них — <code>(к, и)</code> — и объединит в токен <code>ки</code>.</p>	Лекция_19	Билет_18_Тексты_токенизация_Word2Vec
<b>Задача 3. Подсчет обучающих пар в Skip-gram</b><br><p>Предложение: <em>«глубокое обучение трансформирует весь современный мир»</em> (6 слов). Размер окна контекста $c = 2$. Сколько обучающих пар $(w_I, w_O)$ сформирует Skip-gram без учета краев?</p>	<p>Для каждого центрального слова с полным окном генерируется $2c = 4$ пары.</p> <ul> <li>Слово 1 (глубокое): 2 соседа справа $\to$ 2 пары.</li> <li>Слово 2 (обучение): 1 слева, 2 справа $\to$ 3 пары.</li> <li>Слово 3 (трансформирует): 2 слева, 2 справа $\to$ 4 пары.</li> <li>Слово 4 (весь): 2 слева, 2 справа $\to$ 4 пары.</li> <li>Слово 5 (современный): 2 слева, 1 справа $\to$ 3 пары.</li> <li>Слово 6 (мир): 2 слева $\to$ 2 пары.</li> </ul> <p>$$ \text{Всего пар} = 2 + 3 + 4 + 4 + 3 + 2 = 18 \text{ пар} $$</p>	Лекция_19	Билет_18_Тексты_токенизация_Word2Vec
<b>Задача 4. Подсчет параметров Word2Vec</b><br><p>Словарь содержит $|V| = 100\,000$ слов, размерность эмбеддинга $d = 300$. Сколько суммарно параметров содержат матрицы $W$ и $W'$ модели Word2Vec?</p>	<p>Матрица $W$ (входная): $100\,000 \times 300 = 30\,000\,000$.</p> <p>Матрица $W'$ (выходная): $100\,000 \times 300 = 30\,000\,000$.</p> <p>$$ \text{Итого} = 60\,000\,000 \text{ параметров} \approx 240 \text{ МБ (в float32)} $$</p>	Лекция_19	Билет_18_Тексты_токенизация_Word2Vec
<b>Задача 5. Расчет вероятности Negative Sampling со степенью 0.75</b><br><p>В словаре два слова: слово A встретилось 10 000 раз, слово B — 16 раз. Во сколько раз отношение частот изменится после возведения в степень 0.75?</p>	<p>1. Исходное отношение: $\frac{10\,000}{16} = 625$ раз.</p> <p>2. После степени 0.75:</p> <p>$10\,000^{0.75} = (10^4)^{3/4} = 10^3 = 1000$.</p> <p>$16^{0.75} = (2^4)^{3/4} = 2^3 = 8$.</p> <p>Новое отношение: $\frac{1000}{8} = 125$ раз.</p> <p><strong>Вывод:</strong> Относительная вероятность выбора редкого слова B в качестве негативного примера выросла в 5 раз!</p>	Лекция_19	Билет_18_Тексты_токенизация_Word2Vec
<b>Задача 6. Векторная семантическая аналогия</b><br><p>Даны векторы: $\vec{v}(\text{Франция}) = [2, 1]$, $\vec{v}(\text{Париж}) = [2, 3]$, $\vec{v}(\text{Германия}) = [5, 1]$. Найдите вектор целевого слова $X$ по правилу: $\vec{v}(\text{Париж}) - \vec{v}(\text{Франция}) + \vec{v}(\text{Германия})$.</p>	<p>$$ \vec{v}(X) = [2, 3] - [2, 1] + [5, 1] = [0, 2] + [5, 1] = [5, 3] $$</p> <p>Среди векторов словаря ищется слово с максимальным косинусным сходством к вектору $[5, 3]$ — это будет вектор слова <strong>«Берлин»</strong>.</p>	Лекция_19	Билет_18_Тексты_токенизация_Word2Vec
<b>Задача 1. Расчет Перплексии по потерям</b><br><p>Языковая модель показала усредненный лосс кросс-энтропии $\text{NLL} = 2.3026$ (натуральный логарифм). Чему равна Перплексия модели?</p>	<p>$$ \text{PPL} = \exp(2.3026) = e^{2.3026} \approx 10.0 $$</p> <p>Модель выбирает следующее слово с уверенностью, эквивалентной выбору из 10 равновероятных слов.</p>	Лекция_20	Билет_19_Машинный_перевод_BLEU
<b>Задача 2. Расчет Brevity Penalty</b><br><p>Длина эталона $r = 20$ слов, длина перевода модели $c = 15$ слов. Рассчитайте коэффициент Brevity Penalty.</p>	<p>Так как $c < r$:</p> <p>$$ \text{BP} = \exp\left(1 - \frac{20}{15}\right) = \exp\left(1 - 1.333\right) = \exp(-0.333) \approx 0.7165 $$</p> <p>Итоговый скор BLEU будет уменьшен почти на $28\%$ из-за неполноты длины.</p>	Лекция_20	Билет_19_Машинный_перевод_BLEU
<b>Задача 3. Ручной расчет Top-p (Nucleus) пула</b><br><p>Словарь и вероятности: $w_1: 0.50$, $w_2: 0.25$, $w_3: 0.15$, $w_4: 0.07$, $w_5: 0.03$. Задан порог $p = 0.85$. Какие слова войдут в ядро Nucleus?</p>	<p>Считаем накопленную (кумулятивную) сумму вероятностей по убыванию:</p> <ul> <li>$w_1$: $0.50 \le 0.85$ (берем). Накоплено: 0.50.</li> <li>$w_2$: $0.50 + 0.25 = 0.75 \le 0.85$ (берем). Накоплено: 0.75.</li> <li>$w_3$: $0.75 + 0.15 = 0.90 \ge 0.85$ (берем и останавливаемся, порог $0.85$ достигнут!).</li> </ul> <p>В ядро войдут слова: <strong>$\{w_1, w_2, w_3\}$</strong>. Слова $w_4$ и $w_5$ отсекаются.</p>	Лекция_20	Билет_19_Машинный_перевод_BLEU
<b>Задача 4. Влияние температуры на вероятности</b><br><p>Логиты двух токенов: $z_1 = 4.0, z_2 = 2.0$. Найдите вероятность $P(w_1)$ при: (а) $T=1.0$; (б) $T=2.0$.</p>	<p><strong>(а) При $T=1.0$:</strong></p> <p>$P(w_1) = \frac{e^4}{e^4 + e^2} = \frac{54.6}{54.6 + 7.39} = \frac{54.6}{61.99} \approx 0.881 \quad (88.1\%)$.</p> <p><strong>(б) При $T=2.0$:</strong></p> <p>Логиты делятся на 2: $z_1' = 2.0, z_2' = 1.0$.</p> <p>$P(w_1) = \frac{e^2}{e^2 + e^1} = \frac{7.39}{7.39 + 2.72} = \frac{7.39}{10.11} \approx 0.731 \quad (73.1\%)$.</p> <p><em>Повышение температуры снизило доминирование лидера с 88.1% до 73.1%.</em></p>	Лекция_20	Билет_19_Машинный_перевод_BLEU
<b>Задача 5. Геометрическое зануление BLEU</b><br><p>Перевод модели: $p_1 = 0.8, p_2 = 0.6, p_3 = 0.4, p_4 = 0.0$. Чему равен классический BLEU-4?</p>	<p>В формуле BLEU используется геометрическое среднее: $\exp\left(\frac{1}{4} \sum \ln p_n\right) = (p_1 p_2 p_3 p_4)^{1/4}$.</p> <p>Так как $p_4 = 0.0$, то $(0.8 \cdot 0.6 \cdot 0.4 \cdot 0.0)^{1/4} = 0.0$.</p> <p>$$ \text{BLEU-4} = 0.0 $$</p> <p><strong>Примечание:</strong> В современных библиотеках (SacreBLEU) для коротких фраз применяют сглаживание (Smoothing), заменяя $0$ на малое значение $\epsilon$.</p>	Лекция_20	Билет_19_Машинный_перевод_BLEU
<b>Задача 6. Сравнение Beam Search с шириной B=1 и B=4</b><br><p>Пусть словарь $|V| = 32\,000$, длина генерации $T = 50$. Сколько вызовов модели на шаг требуется при Greedy Search ($B=1$) и Beam Search ($B=4$)?</p>	<p>При $B=1$: на каждом шаге обрабатывается 1 гипотеза $\to 50$ прогонов декодера.</p> <p>При $B=4$: на каждом шаге обрабатывается $B=4$ гипотезы параллельно (размер батча 4) $\to 4 \times 50 = 200$ прогонов.</p>	Лекция_20	Билет_19_Машинный_перевод_BLEU
<b>Задача 1. Расчет числа обучаемых параметров в LoRA</b><br><p>Матрицы внимания в LLaMA: $W^Q, W^V \in \mathbb{R}^{4096 \times 4096}$. Применяем LoRA ранга $r = 8$. Сколько параметров содержат матрицы $A$ и $B$ для одного линейного слоя? Во сколько раз это меньше полного слоя?</p>	<p>1. Полный слой $W_0$: $4096 \times 4096 = 16\,777\,216$ параметров.</p> <p>2. LoRA адаптер: $A \in \mathbb{R}^{4096 \times 8}$ ($32\,768$), $B \in \mathbb{R}^{8 \times 4096}$ ($32\,768$).</p> <p>$$ \text{Параметры LoRA} = 32\,768 + 32\,768 = 65\,536 $$</p> <p>Коэффициент сжатия: $\frac{16\,777\,216}{65\,536} = 256$ раз (сокращение на <strong>99.61%</strong>!).</p>	Лекция_21	Билет_20_Архитектуры_Энкодер_Декодер_Энкодер-Декодер
<b>Задача 2. Расчет маскирования токенов в BERT (MLM)</b><br><p>Предложение содержит 100 токенов. Сколько токенов будет выбрано для MLM? Сколько из них станут `[MASK]`, сколько заменятся на случайное слово и сколько останутся без изменений?</p>	<p>1. Всего для MLM: $15\% \times 100 = 15$ токенов.</p> <p>2. Распределение:</p> <ul> <li>$80\%$ заменятся на `[MASK]`: $0.8 \times 15 = 12$ токенов.</li> <li>$10\%$ заменятся случайным словом: $0.1 \times 15 = 1.5 \to 1–2$ токена.</li> <li>$10\%$ останутся без изменений: $0.1 \times 15 = 1.5 \to 1–2$ токена.</li> </ul>	Лекция_21	Билет_20_Архитектуры_Энкодер_Декодер_Энкодер-Декодер
<b>Задача 3. Память состояний оптимизатора Adam при полном FT vs LoRA</b><br><p>Модель 7B параметров (float16, 14 ГБ весов). Оптимизатор Adam хранит 2 состояния на каждый параметр (float32, 8 байт). Сколько памяти займет Adam при полном Fine-tuning и при LoRA ($0.1\%$ параметров)?</p>	<p>1. Полный Fine-tuning:</p> <p>$7 \times 10^9 \times 8 \text{ байт} = 56 \text{ ГБ}$ VRAM только под оптимизатор!</p> <p>2. При LoRA (0.1% параметров = 7M параметров):</p> <p>$7 \times 10^6 \times 8 \text{ байт} = 56 \text{ МБ}$ VRAM.</p> <p><em>LoRA снижает требования к видеопамяти под градиенты и оптимизатор в 1000 раз.</em></p>	Лекция_21	Билет_20_Архитектуры_Энкодер_Декодер_Энкодер-Декодер
<b>Задача 4. Определение типа маски внимания по архитектуре</b><br><p>У нас есть три модели: BERT, GPT-3 и Энкодер модели T5. Какие из них используют причинную маску $M_{ij} = -\infty$ при $j > i$ в слое Self-Attention?</p>	<p>Причинную маску использует <strong>только GPT-3</strong> (Decoder-only).</p> <p>BERT и Энкодер T5 используют двунаправленное самовнимание без маскирования будущих позиций.</p>	Лекция_21	Билет_20_Архитектуры_Энкодер_Декодер_Энкодер-Декодер
<b>Задача 5. Подсчет вычислений Span Corruption в T5</b><br><p>Входная последовательность $T=1000$ токенов. Мы замаскировали 15% токенов средними спанами по 3 слова (всего 50 спанов по 3 слова = 150 слов). Сколько токенов должен сгенерировать декодер T5 при предобучении?</p>	<p>Декодер генерирует токен-страж перед каждым спаном плюс сами скрытые слова:</p> <p>$$ \text{Длина выхода} = 50 \text{ токенов-стражей} + 150 \text{ восстановленных слов} = 200 \text{ токенов} $$</p> <p>Вместо генерации всех 1000 токенов декодер генерирует только 200, что ускоряет предобучение в 5 раз.</p>	Лекция_21	Билет_20_Архитектуры_Энкодер_Декодер_Энкодер-Декодер
<b>Задача 6. Объединение весов LoRA с базовой моделью для инференса</b><br><p>Пусть базовая матрица $W_0 \in \mathbb{R}^{4 \times 4}$, матрицы LoRA $A \in \mathbb{R}^{4 \times 1}, B \in \mathbb{R}^{1 \times 4}$, коэффициент масштабирования $\frac{\alpha}{r} = 1.0$. Как получить единую матрицу весов $W_{\text{merged}}$, чтобы инференс работал с нулевой дополнительной задержкой?</p>	<p>Перед развертыванием в продакшн вычисляется прямое матричное произведение $\Delta W = A \cdot B \in \mathbb{R}^{4 \times 4}$ и прибавляется к весам базовой модели:</p> $$ W_{\text{merged}} = W_0 + (A \cdot B) $$ <p>Полученная матрица $W_{\text{merged}}$ имеет точно такой же размер $4 \times 4$, как оригинальный слой. Во время инференса нет никаких накладных расходов на вычисление адаптеров!</p>	Лекция_21	Билет_20_Архитектуры_Энкодер_Декодер_Энкодер-Декодер
<b>Задача 1. Расчет дисконтированного дохода $G_0$ вручную</b><br><p>Агент получил последовательность наград: $r_1 = 2, r_2 = -1, r_3 = 4, r_4 = 10$ (терминальный шаг). Коэффициент дисконтирования $\gamma = 0.5$. Найдите доход $G_0$.</p>	<p>Формула: $G_0 = r_1 + \gamma r_2 + \gamma^2 r_3 + \gamma^3 r_4$.</p> <p>$$ G_0 = 2 + 0.5 \cdot (-1) + 0.25 \cdot 4 + 0.125 \cdot 10 $$</p> <p>$$ G_0 = 2 - 0.5 + 1.0 + 1.25 = 3.75 $$</p>	Лекция_22	Билет_21_RL_Строение_агента_MDP
<b>Задача 2. Рекуррентный пересчет дохода от конца траектории</b><br><p>Для той же траектории ($r_1=2, r_2=-1, r_3=4, r_4=10, \gamma=0.5$) найдите значения $G_3, G_2, G_1, G_0$ с конца через $G_t = r_{t+1} + \gamma G_{t+1}$.</p>	<ul> <li>$G_3 = r_4 = 10.0$ (терминальный шаг).</li> <li>$G_2 = r_3 + \gamma G_3 = 4 + 0.5 \cdot 10.0 = 4 + 5 = 9.0$.</li> <li>$G_1 = r_2 + \gamma G_2 = -1 + 0.5 \cdot 9.0 = -1 + 4.5 = 3.5$.</li> <li>$G_0 = r_1 + \gamma G_1 = 2 + 0.5 \cdot 3.5 = 2 + 1.75 = 3.75$.</li> </ul> <p>Значение $G_0 = 3.75$ в точности совпало!</p>	Лекция_22	Билет_21_RL_Строение_агента_MDP
<b>Задача 3. Расчет $V(s)$ через значения $Q(s, a)$</b><br><p>В состоянии $s$ доступны 3 действия. $Q(s, a_1) = 10, Q(s, a_2) = 2, Q(s, a_3) = -4$. Стохастическая стратегия агента: $\pi(a_1 \mid s) = 0.6, \pi(a_2 \mid s) = 0.3, \pi(a_3 \mid s) = 0.1$. Найдите $V^\pi(s)$.</p>	<p>Формула: $V^\pi(s) = \sum \pi(a \mid s) Q^\pi(s, a)$.</p> <p>$$ V^\pi(s) = 0.6 \cdot 10 + 0.3 \cdot 2 + 0.1 \cdot (-4) = 6.0 + 0.6 - 0.4 = 6.2 $$</p>	Лекция_22	Билет_21_RL_Строение_агента_MDP
<b>Задача 4. Теоретический предел бесконечного дохода</b><br><p>В бесконечной задаче агент на каждом шаге получает постоянную награду $r_t = 5$. Коэффициент дисконтирования $\gamma = 0.9$. Чему равен суммарный доход $G_t$?</p>	<p>Формула суммы бесконечной геометрической прогрессии:</p> <p>$$ G_t = \sum_{k=0}^\infty \gamma^k r = \frac{r}{1 - \gamma} = \frac{5}{1 - 0.9} = \frac{5}{0.1} = 50.0 $$</p>	Лекция_22	Билет_21_RL_Строение_агента_MDP
<b>Задача 5. Расчет эффективного горизонта планирования</b><br><p>При $\gamma = 0.99$, через сколько шагов $k$ влияние будущей награды $r_{t+k}$ уменьшится в $e \approx 2.718$ раз ($\gamma^k \approx 1/e$)?</p>	<p>Используем приближение $\ln(1 - x) \approx -x$:</p> <p>$$ \gamma^k = (1 - 0.01)^k \approx e^{-0.01 k} = e^{-1} \implies 0.01 k = 1 \implies k = \frac{1}{1 - \gamma} = \frac{1}{0.01} = 100 \text{ шагов} $$</p> <p>Эффективный горизонт планирования при $\gamma=0.99$ составляет около 100 шагов.</p>	Лекция_22	Билет_21_RL_Строение_агента_MDP
<b>Задача 6. Проверка марковского свойства на физической задаче</b><br><p>Положение маятника описывается координатой угла $\theta_t$. Является ли состояние $s_t = (\theta_t)$ марковским для прогноза угла на следующем шаге $\theta_{t+1}$? Если нет, как сделать его марковским?</p>	<p><strong>Нет, не является.</strong> Зная только угол $\theta_t$, мы не знаем, куда маятник движется (по часовой стрелке или против) и с какой скоростью.</p> <p><strong>Решение:</strong> Включить угловую скорость $\dot{\theta}_t$ в вектор состояния: $s_t = (\theta_t, \dot{\theta}_t)$. В механике Ньютона положение и скорость в момент $t$ однозначно определяют положение в момент $t+1$, делая состояние марковским.</p>	Лекция_22	Билет_21_RL_Строение_агента_MDP
<b>Задача 1. Расчет $V^*(s)$ по доступным $Q^*(s, a)$</b><br><p>В состоянии $s$ агент может пойти в 3 стороны: $Q^*(s, \text{влево}) = 5.2$, $Q^*(s, \text{прямо}) = 8.7$, $Q^*(s, \text{вправо}) = 4.1$. Чему равно оптимальное значение ценности состояния $V^*(s)$ и каково оптимальное действие $\pi^*(s)$?</p>	<p>Формула: $V^*(s) = \max_a Q^*(s, a)$.</p> <p>$$ V^*(s) = \max(5.2, 8.7, 4.1) = 8.7 $$</p> <p>$$ \pi^*(s) = \arg\max_a Q^*(s, a) = \text{«прямо»} $$</p>	Лекция_23	Билет_22_(ч.1)_Уравнение_Беллмана
<b>Задача 2. Ручной расчет шага оператора Беллмана</b><br><p>Из состояния $s$ действие $a_1$ дает немедленную награду $r=3$ и переводит в $s_1$ ($V_0(s_1) = 10$). Действие $a_2$ дает $r=1$ и переводит в $s_2$ ($V_0(s_2) = 20$). Коэффициент $\gamma = 0.8$. Найдите $V_1(s) = (\mathcal{T}^* V_0)(s)$.</p>	<p>1. Для $a_1$: $Q(s, a_1) = 3 + 0.8 \cdot 10 = 3 + 8 = 11$.</p> <p>2. Для $a_2$: $Q(s, a_2) = 1 + 0.8 \cdot 20 = 1 + 16 = 17$.</p> <p>$$ V_1(s) = \max(11, 17) = 17 $$</p>	Лекция_23	Билет_22_(ч.1)_Уравнение_Беллмана
<b>Задача 3. Матричное решение линейного уравнения Беллмана</b><br><p>В среде одно состояние $s$ с переходом в себя: $\mathcal{P}(s \mid s) = 1.0$, награда $r = 6$, $\gamma = 0.75$. Найдите $V^\pi(s)$ аналитически.</p>	<p>Уравнение: $V(s) = r + \gamma V(s) \implies (1 - \gamma) V(s) = r$.</p> <p>$$ V(s) = \frac{r}{1 - \gamma} = \frac{6}{1 - 0.75} = \frac{6}{0.25} = 24.0 $$</p>	Лекция_23	Билет_22_(ч.1)_Уравнение_Беллмана
<b>Задача 4. Оценка погрешности после $k$ итераций Беллмана</b><br><p>Начальная ошибка $\|V_0 - V^*\|_\infty = 100$. Коэффициент дисконтирования $\gamma = 0.5$. Сколько итераций оператора Беллмана нужно сделать, чтобы гарантировать ошибку $\|V_k - V^*\|_\infty \le 0.1$?</p>	<p>По свойству сжатия: $\|V_k - V^*\|_\infty \le \gamma^k \|V_0 - V^*\|_\infty \le 0.1$.</p> <p>$$ 0.5^k \cdot 100 \le 0.1 \implies 0.5^k \le 0.001 \implies 2^k \ge 1000 \implies k \ge 10 $$</p> <p>Достаточно сделать 10 итераций.</p>	Лекция_23	Билет_22_(ч.1)_Уравнение_Беллмана
<b>Задача 5. Расчет Беллмана для стохастической среды</b><br><p>Действие $a$ в состоянии $s$ дает награду $r=2$. Среда с вероятностью $0.7$ переходит в $s_1$ ($V(s_1)=10$) и с вероятностью $0.3$ в $s_2$ ($V(s_2)=0$). При $\gamma = 0.9$ найдите $Q(s, a)$.</p>	<p>$$ Q(s, a) = r + \gamma \left( 0.7 \cdot V(s_1) + 0.3 \cdot V(s_2) \right) $$</p> <p>$$ Q(s, a) = 2 + 0.9 \cdot (0.7 \cdot 10 + 0.3 \cdot 0) = 2 + 0.9 \cdot 7.0 = 2 + 6.3 = 8.3 $$</p>	Лекция_23	Билет_22_(ч.1)_Уравнение_Беллмана
<b>Задача 6. Влияние сдвига наград на $V(s)$</b><br><p>Все награды в среде увеличили на константу $c$: $r' = r + c$. Как изменится истинное значение $V^\pi(s)$ для всех состояний при бесконечном горизонте?</p>	<p>$$ G'_t = \sum_{k=0}^\infty \gamma^k (r_{t+k+1} + c) = G_t + c \sum_{k=0}^\infty \gamma^k = G_t + \frac{c}{1 - \gamma} $$</p> <p>Значение $V^\pi(s)$ в каждом состоянии увеличится на строго постоянную величину $\frac{c}{1 - \gamma}$.</p>	Лекция_23	Билет_22_(ч.1)_Уравнение_Беллмана
<b>Задача 1. Расчет шага Value Iteration</b><br><p>Состояние $s$. Действие $a_1$: $r=2$, ведет в $s_1$ ($V_0(s_1)=4$). Действие $a_2$: $r=0$, ведет в $s_2$ ($V_0(s_2)=10$). При $\gamma = 0.5$ найдите $V_1(s)$.</p>	<p>$Q(s, a_1) = 2 + 0.5 \cdot 4 = 2 + 2 = 4$.</p> <p>$Q(s, a_2) = 0 + 0.5 \cdot 10 = 5$.</p> <p>$$ V_1(s) = \max(4, 5) = 5 $$</p> <p>Жадное действие: $a_2$.</p>	Лекция_24	Билет_22_(ч.2)_Value/Policy_Iteration_Монте-Карло
<b>Задача 2. Расчет First-Visit Monte Carlo</b><br><p>Сгенерирован эпизод: $s_1 \xrightarrow{r=1} s_2 \xrightarrow{r=2} s_1 \xrightarrow{r=3} s_3 \xrightarrow{r=10} \text{End}$. $\gamma = 1.0$. Найдите доход $G(s_1)$ по правилу First-Visit MC.</p>	<p>Первое посещение $s_1$ произошло на шаге 0. Доход от этого момента до конца:</p> <p>$$ G_0 = 1 + 2 + 3 + 10 = 16 $$</p> <p>(Второе посещение $s_1$ на шаге 2 с доходом $3 + 10 = 13$ игнорируется).</p>	Лекция_24	Билет_22_(ч.2)_Value/Policy_Iteration_Монте-Карло
<b>Задача 3. Оценка числа стратегий в дискретном MDP</b><br><p>Среда GridWorld $4 \times 4$ (16 клеток, 1 терминальная). В каждой клетке доступно 4 действия. Сколько всего существует различных детерминированных стратегий?</p>	<p>Число нетерминальных состояний: $|\mathcal{S}| = 15$. В каждом 4 действия.</p> <p>$$ \text{Число стратегий} = |\mathcal{A}|^{|\mathcal{S}|} = 4^{15} = 2^{30} = 1\,073\,741\,824 \approx 1.07 \times 10^9 $$</p> <p>Полный перебор невозможен, но Policy Iteration находит оптимум всего за 4–5 шагов!</p>	Лекция_24	Билет_22_(ч.2)_Value/Policy_Iteration_Монте-Карло
<b>Задача 4. Условие остановки Policy Evaluation</b><br><p>Вектор $V_k = [4.0, 5.0]$, вектор $V_{k+1} = [4.0005, 4.9998]$. Порог $\theta = 0.001$. Остановится ли алгоритм оценивания?</p>	<p>$$ \Delta = \max(|4.0005 - 4.0|, |4.9998 - 5.0|) = \max(0.0005, 0.0002) = 0.0005 $$</p> <p>Так как $\Delta = 0.0005 < \theta = 0.001$, условие остановки выполнено, алгоритм завершает фазу оценки.</p>	Лекция_24	Билет_22_(ч.2)_Value/Policy_Iteration_Монте-Карло
<b>Задача 5. Дисперсия MC vs DP на простом примере</b><br><p>Из состояния $s$ агент делает 10 шагов. На каждом шаге награда случайна: $r \in \{-1, +1\}$ с вероятностью 0.5. Чему равна дисперсия оценки дохода в MC при $\gamma=1$?</p>	<p>Доход $G = \sum_{t=1}^{10} r_t$. Дисперсия одного шага $\text{Var}(r) = 1$.</p> <p>Дисперсия суммы 10 независимых шагов: $\text{Var}(G) = 10 \times 1 = 10$.</p> <p><em>В методах Монте-Карло дисперсия накапливается линейно с ростом длины траектории.</em></p>	Лекция_24	Билет_22_(ч.2)_Value/Policy_Iteration_Монте-Карло
<b>Задача 6. Доказательство оптимальности стратегии</b><br><p>Для всех состояний $s$ выполнено: $\arg\max_a Q^\pi(s, a) = \pi(s)$. Что это означает для стратегии $\pi$?</p>	<p>Это означает, что шаг Policy Improvement оставляет стратегию неизменной: $\pi'(s) = \pi(s)$. По теореме об улучшении стратегии это необходимое и достаточное условие того, что стратегия $\pi$ является <strong>глобально оптимальной: $\pi = \pi^*$</strong>.</p>	Лекция_24	Билет_22_(ч.2)_Value/Policy_Iteration_Монте-Карло
<b>Задача 1. Ручной расчет шага Q-learning</b><br><p>Текущее $Q(s, a) = 5.0$. Агент получил награду $r = 2.0$ и перешел в $s'$, где $Q(s', a_1) = 8.0, Q(s', a_2) = 4.0$. Параметры: $\gamma = 0.5, \alpha = 0.1$. Найдите новое значение $Q(s, a)$.</p>	<p>1. TD-мишень: $y = r + \gamma \max Q(s', a') = 2.0 + 0.5 \cdot \max(8.0, 4.0) = 2.0 + 0.5 \cdot 8.0 = 6.0$.</p> <p>2. TD-ошибка: $\delta = y - Q(s, a) = 6.0 - 5.0 = 1.0$.</p> <p>3. Обновление: $Q_{\text{new}}(s, a) = 5.0 + 0.1 \cdot 1.0 = 5.1$.</p>	Лекция_25	Билет_23_TD-обучение_SARSA_Q-learning
<b>Задача 2. Ручной расчет шага SARSA</b><br><p>В тех же условиях ($Q(s, a) = 5.0, r = 2.0, \gamma=0.5, \alpha=0.1$). Агент перешел в $s'$ и по $\epsilon$-greedy стратегии случайно выбрал действие $a_2$ ($Q(s', a_2) = 4.0$). Найдите новое значение $Q(s, a)$.</p>	<p>1. TD-мишень SARSA: $y = r + \gamma Q(s', a_2) = 2.0 + 0.5 \cdot 4.0 = 4.0$.</p> <p>2. TD-ошибка: $\delta = 4.0 - 5.0 = -1.0$.</p> <p>3. Обновление: $Q_{\text{new}}(s, a) = 5.0 + 0.1 \cdot (-1.0) = 4.9$.</p> <p><em>(В Q-learning значение выросло до 5.1, а в SARSA упало до 4.9 из-за учета выбранного действия $a_2$!).</em></p>	Лекция_25	Билет_23_TD-обучение_SARSA_Q-learning
<b>Задача 3. Расчет мишени Double DQN (DDQN)</b><br><p>В состоянии $s'$ основная сеть выдает: $Q(s', a_1; \theta) = 10.0, Q(s', a_2; \theta) = 12.0$. Целевая сеть выдает: $Q(s', a_1; \theta^-) = 9.0, Q(s', a_2; \theta^-) = 5.0$. Награда $r = 1.0, \gamma = 0.9$. Найдите мишень $y$ для DQN и Double DQN.</p>	<p>1. <strong>Обычный DQN:</strong> $y = r + \gamma \max Q(s', a'; \theta^-) = 1.0 + 0.9 \cdot \max(9.0, 5.0) = 1.0 + 0.9 \cdot 9.0 = 9.1$.</p> <p>2. <strong>Double DQN:</strong></p> <ul> <li>Основная сеть выбирает действие: $a^* = \arg\max(10.0, 12.0) = a_2$.</li> <li>Целевая сеть оценивает это действие $a_2$: $Q(s', a_2; \theta^-) = 5.0$.</li> <li>$y^{\text{DDQN}} = 1.0 + 0.9 \cdot 5.0 = 1.0 + 4.5 = 5.5$.</li> </ul> <p>Double DQN предотвратил переоценку мишени с 9.1 до 5.5.</p>	Лекция_25	Билет_23_TD-обучение_SARSA_Q-learning
<b>Задача 4. Учет терминального состояния в TD-таргете</b><br><p>Агент перешел в терминальное состояние $s_{\text{term}}$ (флаг `done = True`) с наградой $r = 10.0$. Чему равна TD-мишень $y$ при любом значении $\gamma$ и любых предсказаниях сети?</p>	<p>В терминальном состоянии будущее завершено, ценность преемников строго равна 0:</p> <p>$$ y = r + \gamma \cdot 0 = 10.0 $$</p>	Лекция_25	Билет_23_TD-обучение_SARSA_Q-learning
<b>Задача 5. Разделение потоков в Dueling DQN</b><br><p>Для состояния $s$ сеть выдала $V(s) = 10.0$ и вектор преимуществ $A(s) = [2.0, 4.0, 0.0]$. Найдите итоговые Q-значения для всех трех действий.</p>	<p>Среднее преимуществ: $\bar{A} = \frac{2.0 + 4.0 + 0.0}{3} = 2.0$.</p> <p>Формула: $Q(s, a_i) = V(s) + (A(s, a_i) - \bar{A})$.</p> <ul> <li>$Q(s, a_1) = 10.0 + (2.0 - 2.0) = 10.0$.</li> <li>$Q(s, a_2) = 10.0 + (4.0 - 2.0) = 12.0$.</li> <li>$Q(s, a_3) = 10.0 + (0.0 - 2.0) = 8.0$.</li> </ul>	Лекция_25	Билет_23_TD-обучение_SARSA_Q-learning
<b>Задача 6. Мягкое обновление весов (Polyak Averaging)</b><br><p>Вместо жесткого копирования весов каждые $C$ шагов используется Polyak averaging: $\theta^- \leftarrow \tau \theta + (1-\tau) \theta^-$. Пусть $\theta^- = 10.0, \theta = 20.0, \tau = 0.01$. Найдите новое значение $\theta^-$.</p>	<p>$$ \theta^- = 0.01 \cdot 20.0 + 0.99 \cdot 10.0 = 0.2 + 9.9 = 10.1 $$</p>	Лекция_25	Билет_23_TD-обучение_SARSA_Q-learning
<b>Задача 1. Расчет градиента логарифма Softmax-стратегии</b><br><p>Два действия с логитами $z_1 = 2.0, z_2 = 0.0$. Агент выбрал действие $a_1$. Найдите вектор градиента $\frac{\partial \log \pi(a_1)}{\partial z}$ по логитам $[z_1, z_2]$.</p>	<p>1. Вероятности: $\pi(a_1) = \frac{e^2}{e^2 + e^0} = \frac{7.39}{8.39} \approx 0.88$, $\pi(a_2) \approx 0.12$.</p> <p>2. Формула производной: $\frac{\partial \log \pi(a_i)}{\partial z_j} = \mathbb{I}(i=j) - \pi(a_j)$.</p> <ul> <li>По $z_1$: $1 - \pi(a_1) = 1 - 0.88 = +0.12$.</li> <li>По $z_2$: $0 - \pi(a_2) = -0.12$.</li> </ul> <p>$$ \nabla_z \log \pi(a_1) = [+0.12, \, -0.12] $$</p>	Лекция_26	Билет_24_Policy_Gradient_REINFORCE
<b>Задача 2. Расчет PPO-Clip лосса</b><br><p>Преимущество $A_t = +5.0$. Старая вероятность $\pi_{\text{old}} = 0.2$, новая вероятность $\pi_\theta = 0.3$. Параметр клиппинга $\epsilon = 0.2$. Найдите значение $L^{\text{CLIP}}$.</p>	<p>1. Отношение вероятностей: $r_t(\theta) = \frac{0.3}{0.2} = 1.5$.</p> <p>2. Клиппинг: $\text{clip}(1.5, 1 - 0.2, 1 + 0.2) = \text{clip}(1.5, 0.8, 1.2) = 1.2$.</p> <p>3. Неклиппированное слагаемое: $r_t A_t = 1.5 \cdot 5.0 = 7.5$.</p> <p>4. Клиппированное слагаемое: $\text{clip} \cdot A_t = 1.2 \cdot 5.0 = 6.0$.</p> <p>$$ L^{\text{CLIP}} = \min(7.5, 6.0) = 6.0 $$</p> <p>Клиппинг ограничил чрезмерный рост лосса.</p>	Лекция_26	Билет_24_Policy_Gradient_REINFORCE
<b>Задача 3. Расчет преимущества (Advantage)</b><br><p>В состоянии $s$ ценность $V(s) = 8.0$. Действие $a$ привело к фактическому доходу $G = 12.0$. Чему равен Advantage $A(s, a)$ и к чему приведет шаг обновления?</p>	<p>$$ A(s, a) = G - V(s) = 12.0 - 8.0 = +4.0 $$</p> <p>Так как Advantage положителен ($+4.0$), шаг градиентного подъема <strong>увеличит вероятность</strong> выбора действия $a$ в состоянии $s$.</p>	Лекция_26	Билет_24_Policy_Gradient_REINFORCE
<b>Задача 4. Отношение вероятностей при ухудшении действия</b><br><p>Преимущество действия отрицательно: $A_t = -3.0$. Новая вероятность действия упала: $r_t = 0.5$. Порог $\epsilon = 0.2$. Чему равен $L^{\text{CLIP}}$?</p>	<p>1. $r_t A_t = 0.5 \cdot (-3.0) = -1.5$.</p> <p>2. Клиппинг: $\text{clip}(0.5, 0.8, 1.2) = 0.8$.</p> <p>3. $\text{clip} \cdot A_t = 0.8 \cdot (-3.0) = -2.4$.</p> <p>$$ L^{\text{CLIP}} = \min(-1.5, -2.4) = -2.4 $$</p>	Лекция_26	Билет_24_Policy_Gradient_REINFORCE
<b>Задача 5. Шаг алгоритма CEM</b><br><p>Популяция из 4 параметров $\theta \in \mathbb{R}$: $[1.0, 3.0, 7.0, 9.0]$ показала награды $[10, 5, 50, 40]$. Отбираем топ-50% элиты. Найдите новые параметры распределения $\mu_{\text{new}}$ и $\sigma_{\text{new}}$.</p>	<p>1. Топ-50% лучших (2 индивида): $\theta = 7.0$ (награда 50) и $\theta = 9.0$ (награда 40).</p> <p>2. Новое среднее: $\mu_{\text{new}} = \frac{7.0 + 9.0}{2} = 8.0$.</p> <p>3. Новое стандартное отклонение: $\sigma_{\text{new}} = \sqrt{\frac{(7-8)^2 + (9-8)^2}{2}} = \sqrt{\frac{1 + 1}{2}} = 1.0$.</p>	Лекция_26	Билет_24_Policy_Gradient_REINFORCE
<b>Задача 6. Непрерывные действия (Gaussian Policy)</b><br><p>Стратегия выдает $a \sim \mathcal{N}(\mu_\theta(s), \sigma^2)$. Формула плотности: $\log \pi(a|s) = -\frac{(a - \mu)^2}{2\sigma^2} - \log(\sigma\sqrt{2\pi})$. Найдите производную $\frac{\partial \log \pi}{\partial \mu}$.</p>	<p>$$ \frac{\partial \log \pi(a \mid s)}{\partial \mu} = \frac{a - \mu}{\sigma^2} $$</p> <p>Если сэмплированное действие $a > \mu$ и принесло положительный доход $G_t > 0$, градиент сдвигает среднее $\mu$ вправо (в сторону действия $a$).</p>	Лекция_26	Билет_24_Policy_Gradient_REINFORCE
<b>Задача 1. Ручной расчет Advantage в Actor-Critic</b><br><p>Состояние $s_t$: Критик выдал $V(s_t) = 10.0$. Агент сделал шаг, получил награду $r = 3.0$ и перешел в $s_{t+1}$ ($V(s_{t+1}) = 12.0$). Коэффициент $\gamma = 0.9$. Найдите TD-ошибку $\delta_t$ и значение Advantage.</p>	<p>1. TD-мишень: $y = r + \gamma V(s_{t+1}) = 3.0 + 0.9 \cdot 12.0 = 3.0 + 10.8 = 13.8$.</p> <p>2. TD-ошибка / Advantage: $\delta_t = y - V(s_t) = 13.8 - 10.0 = +3.8$.</p> <p>Действие оказалось на $3.8$ балла лучше среднего ожидания Критика.</p>	Лекция_27	Билет_25_Value-based_vs_Policy-based_Actor-Critic
<b>Задача 2. Расчет энтропии для двух исходов</b><br><p>Стратегия выдает вероятности двух действий: $\pi(a_1) = 0.5, \pi(a_2) = 0.5$. Другая стратегия: $\pi(a_1) = 0.9, \pi(a_2) = 0.1$. Чему равна энтропия Шеннона $\mathcal{H} = -\sum p_i \ln p_i$ для обеих стратегий?</p>	<p>1. Для $[0.5, 0.5]$:</p> <p>$$ \mathcal{H}_1 = -(0.5 \ln 0.5 + 0.5 \ln 0.5) = -\ln 0.5 = \ln 2 \approx 0.693 \quad (\text{Максимальная энтропия}) $$</p> <p>2. Для $[0.9, 0.1]$:</p> <p>$$ \mathcal{H}_2 = -(0.9 \ln 0.9 + 0.1 \ln 0.1) \approx -(0.9 \cdot (-0.105) + 0.1 \cdot (-2.302)) = 0.0945 + 0.2302 = 0.325 $$</p>	Лекция_27	Билет_25_Value-based_vs_Policy-based_Actor-Critic
<b>Задача 3. Расчет GAE на 2 шагах</b><br><p>Последовательность TD-ошибок: $\delta_0 = 2.0, \delta_1 = 4.0$. Параметры: $\gamma = 0.9, \lambda = 0.8$. Найдите $\hat{A}_0^{\text{GAE}}$.</p>	<p>Формула: $\hat{A}_0 = \delta_0 + (\gamma \lambda) \delta_1$.</p> <p>$$ \gamma \lambda = 0.9 \cdot 0.8 = 0.72 $$</p> <p>$$ \hat{A}_0 = 2.0 + 0.72 \cdot 4.0 = 2.0 + 2.88 = 4.88 $$</p>	Лекция_27	Билет_25_Value-based_vs_Policy-based_Actor-Critic
<b>Задача 4. Градиент детерминированного Актёра в DDPG</b><br><p>Скалярное действие $a = \mu_\theta(s) = 3.0$. Критик оценивает $Q(s, a) = -(a - 5)^2 + 10$. Производная сети Актёра по весам $\nabla_\theta \mu = 2.0$. Найдите градиент оптимизации весов $\nabla_\theta J$.</p>	<p>1. Производная Критика по действию в точке $a=3.0$:</p> <p>$$ \frac{\partial Q}{\partial a} = -2(a - 5) = -2(3 - 5) = +4.0 $$</p> <p>2. По формуле DPG:</p> <p>$$ \nabla_\theta J = \frac{\partial Q}{\partial a} \cdot \nabla_\theta \mu = 4.0 \cdot 2.0 = 8.0 $$</p> <p>Градиент подталкивает Актёра увеличивать выдаваемое значение $a$ в сторону оптимума $a=5$.</p>	Лекция_27	Билет_25_Value-based_vs_Policy-based_Actor-Critic
<b>Задача 5. Clipped Double-Q трюк в SAC</b><br><p>В состоянии $s'$ при сэмплированном действии $a'$ первый Критик выдал $Q_1(s', a') = 25.0$, второй Критик — $Q_2(s', a') = 18.0$. Награда $r = 2.0$, $\gamma = 0.9$, энтропийная добавка $\alpha \mathcal{H} = 0.0$. Какое значение Q будет использовано для TD-мишени?</p>	<p>В SAC берется строгий минимум двух Q-сетей:</p> <p>$$ Q_{\text{target}} = \min(25.0, 18.0) = 18.0 $$</p> <p>TD-мишень: $y = 2.0 + 0.9 \cdot 18.0 = 2.0 + 16.2 = 18.2$.</p>	Лекция_27	Билет_25_Value-based_vs_Policy-based_Actor-Critic
<b>Задача 6. Сравнение Sample Efficiency</b><br><p>Почему алгоритм SAC требует в 10–50 раз меньше реальных шагов в среде робота, чем алгоритм PPO?</p>	<p><strong>SAC является Off-policy алгоритмом:</strong> он сохраняет весь прошлый опыт в Replay Buffer и многократно переобучает сети на старых данных. <strong>PPO является On-policy алгоритмом:</strong> он обязан собирать свежие траектории текущей стратегией и выбрасывать данные после нескольких эпох обновления, требуя постоянного сбора нового опыта.</p>	Лекция_27	Билет_25_Value-based_vs_Policy-based_Actor-Critic
