[Разгон (Основы ML)] В чём математический смысл разложения ошибки на Bias, Variance и неустранимый шум?	<p>$\mathbb{E}[(y - \hat{f})^2] = \text{Bias}^2 + \text{Variance} + \sigma^2$. $\text{Bias}$ измеряет ошибку аппроксимации (недообучение). $\text{Variance}$ отражает разброс предсказаний при смене обучающей выборки (переобучение). $\sigma^2$ — стохастический шум данных. Усложнение модели снижает $\text{Bias}$, но растит $\text{Variance}$.</p>	AI_Course Block_A Ticket_00
[Разгон (Основы ML)] Почему Accuracy бесполезна при сильном дисбалансе классов (например, 99% к 1%)?	<p>При дисбалансе 99:1 тривиальный константный классификатор ($\hat{y} \equiv 0$) получает $\text{Accuracy} = 99\%$, но имеет $\text{Recall} = 0\%$ по целевому классу. Информативны $\text{Precision}$, $\text{Recall}$, $F_1$-score и $\text{PR-AUC}$.</p>	AI_Course Block_A Ticket_00
[Разгон (Основы ML)] В чём разница между Validation и Test выборками? Почему нельзя выбирать гиперпараметры по Test?	<p><strong>Validation</strong> служит для подбора гиперпараметров и ранней остановки (подвержена косвенной подгонке). <strong>Test</strong> используется строго один раз для финальной несмещённой оценки обобщающей способности. Тюнинг по Test разрушает независимость контроля.</p>	AI_Course Block_A Ticket_00
[Разгон (Основы ML)] Что такое утечка данных (Data Leakage) и как она возникает при нормализации признаков?	<p>Data Leakage — попадание информации из валидации/теста в обучение. Пример: расчёт $\mu$ и $\sigma$ на всей выборке до сплита. Корректный протокол: $\mu_{\text{train}}, \sigma_{\text{train}}$ считаются <strong>строго на Train</strong> и применяются к Val/Test.</p>	AI_Course Block_A Ticket_00
[Разгон (Основы ML)] Как связаны понятия «эпоха», «батч» и «итерация» при $N=10\,000$ и batch_size $=64$?	<p><strong>Эпоха</strong> — 1 проход по $N$ объектам. <strong>Батч ($B$)</strong> — подвыборка за 1 forward/backward. <strong>Итерация</strong> — 1 шаг обновления весов $\theta$. Число итераций за эпоху: $K = \lceil N / B \rceil = \lceil 10\,000 / 64 \rceil = 157$.</p>	AI_Course Block_A Ticket_00
[Разгон (Основы ML)] Почему слишком большой learning rate приводит к расходимости, а слишком малый — к застреванию?	<p>При $\eta > \frac{2}{\lambda_{\max}(H)}$ шаг выходит за область локальной квадратичной аппроксимации, вызывая расходящиеся осцилляции. При малом $\eta$ шаг ничтожен, сходимость резко замедляется и модель застревает на плато.</p>	AI_Course Block_A Ticket_00
[Разгон (Основы ML)] Чем L1-регуляризация принципиально отличается от L2 по структуре весов (разреженность vs сжатие)?	<p>Градиент $L_2$ равен $\lambda w$ (веса плавно убывают, но не зануляются). Субградиент $L_1$ равен $\lambda \cdot \text{sign}(w) = \text{const}$ (вес уменьшается с постоянной скоростью, приводя к точному занулению параметров — разреженности).</p>	AI_Course Block_A Ticket_00
[Разгон (Основы ML)] Почему ROC-AUC может быть обманчиво оптимистичным при дисбалансе и когда предпочтительнее PR-AUC?	<p>$\text{FPR} = \frac{\text{FP}}{\text{FP} + \text{TN}}$. При $\text{TN} \gg \text{FP}$ рост $\text{FP}$ почти не меняет $\text{FPR}$, завышая ROC-AUC. В $\text{PR-AUC}$ метрика $\text{Precision} = \frac{\text{TP}}{\text{TP} + \text{FP}}$ прямо реагирует на $\text{FP}$, объективно оценивая миноритарный класс.</p>	AI_Course Block_A Ticket_00
[Разгон (Основы ML)] В чём разница между параметрами и гиперпараметрами модели? Приведите по 3 примера каждого.	<p><strong>Параметры</strong> вычисляет оптимизатор по данным (веса $W$, смещения $b$, ядра свёрток $K$). <strong>Гиперпараметры</strong> задаёт инженер до обучения (темп обучения $\eta$, размер батча $B$, вес регуляризации $\lambda$).</p>	AI_Course Block_A Ticket_00
[Разгон (Основы ML)] Что такое Early Stopping и почему это эффективная форма регуляризации?	<p>Early Stopping — остановка обучения при прекращении снижения $\mathcal{L}_{\text{val}}$ в течение $P$ эпох. Метод ограничивает длину траектории спуска в пространстве параметров, предотвращая оверфиттинг на шум Train.</p>	AI_Course Block_A Ticket_00
[Билет 1: Полносвязные сети, Активации, Backprop] Почему категорически нельзя инициализировать все веса нейросети нулями?	<p>При $W=0$ все нейроны слоя получают одинаковые входы $z_i=b_i$ и одинаковые активации. Градиенты $\frac{\partial L}{\partial W_{ij}}$ всех нейронов совпадают: нарушается разрушение симметрии (symmetry breaking). Нейроны обновляются абсолютно одинаково, схлопывая скрытый слой в 1 нейрон.</p>	AI_Course Block_A Ticket_01
[Билет 1: Полносвязные сети, Активации, Backprop] Почему функция Sigmoid приводит к затуханию градиента в глубоких сетях?	<p>$\sigma'(z) = \sigma(1-\sigma) \le 0.25$. В $L$-слойной сети множитель производных даёт $(\le 0.25)^L$. Для 10 слоёв градиент ослабляется в $10^6$ раз. Кроме того, при $|z| > 4$ функция насыщается и $\sigma'(z) \approx 0$, полностью блокируя градиент.</p>	AI_Course Block_A Ticket_01
[Билет 1: Полносвязные сети, Активации, Backprop] Как двухслойный MLP математически решает проблему XOR?	<p>Скрытый слой отображает входы $(x_1, x_2)$ в пространство $(h_1, h_2)$: $h_1 = \text{step}(x_1 + x_2 - 0.5)$ (OR), $h_2 = \text{step}(x_1 + x_2 - 1.5)$ (AND). Выходной нейрон $y = \text{step}(h_1 - h_2 - 0.5)$ разделяет точки прямой в плоскости $(h_1, h_2)$.</p>	AI_Course Block_A Ticket_01
[Билет 1: Полносвязные сети, Активации, Backprop] Что утверждает теорема Цыбенко и почему на практике строят глубокие сети, а не один широкий слой?	<p>Теорема Цыбенко доказывает, что 1 скрытый слой с нелинейностью аппроксимирует любую непрерывную функцию на компакте. Но для сложных функций ширина слоя растёт экспоненциально $O(2^n)$. Глубокие сети ($L \gg 1$) строят иерархию представлений, снижая суммарное число параметров до полиномиального.</p>	AI_Course Block_A Ticket_01
[Билет 1: Полносвязные сети, Активации, Backprop] Что такое проблема Dying ReLU и как её решают современные функции активации?	<p>Если из-за большого шага bias уходит в сильный минус ($z \le 0$ для всех объектов), то $a=0$ и $g'(z)=0$. Нейрон необратимо прекращает обновляться. Решения: Leaky ReLU ($\alpha z$), ELU, а также GELU и SiLU с гладким ненулевым градиентом при $z<0$.</p>	AI_Course Block_A Ticket_01
[Билет 1: Полносвязные сети, Активации, Backprop] Как выводится формула градиента по весам $\frac{\partial L}{\partial W^l} = \delta^l (a^{l-1})^\top$?	<p>$\frac{\partial L}{\partial W_{jk}^l} = \frac{\partial L}{\partial z_j^l}\frac{\partial z_j^l}{\partial W_{jk}^l}$. По определению $\frac{\partial L}{\partial z_j^l} = \delta_j^l$. Так как $z_j^l = \sum_m W_{jm}^l a_m^{l-1} + b_j^l$, производная $\frac{\partial z_j^l}{\partial W_{jk}^l} = a_k^{l-1}$. В матричной форме внешнее произведение столбца $\delta^l$ на строку $(a^{l-1})^\top$ даёт $\delta^l (a^{l-1})^\top$.</p>	AI_Course Block_A Ticket_01
[Билет 1: Полносвязные сети, Активации, Backprop] В чём математическая разница между инициализацией Xavier (Glorot) и He (Kaiming)?	<p>Xavier рассчитана на симметричные функции (Tanh): $\mathbb{D}[W] = \frac{2}{n_{in}+n_{out}}$. ReLU зануляет половину активаций ($z<0$), снижая дисперсию в 2 раза ($\mathbb{D}[a] = \frac{1}{2}\mathbb{D}[z]$). Инициализация He компенсирует падение удвоенной дисперсией весов: $\mathbb{D}[W] = \frac{2}{n_{in}}$.</p>	AI_Course Block_A Ticket_01
[Билет 1: Полносвязные сети, Активации, Backprop] Почему Tanh сходится на практике быстрее, чем Sigmoid?	<p>Sigmoid строго положительна ($a > 0$), поэтому градиенты $\frac{\partial L}{\partial W_{ij}} = \delta_i a_j$ для всех входов нейрона имеют одинаковый знак, вызывая зигзагообразную сходимость. Tanh имеет область $(-1, 1)$ и является zero-centered, устраняя систематический сдвиг знака градиентов.</p>	AI_Course Block_A Ticket_01
[Билет 1: Полносвязные сети, Активации, Backprop] Почему связка Softmax + Categorical Cross-Entropy даёт градиент $(\hat{y} - y)$?	<p>Для $L = -\sum_k y_k \log \hat{y}_k$ и $\hat{y}_i = \frac{e^{z_i}}{\sum e^{z_j}}$ производная софтмакса $\frac{\partial \hat{y}_k}{\partial z_i} = \hat{y}_i(\delta_{ik} - \hat{y}_k)$. При подстановке в цепное правило нелинейности взаимно сокращаются, давая точный линейный остаток $\frac{\partial L}{\partial z_i} = \hat{y}_i - y_i$.</p>	AI_Course Block_A Ticket_01
[Билет 1: Полносвязные сети, Активации, Backprop] Что такое Gradient Clipping и как он предотвращает взрыв градиентов?	<p>При отсечении по норме, если $\|g\|_2 > c_{\text{thresh}}$, вектор градиента масштабируется: $g \leftarrow g \cdot \frac{c_{\text{thresh}}}{\|g\|_2}$. Направление антиградиента строго сохраняется, а длина шага ограничивается $\eta \cdot c_{\text{thresh}}$.</p>	AI_Course Block_A Ticket_01
[Билет 1: Полносвязные сети, Активации, Backprop] Почему нельзя использовать линейную функцию активации $g(z) = z$ во всех слоях сети?	<p>Композиция линейных слоёв $W^L(\dots(W^1 x + b^1)\dots) + b^L = (W^L \dots W^1)x + b_{\text{eff}} = W_{\text{eff}} x + b_{\text{eff}}$ эквивалентна одной линейной модели. Сеть любой глубины теряет способность моделировать нелинейные границы.</p>	AI_Course Block_A Ticket_01
[Билет 1: Полносвязные сети, Активации, Backprop] Как вектор bias $b$ влияет на разделяющую гиперплоскость нейрона?	<p>В уравнении $w^\top x + b = 0$ вектор $w$ задаёт ориентацию (нормаль), а расстояние от начала координат до плоскости равно $d = \frac{|b|}{\|w\|_2}$. При $b=0$ гиперплоскость проходит строго через начало координат, что блокирует произвольные сдвиги границы.</p>	AI_Course Block_A Ticket_01
[Билет 2: Автодифференцирование, PINN] Почему автодифференцирование — это не численное и не символьное дифференцирование?	<p>Численное дифференцирование аппроксимирует производную разностной сеткой $\frac{f(x+\epsilon)-f(x)}{\epsilon}$, давая погрешность округления. Символьное строит аналитические деревья выражений, страдая от экспоненциального разрастания формул. Autodiff вычисляет точные числовые значения производных элементарных операций в точке, применяя Chain Rule на графе без символьного разрастания с машинной точностью.</p>	AI_Course Block_A Ticket_02
[Билет 2: Автодифференцирование, PINN] В чём математическая разница между Forward-mode и Reverse-mode Autodiff?	<p>Forward-mode дифференцирует граф от входов к выходам через JVP ($J v$), требуя $n_{in}$ проходов для полного Якобиана. Reverse-mode фиксирует скалярный выход и переносит сопряжённые переменные от выходов к входам через VJP ($u^\top J$), находя градиенты по всем $P$ параметрам за 1 обратный проход ($O(1)$).</p>	AI_Course Block_A Ticket_02
[Билет 2: Автодифференцирование, PINN] Почему в PINN категорически запрещено использовать ReLU для уравнений второго порядка?	<p>Для операторов 2-го порядка ($\Delta u, u_{xx}$) вторая производная $\text{ReLU}''(z) \equiv 0$ почти всюду. При использовании ReLU невязка $\mathcal{L}_{\text{PDE}}$ теряет градиент по весам ($\nabla_\theta \mathcal{L}_{\text{PDE}} \equiv 0$), и сеть не способна выучить физику. Требуются гладкие $C^2$-активации ($\tanh$, $\text{SiLU}$, $\text{GELU}$, $\sin$).</p>	AI_Course Block_A Ticket_02
[Билет 2: Автодифференцирование, PINN] Как дуальные числа позволяют вычислять точные производные в Forward-mode?	<p>Дуальное число $x + \dot{x}\epsilon$ ($\epsilon^2=0$) при подстановке в $f(x)$ даёт $f(x) + f'(x)\dot{x}\epsilon$. Перегрузка арифметических операций автоматически накапливает значение функции в действительной части и точную производную в коэффициенте при $\epsilon$.</p>	AI_Course Block_A Ticket_02
[Билет 2: Автодифференцирование, PINN] Зачем в PyTorch нужен параметр create_graph=True при вычислении производных в PINN?	<p>В PINN производные выхода по координатам ($u_x = \frac{\partial u}{\partial x}$) сами входят в функцию потерь $\mathcal{L}_{\text{PDE}}$. Параметр `create_graph=True` сохраняет вычислительный граф операции дифференцирования, позволяя взять вторую производную при обратном распространении ошибки по весам $\theta$.</p>	AI_Course Block_A Ticket_02
[Билет 2: Автодифференцирование, PINN] Как балансировать веса компонентов Loss ($w_{\text{data}}, w_{\text{PDE}}, w_{\text{BC}}$) в PINN?	<p>Компоненты Loss часто имеют градиенты несопоставимой магнитуды (stiff gradients). Методы балансировки: (1) Learning Rate Annealing (выравнивание норм градиентов); (2) SoftAdapt; (3) аналитическое встраивание граничных условий через ansatz $\hat{u} = g + \phi \mathcal{N}_\theta$ (Hard BC constraints).</p>	AI_Course Block_A Ticket_02
[Билет 2: Автодифференцирование, PINN] Что такое точки коллокации (collocation points) и как они выбираются?	<p>Точки коллокации — координаты $(x_i, t_i)$ внутри расчётной области, где минимизируется невязка PDE. Они не требуют построения сетки и сэмплируются квазислучайно: Latin Hypercube Sampling (LHS), сетки Соболя или адаптивный ресэмплинг по зонам высокой невязки.</p>	AI_Course Block_A Ticket_02
[Билет 2: Автодифференцирование, PINN] В чём уникальное преимущество PINN при решении обратных задач (Inverse Problems)?	<p>В обратных задачах неизвестные физические коэффициенты (вязкость $\nu$, теплопроводность $\alpha$) объявляются обучаемыми параметрами `nn.Parameter`. Они оптимизируются градиентным спуском одновременно с весами сети через общий $\mathcal{L}_{\text{total}}$ без усложнения пайплайна.</p>	AI_Course Block_A Ticket_02
[Билет 2: Автодифференцирование, PINN] Что такое VJP и JVP и как они сопоставляются с математическими операциями?	<p><strong>JVP (Forward-mode)</strong> — умножение матрицы Якоби на вектор $J v \in \mathbb{R}^m$ (направленная производная). <strong>VJP (Reverse-mode)</strong> — умножение строки на Якобиан $u^\top J \in \mathbb{R}^n$ (перенос градиентов выхода на входы).</p>	AI_Course Block_A Ticket_02
[Билет 2: Автодифференцирование, PINN] Почему Reverse-mode требует $O(N)$ оперативной памяти относительно размера графа?	<p>Для вычисления локальных производных на обратном шаге (например, $\frac{\partial (uv)}{\partial u} = v$) алгоритм должен знать точные значения промежуточных активаций. Все тензоры сохраняются в памяти прямого прохода ($O(N)$), для экономии применяют Gradient Checkpointing.</p>	AI_Course Block_A Ticket_02
[Билет 2: Автодифференцирование, PINN] Можно ли обучить PINN абсолютно без эмпирических данных ($w_{\text{data}} = 0$)?	<p>Да. Если краевая задача корректно поставлена по Адамару (заданы PDE, BC и IC), система замкнута. Обучение на $\mathcal{L}_{\text{PDE}} + \mathcal{L}_{\text{BC}} + \mathcal{L}_{\text{IC}}$ находит точное непрерывное решение без экспериментальных замеров поля.</p>	AI_Course Block_A Ticket_02
[Билет 3: Loss-функции, MLE, MAP / L2] Как метод максимального правдоподобия (MLE) связан с минимизацией MSE?	<p>При аддитивном некоррелированном гауссовском шуме $\epsilon \sim \mathcal{N}(0, \sigma^2)$ логарифм правдоподобия равен $\log L(w) = -\frac{N}{2}\log(2\pi\sigma^2) - \frac{1}{2\sigma^2}\sum (y_i - f(x_i))^2$. Константы не влияют на аргумент максимума, поэтому максимизация $\log L(w)$ математически строго тождественна минимизации суммы квадратов остатков $\sum (y_i - f(x_i))^2 = N \cdot \text{MSE}$.</p>	AI_Course Block_A Ticket_03
[Билет 3: Loss-функции, MLE, MAP / L2] Почему априорное распределение Гаусса над весами эквивалентно L2-регуляризации, а Лапласа — L1?	<p>В схеме MAP максимизируется $\log L(w) + \log p(w)$. Гауссовский априор $p(w) \propto e^{-\frac{\|w\|_2^2}{2\sigma_w^2}}$ даёт логарифм $-\frac{\|w\|_2^2}{2\sigma_w^2} + C$, что в оптимизации задаёт штраф за $L_2$-норму (Weight Decay). Априор Лапласа $p(w) \propto e^{-\frac{\|w\|_1}{b_w}}$ порождает штраф $-\frac{\|w\|_1}{b_w} + C$, в точности соответствующий $L_1$-регуляризации Lasso.</p>	AI_Course Block_A Ticket_03
[Билет 3: Loss-функции, MLE, MAP / L2] Почему нельзя использовать MSE для обучения классификатора с сигмоидой на выходе?	<p>Для $\mathcal{L} = \frac{1}{2}(\sigma(z)-y)^2$ градиент по логиту равен $(\sigma(z)-y)\sigma'(z)$. При грубой ошибке (например, $y=1, z=-10 \implies \sigma(z) \approx 0$) множитель $\sigma'(z) \approx 0$ зануляет градиент: сеть не обучается при максимальной ошибке. В связке с Cross-Entropy производная $\sigma'$ сокращается, давая градиент $\sigma(z) - y = -1$.</p>	AI_Course Block_A Ticket_03
[Билет 3: Loss-функции, MLE, MAP / L2] Что такое LogSumExp трюк и как он предотвращает численный underflow в Cross-Entropy?	<p>Прямой расчёт $\log\sum e^{z_j}$ приводит к переполнению float при $z > 88$. Трюк LogSumExp вычитает максимум $c = \max_k z_k$: $\log(\sum e^{z_j}) = c + \log(\sum e^{z_j - c})$. Максимальный показатель экспоненты равен 0, что гарантирует стабильность вычислений без переполнения.</p>	AI_Course Block_A Ticket_03
[Билет 3: Loss-функции, MLE, MAP / L2] Почему минимум MSE — это условное среднее $\mathbb{E}[y|x]$, а MAE — условная медиана $\text{Med}(y|x)$?	<p>Дифференцируя $\mathbb{E}[(y-c)^2]$ по $c$, получаем $-2\mathbb{E}[y-c] = 0 \implies c^* = \mathbb{E}[y|x]$. Для MAE дифференцирование $\mathbb{E}[|y-c|]$ даёт $P(y < c) - P(y > c) = 0 \implies P(y \le c^*) = 0.5 \implies c^* = \text{Med}(y|x)$.</p>	AI_Course Block_A Ticket_03
[Билет 3: Loss-функции, MLE, MAP / L2] Как дивергенция Кульбака-Лейблера связана с перекрёстной энтропией (Cross-Entropy)?	<p>$D_{\text{KL}}(P \parallel Q) = \sum P \log\frac{P}{Q} = -H(P) + H(P, Q)$. Так как распределение истинных меток фиксировано ($H(P) = \text{const}$), минимизация Cross-Entropy $H(P, Q)$ тождественна минимизации KL-дивергенции от истинного распределения до модельного.</p>	AI_Course Block_A Ticket_03
[Билет 3: Loss-функции, MLE, MAP / L2] Зачем нужен параметр $\gamma$ в Focal Loss и как он решает проблему дисбаланса классов?	<p>В детекторах миллионы простых фоновых примеров ($p_t \ge 0.95$) забивают градиент редких объектов. Множитель $(1 - p_t)^\gamma$ при $\gamma = 2$ подавляет ошибку простого примера в $(1 - 0.95)^2 = 400$ раз, сохраняя веса трудных объектов ($p_t = 0.2 \implies 0.64$).</p>	AI_Course Block_A Ticket_03
[Билет 3: Loss-функции, MLE, MAP / L2] В чём преимущество Huber Loss над MSE и MAE в задачах детекции (регрессия bounding box)?	<p>При малых ошибках ($|e| \le \delta$) Huber Loss квадратичен ($\frac{1}{2}e^2$), обеспечивая гладкую сходимость в нуле без осцилляций MAE. При больших ошибках ($|e| > \delta$) он линеен, защищая оптимизатор от взрыва градиентов на грубых аномалиях разметки (в отличие от MSE).</p>	AI_Course Block_A Ticket_03
[Билет 3: Loss-функции, MLE, MAP / L2] Что такое Label Smoothing и как он предотвращает переобучение модели (Overconfidence)?	<p>Для достижения вероятности 1 в Softmax логиты должны стремиться к $+\infty$, раздувая веса. Label Smoothing заменяет one-hot на $y_k^{\text{smooth}} = (1 - \epsilon)y_k + \frac{\epsilon}{K}$. Модель предсказывает ограниченную вероятность $< 1$, удерживая нормы весов и регуляризуя сеть.</p>	AI_Course Block_A Ticket_03
[Билет 3: Loss-функции, MLE, MAP / L2] В чём концептуальная разница между MLE и MAP оценками?	<p>MLE максимизирует правдоподобие данных $\arg\max \log p(\mathcal{D}|\theta)$ и опирается только на выборку. MAP максимизирует апостериорную вероятность $\arg\max [\log p(\mathcal{D}|\theta) + \log p(\theta)]$, где априор $p(\theta)$ выступает регуляризатором сложности весов.</p>	AI_Course Block_A Ticket_03
[Билет 3: Loss-функции, MLE, MAP / L2] Почему Cross-Entropy в связке с Softmax выпукла относительно логитов?	<p>$\mathcal{L}(z) = -\sum y_k z_k + \log(\sum e^{z_j})$. Первое слагаемое линейно, а второе имеет матрицу Гессе $H = \text{diag}(p) - p p^\top$. Для любого $v$: $v^\top H v = \mathbb{D}_p[v] \ge 0$. Гессиан неотрицательно определен, что гарантирует строгую выпуклость и единственный минимум.</p>	AI_Course Block_A Ticket_03
[Билет 4: Слои свёрточных сетей] Почему в глубоком обучении операцию называют «свёрткой», хотя математически это кросс-корреляция?	<p>В математическом анализе свёртка переворачивает ядро ($(f * g)(t) = \int f(\tau) g(t-\tau) d\tau$). В нейросетях ядро не переворачивается: $O(i,j) = \sum I(i+m, j+n) K(m,n)$, что является кросс-корреляцией. Так как веса ядра инициализируются случайно и настраиваются градиентным спуском, сеть сама выучит перевёрнутый фильтр при необходимости.</p>	AI_Course Block_A Ticket_04
[Билет 4: Слои свёрточных сетей] Почему стек из двух последовательных свёрток $3\times3$ эффективнее одной свёртки $5\times5$?	<p>1. <strong>Поле зрения:</strong> $RF = 1 + (3-1) + (3-1) = 5\times5$ (в точности равно $5\times5$).<br> 2. <strong>Параметры:</strong> $2 \times (3^2 C^2) = 18 C^2$ против $25 C^2$ (экономия $28\%$ весов и FLOPs).<br> 3. <strong>Нелинейность:</strong> 2 активации ReLU вместо 1, что существенно повышает выразительность модели.</p>	AI_Course Block_A Ticket_04
[Билет 4: Слои свёрточных сетей] Зачем нужна свёртка $1\times1$ (Pointwise) и как она используется в архитектурах?	<p>Свёртка $1\times1$ вычисляет линейную комбинацию каналов для каждого пикселя: (1) сжимает или расширяет число каналов $C_{in} \to C_{out}$ без изменения пространственного разрешения $H \times W$; (2) используется в Bottleneck блоках ResNet и Inception для снижения вычислительной сложности; (3) добавляет дополнительную нелинейность.</p>	AI_Course Block_A Ticket_04
[Билет 4: Слои свёрточных сетей] Как меняется поведение BatchNorm в режимах train и eval?	<p>В режиме `train` среднее $\mu_B$ и дисперсия $\sigma_B^2$ вычисляются динамически по текущему мини-батчу, обновляя скользящие статистики $\mu_{\text{run}}, \sigma^2_{\text{run}}$. В режиме `eval` нормализация выполняется по фиксированным накопленным $\mu_{\text{run}}, \sigma^2_{\text{run}}$, обеспечивая детерминированный инференс.</p>	AI_Course Block_A Ticket_04
[Билет 4: Слои свёрточных сетей] Что произойдёт, если подать в BatchNorm батч размера $N=1$ при обучении?	<p>Если $N=1$ и пространственный размер $H=W=1$, выборочная дисперсия $\sigma_B^2 = 0$. При делении на $\sqrt{0+\epsilon}$ значение зануляется, и PyTorch генерирует ошибку. При $H,W > 1$ статистика считается по пикселям, но оценка дисперсии остаётся зашумлённой.</p>	AI_Course Block_A Ticket_04
[Билет 4: Слои свёрточных сетей] Что такое Dilated (дырчатая) свёртка и зачем она нужна в сегментации (DeepLab)?	<p>Dilated свёртка вставляет $D-1$ нулей между весами ядра, расширяя эффективный размер $K_{eff} = K + (K-1)(D-1)$ без роста числа параметров. В задачах семантической сегментации это позволяет экспоненциально растить рецептивное поле без снижения разрешения карты признаков ($H \times W = \text{const}$).</p>	AI_Course Block_A Ticket_04
[Билет 4: Слои свёрточных сетей] В чём отличие MaxPooling от AveragePooling и когда предпочтителен GlobalAveragePooling?	<p>MaxPooling выбирает максимум (сильнейший признак, устойчивость к сдвигам). AveragePooling усредняет окно. GlobalAveragePooling (GAP) усредняет всю карту $H \times W$ в одно число на канал, заменяя тяжёлые FC-слои ($0$ весов) и снимая ограничение на входной размер изображения.</p>	AI_Course Block_A Ticket_04
[Билет 4: Слои свёрточных сетей] Как Transposed Convolution восстанавливает разрешение и почему возникают «шахматные» артефакты?	<p>ConvTranspose2d проецирует входные пиксели через ядро с шагом $S$. Если размер ядра $K$ не делится нацело на stride $S$ (например, $K=3, S=2$), неравномерное перекрытие окон создаёт периодические полосы — шахматные артефакты. Решение: `Bilinear Upsample` + `Conv2d`.</p>	AI_Course Block_A Ticket_04
[Билет 4: Слои свёрточных сетей] Почему в свёрточных слоях перед BatchNorm обычно отключают смещение (bias=False)?	<p>BatchNorm центрирует вход: $x - \mu_B = (\tilde{x} + b) - (\mu_{\tilde{x}} + b) = \tilde{x} - \mu_{\tilde{x}}$. Смещение $b$ математически полностью аннулируется вычитанием среднего. Роль сдвига берёт на себя обучаемый параметр $\beta$ самого BatchNorm, поэтому bias в `Conv2d` избыточен.</p>	AI_Course Block_A Ticket_04
[Билет 4: Слои свёрточных сетей] Как вычисляется эффективный размер ядра для Dilated свёртки?	<p>$K_{eff} = K + (K - 1)(D - 1)$. Между $K$ весовыми коэффициентами вставляется $K-1$ промежутков по $D-1$ нулей. Для $K=3$ при $D=4$: $K_{eff} = 3 + 2 \times 3 = 9$ (ядро покрывает сетку $9 \times 9$ при 9 весах).</p>	AI_Course Block_A Ticket_04
[Билет 4: Слои свёрточных сетей] В чём разница между трансляционной эквивариантностью свёртки и инвариантностью пулинга?	<p><strong>Эквивариантность свёртки:</strong> сдвиг объекта на входе на 5 пикселей сдвигает карту откликов ровно на 5 ячеек ($f(T(x)) = T(f(x))$). <strong>Инвариантность пулинга:</strong> малый сдвиг поглощается операцией $\max$, оставляя выход неизменным ($f(T(x)) = f(x)$).</p>	AI_Course Block_A Ticket_04
[Билет 4: Слои свёрточных сетей] Как Depthwise Separable свёртка разделяет пространственную и канальную фильтрацию?	<p>1. <strong>Depthwise:</strong> независимая 2D-свёртка $K \times K \times 1$ по каждому каналу (пространственная фильтрация).<br> 2. <strong>Pointwise:</strong> свёртка $1 \times 1 \times C_{in} \times C_{out}$ (канальная проекция). Снижает сложность с $O(K^2 C_{in} C_{out})$ до $O(K^2 C_{in} + C_{in} C_{out})$.</p>	AI_Course Block_A Ticket_04
[Билет 5: Архитектуры CNN, Transfer Learning] В чём суть проблемы деградации глубоких сетей и почему это не Overfitting?	<p>При увеличении глубины обычной сети (Plain Net) с 20 до 56 слоёв ошибка возрастает как на тесте, так и <strong>на обучающей выборке (Train Error)</strong>. При Overfitting ошибка на Train стремится к 0. В случае деградации модель теряет способность к оптимизации из-за затухания и разрушения градиента в глубоком графе.</p>	AI_Course Block_A Ticket_05
[Билет 5: Архитектуры CNN, Transfer Learning] Напишите формулу блока ResNet и объясните, как слагаемое +I спасает градиент.	<p>$y = \mathcal{F}(x) + x \implies \frac{\partial \mathcal{L}}{\partial x} = \frac{\partial \mathcal{L}}{\partial y}(\frac{\partial \mathcal{F}}{\partial x} + \mathbf{I}) = \frac{\partial \mathcal{L}}{\partial y}\frac{\partial \mathcal{F}}{\partial x} + \frac{\partial \mathcal{L}}{\partial y}$. Единичная матрица $\mathbf{I}$ формирует прямой шунт (highway), передающий сигнал ошибки верхнего уровня напрямую к нижним слоям без затухания.</p>	AI_Course Block_A Ticket_05
[Билет 5: Архитектуры CNN, Transfer Learning] Почему два последовательных слоя свёртки 3×3 лучше одного слоя 5×5?	<p>1. <strong>Поле зрения:</strong> $RF = 1 + (3-1) + (3-1) = 5\times5$ (совпадает с $5\times5$).<br> 2. <strong>Параметры:</strong> $2 \times (3^2 C^2) = 18 C^2$ против $25 C^2$ (экономия $28\%$).<br> 3. <strong>Выразительность:</strong> Дополнительная нелинейность ReLU между слоями повышает ёмкость модели.</p>	AI_Course Block_A Ticket_05
[Билет 5: Архитектуры CNN, Transfer Learning] Зачем в блоке Inception и ResNet Bottleneck используется свёртка 1×1?	<p>Свёртка $1\times1$ вычисляет линейную комбинацию каналов. Она используется для <strong>сжатия числа каналов</strong> перед ресурсоёмкой свёрткой $3\times3$ (снижая FLOPs на порядок) и последующего восстановления размерности на выходе блока.</p>	AI_Course Block_A Ticket_05
[Билет 5: Архитектуры CNN, Transfer Learning] Чем residual connection в ResNet отличается от конкатенации в DenseNet?	<p>В ResNet выходы складываются поэлементно: $y = \mathcal{F}(x) + x$ (число каналов не меняется). В DenseNet выходы конкатенируются по оси каналов: $y = [\mathcal{F}(x), x]$, сохраняя все исходные карты признаков, но линейно наращивая число каналов с каждым слоем (Growth Rate $k$).</p>	AI_Course Block_A Ticket_05
[Билет 5: Архитектуры CNN, Transfer Learning] Почему в современных CNN отказались от полносвязных слоев (FC) в пользу Global Average Pooling (GAP)?	<p>В AlexNet и VGG-16 слои FC6/FC7 занимали до 90% параметров сети, вызывая переобучение и требуя сотни мегабайт. GAP усредняет карту $H \times W$ в одно число на канал: содержит <strong>0 параметров</strong> и снимает ограничение на фиксированный размер входа.</p>	AI_Course Block_A Ticket_05
[Билет 5: Архитектуры CNN, Transfer Learning] Как устроена свёртка Depthwise Separable в MobileNet и во сколько раз она экономит вычисления?	<p>Операция делится на: 1) <strong>Depthwise:</strong> свёртка $K \times K \times 1$ независимо по каждому каналу; 2) <strong>Pointwise:</strong> свёртка $1 \times 1 \times C_{in} \times C_{out}$. Экономия вычислений: $\frac{1}{C_{out}} + \frac{1}{K^2} \approx \frac{1}{K^2}$ (ускорение в <strong>8–9 раз</strong> для $3\times3$).</p>	AI_Course Block_A Ticket_05
[Билет 5: Архитектуры CNN, Transfer Learning] В каких случаях следует выбирать Feature Extraction, а когда Fine-Tuning?	<p><strong>Feature Extraction (заморозка backbone):</strong> малый датасет ($<1000$ картинок), близкий к ImageNet домен (защита от переобучения). <strong>Fine-Tuning (дообучение всей сети):</strong> большой объем данных ($>10^4$), с малым шагом обучения backbone ($\text{lr} \sim 10^{-5}$).</p>	AI_Course Block_A Ticket_05
[Билет 5: Архитектуры CNN, Transfer Learning] Что такое Catastrophic Forgetting при Fine-Tuning и как его избежать?	<p>Это разрушение полезных предобученных весов градиентами от случайной головы на первых эпохах. Защита: двухэтапное обучение (сначала обучить только голову на 5 эпохах, затем разморозить backbone), малый learning rate ($\le 10^{-5}$) и прогрев (LR warmup).</p>	AI_Course Block_A Ticket_05
[Билет 5: Архитектуры CNN, Transfer Learning] В чём суть концепции Compound Scaling в EfficientNet?	<p>Сеть масштабируется согласованно по трём осям: глубина $d = \alpha^\phi$, ширина $w = \beta^\phi$, разрешение $r = \gamma^\phi$ с ограничением $\alpha \beta^2 \gamma^2 \approx 2$. Это гарантирует баланс рецептивного поля и ёмкости каналов при росте разрешения.</p>	AI_Course Block_A Ticket_05
[Билет 5: Архитектуры CNN, Transfer Learning] Почему при Transfer Learning нормализацию изображений нужно делать теми же mean и std, что и на ImageNet?	<p>Фильтры первого свёрточного слоя настроены на распределение пикселей с $\mu = [0.485, 0.456, 0.406]$ и $\sigma = [0.229, 0.224, 0.225]$. Некорректная нормализация сдвигает активации первого слоя, ломая работу всех последующих уровней сети.</p>	AI_Course Block_A Ticket_05
[Билет 5: Архитектуры CNN, Transfer Learning] Каковы преимущества ConvNeXt над классическими ResNet и ViT?	<p>ConvNeXt переносит архитектурные приёмы Vision Transformers (ядра $7\times7$, инвертированный bottleneck $4\times$, замена BatchNorm на LayerNorm, GELU) на чистые свёрточные сети, достигая точности ViT при высокой скорости обучения и инференса CNN.</p>	AI_Course Block_A Ticket_05
[Билет 6: Оптимизаторы: SGD, Momentum, Adam, Матричные производные] Зачем в Adam делить на (1 - β_1^t) и (1 - β_2^t) на первых итерациях?	<p>Моменты инициализируются нулями ($m_0=0, v_0=0$). На первом шаге $m_1 = (1-\beta_1)g_1 = 0.1 g_1$ (при $\beta_1=0.9$), то есть оценка занижена в 10 раз. Деление на $1 - \beta_1^t = 1 - 0.9 = 0.1$ восстанавливает несмещённость: $\hat{m}_1 = \frac{0.1 g_1}{0.1} = g_1$. При $t \to \infty$ множитель стремится к 1.</p>	AI_Course Block_A Ticket_06
[Билет 6: Оптимизаторы: SGD, Momentum, Adam, Матричные производные] В чём математическая разница между L2-регуляризацией и Weight Decay в Adam?	<p>В классическом Adam добавление L2 в Loss приводит к градиенту $g_t + \lambda\theta_t$, который попадает в знаменатель $\sqrt{v_t}$. Веса с большими частыми градиентами почти не штрафуются, а редкие веса штрафуются чрезмерно. AdamW выносит Weight Decay напрямую в обновление ($\theta \leftarrow \theta - \eta\lambda\theta - \dots$), восстанавливая равномерное сжатие всех весов.</p>	AI_Course Block_A Ticket_06
[Билет 6: Оптимизаторы: SGD, Momentum, Adam, Матричные производные] Почему производная квадратичной формы x^T A x равна (A + A^T)x, а не 2Ax?	<p>Дифференцируя $\sum_i \sum_j A_{ij} x_i x_j$ по координате $x_k$, получаем $\sum_j A_{kj}x_j + \sum_i A_{ik}x_i = (Ax)_k + (A^\top x)_k = ((A + A^\top)x)_k$. В векторном виде это $(A + A^\top)x$. Выражение упрощается до $2Ax$ исключительно для симметричной матрицы ($A = A^\top$).</p>	AI_Course Block_A Ticket_06
[Билет 6: Оптимизаторы: SGD, Momentum, Adam, Матричные производные] Почему в Adam градиент второго момента берётся поэлементно g_t^2, а не как квадрат нормы ||g_t||^2?	<p>Поэлементный расчёт $v_t = \beta_2 v_{t-1} + (1-\beta_2) g_t \odot g_t$ формирует индивидуальный масштаб для каждой координаты независимо. Это позволяет сжимать шаги вдоль крутых осей оврага и ускорять движение вдоль пологих русел. Скалярная норма масштабировала бы все оси одинаково.</p>	AI_Course Block_A Ticket_06
[Билет 6: Оптимизаторы: SGD, Momentum, Adam, Матричные производные] В чём принципиальное отличие момента Нестерова (NAG) от момента Поляка?	<p>Момент Поляка считает градиент в текущей точке $\theta_t$ и добавляет накопленную скорость $v_{t-1}$. Момент Нестерова делает предварительный шаг $\theta_t - \gamma v_{t-1}$ («заглядывает вперёд») и вычисляет градиент в этой прогнозной точке, заранее притормаживая перед поворотом оврага или подъёмом.</p>	AI_Course Block_A Ticket_06
[Билет 6: Оптимизаторы: SGD, Momentum, Adam, Матричные производные] Почему AdaGrad останавливается на длинных траекториях обучения глубоких сетей?	<p>AdaGrad накапливает сумму всех прошлых квадратов $G_t = \sum g_i^2$. Так как $g_i^2 \ge 0$, матрица $G_t \to \infty$, знаменатель неограниченно растёт, а эффективный шаг $\frac{\eta}{\sqrt{G_t}} \to 0$. Сеть замерзает задолго до достижения оптимума.</p>	AI_Course Block_A Ticket_06
[Билет 6: Оптимизаторы: SGD, Momentum, Adam, Матричные производные] Что такое Generalization Gap между Adam и SGD и почему в CV часто предпочитают SGD?	<p>Adam сходится быстрее, но чаще оседает в узких минимумах (Sharp Minima). SGD со стохастическим шумом находит широкие минимумы (Flat Minima), которые обладают лучшей устойчивостью к сдвигу тестового распределения, давая на ImageNet на 0.5–1.0% более высокую точность.</p>	AI_Course Block_A Ticket_06
[Билет 6: Оптимизаторы: SGD, Momentum, Adam, Матричные производные] Когда матрица X^T X в нормальном уравнении необратима и как помогает Ridge-регуляризация?	<p>Матрица необратима при $d > N$ или мультиколлинеарности признаков ($\det(X^\top X) = 0$). Добавление $\lambda I$ сдвигает собственные значения: $\lambda_i(X^\top X + \lambda I) \ge \lambda > 0$, делая матрицу строго положительно определённой и гарантированно обратимой.</p>	AI_Course Block_A Ticket_06
[Билет 6: Оптимизаторы: SGD, Momentum, Adam, Матричные производные] Зачем нужен Learning Rate Warmup в трансформерах при использовании Adam/AdamW?	<p>На первых шагах моменты $v_t$ нестабильны и сильно зашумлены. Без Warmup случайные градиенты порождают гигантские скачки весов, разрушая начальные представления и ломая LayerNorm. Warmup плавно поднимает $\eta$ от $0$ до максимума за первые $1000$ шагов, стабилизируя статистики.</p>	AI_Course Block_A Ticket_06
[Билет 6: Оптимизаторы: SGD, Momentum, Adam, Матричные производные] Почему в формуле линейного слоя z = Wx + b градиент по весам равен δ x^T, а не x δ^T?	<p>Для ошибки $\delta = \frac{\partial L}{\partial z} \in \mathbb{R}^m$ и входа $x \in \mathbb{R}^n$ градиент $\frac{\partial L}{\partial W}$ обязан иметь ту же размерность $m \times n$, что и матрица $W$. Внешнее произведение $\delta x^\top$ даёт $m \times n$, тогда как $x \delta^\top$ дало бы транспонированный размер $n \times m$.</p>	AI_Course Block_A Ticket_06
[Билет 6: Оптимизаторы: SGD, Momentum, Adam, Матричные производные] Как связаны learning rate и размер батча согласно правилу Linear Scaling Rule?	<p>При увеличении батча в $k$ раз темп обучения увеличивается линейно: $\eta_{new} = k \cdot \eta_{base}$ (Goyal et al., 2017). Это сохраняет суммарный сдвиг весов за одну эпоху эквивалентным базовому батчу при обязательном использовании Learning Rate Warmup.</p>	AI_Course Block_A Ticket_06
[Билет 7: Аугментация, Тюнинг гиперпараметров] Почему Random Search эффективнее Grid Search при одинаковом числе экспериментов?	<p>В реальных задачах лишь малая доля гиперпараметров ($d_{\text{eff}} \ll d$) критична. Grid Search с $N$ запусками тестирует всего $N^{1/d}$ уникальных значений важного параметра, дублируя замеры. Random Search тестирует <strong>$N$ уникальных значений</strong> каждого параметра, плотно покрывая одномерные проекции.</p>	AI_Course Block_A Ticket_07
[Билет 7: Аугментация, Тюнинг гиперпараметров] Как Mixup регуляризует нейросеть и почему он улучшает калибровку вероятностей?	<p>One-hot метки разгоняют логиты к бесконечности, делая сеть overconfident. Mixup обучает модель предсказывать линейную смесь меток $\lambda y_1 + (1-\lambda)y_2$ на смеси картинок, формируя плавные разделяющие поверхности и снижая калибровочную ошибку (ECE).</p>	AI_Course Block_A Ticket_07
[Билет 7: Аугментация, Тюнинг гиперпараметров] Почему аугментацию категорически запрещено применять к валидационной и тестовой выборкам?	<p>Валидационная выборка обязана отражать реальное распределение генеральной совокупности (Production). Случайные искажения смещают валидационную оценку. Исключение — Test-Time Augmentation (TTA), где детерминированные копии усредняются для повышения точности инференса.</p>	AI_Course Block_A Ticket_07
[Билет 7: Аугментация, Тюнинг гиперпараметров] Что такое Acquisition Function в Байесовской оптимизации и как она балансирует Exploration и Exploitation?	<p>Acquisition Function (например, UCB: $\mu(x) + \kappa \sigma(x)$) — критерий выбора следующей точки. <strong>Exploitation:</strong> выбор точек с высоким средним качеством $\mu(x)$ около известных максимумов. <strong>Exploration:</strong> выбор точек с высокой неопределённостью $\sigma(x)$ в неисследованных зонах. Баланс задаёт параметр $\kappa$.</p>	AI_Course Block_A Ticket_07
[Билет 7: Аугментация, Тюнинг гиперпараметров] Как работает прунинг (Pruning) в Optuna и почему MedianPruner экономит до 80% времени GPU?	<p>MedianPruner сравнивает промежуточный Loss текущей модели на $k$-й эпохе с медианой всех прошлых завершённых испытаний на той же эпохе. Если результат хуже медианы, испытание немедленно останавливается (`TrialPruned`), освобождая GPU для перспективных конфигураций.</p>	AI_Course Block_A Ticket_07
[Билет 7: Аугментация, Тюнинг гиперпараметров] Почему гиперпараметры learning rate и weight decay подбираются в логарифмической шкале (log=True)?	<p>Влияние learning rate определяется порядком величины ($10^{-4}$ vs $10^{-3}$ — разница в $10\times$), а не линейной разностью. Логарифмическая шкала сэмплирует $\log_{10}(\text{lr}) \sim U(-5, -1)$, равномерно тестируя диапазоны $10^{-5}, 10^{-4}, 10^{-3}, 10^{-2}$.</p>	AI_Course Block_A Ticket_07
[Билет 7: Аугментация, Тюнинг гиперпараметров] Что такое Stratified K-Fold кросс-валидация и когда она строго обязательна?	<p>При случайном разбиении несбалансированной выборки (например, 95% к 5%) в валидационный фолд может попасть 0 редких объектов. Stratified K-Fold гарантирует, что <strong>доля каждого класса в каждом из $K$ фолдов строго равна</strong> доле во всём датасете.</p>	AI_Course Block_A Ticket_07
[Билет 7: Аугментация, Тюнинг гиперпараметров] В чём суть техники CutMix и почему она превосходит Cutout?	<p>Cutout заменяет вырезанный прямоугольник чёрными нулями, теряя полезные пиксели. CutMix вставляет фрагмент <em>другого реального изображения</em> с пропорциональным смешиванием меток, сохраняя 100% полезных пикселей и обучая сеть распознавать объекты по частям.</p>	AI_Course Block_A Ticket_07
[Билет 7: Аугментация, Тюнинг гиперпараметров] Что такое Test-Time Augmentation (TTA) и как он повышает точность на инференсе?	<p>Для тестового изображения создаётся $M$ копий (оригинал, флип, лёгкий сдвиг). Предсказания усредняются: $\hat{p} = \frac{1}{M}\sum f(T_m(x))$. Это снижает дисперсию ошибки и стабильно даёт $+0.5–1.5\%$ к точности без изменения архитектуры.</p>	AI_Course Block_A Ticket_07
[Билет 7: Аугментация, Тюнинг гиперпараметров] Каковы опасности применения слишком агрессивной геометрической аугментации?	<p>Аугментация должна сохранять метку (Label Preserving). Вертикальный переворот допустим в спутниковых снимках, но разрушает данные при распознавании цифр (цифра «6» становится «9») или дорожных знаков («движение прямо» $\to$ «тупик»).</p>	AI_Course Block_A Ticket_07
[Билет 8: Метрические методы, Сиамские сети] Почему классификация не работает для face recognition?	<p>В классификации число классов $K$ фиксировано: добавление человека требует изменения архитектуры и переобучения. В метрическом подходе энкодер обучается один раз, а новый эталон просто сохраняется в галерею признаков.</p>	AI_Course Block_B Ticket_08
[Билет 8: Метрические методы, Сиамские сети] Что такое сиамская сеть и почему веса в обеих ветках общие?	<p>Сиамская сеть применяет идентичный энкодер $f_\theta$ к разным входам. Веса общие для соблюдения симметрии расстояния $D(a,b)=D(b,a)$, инвариантности пространства представлений и экономии памяти.</p>	AI_Course Block_B Ticket_08
[Билет 8: Метрические методы, Сиамские сети] Разберите contrastive loss: оба слагаемых и margin.	<p>$\mathcal{L} = y \cdot d^2 + (1-y)\max(0, m-d)^2$. При $y=1$ минимизируется расстояние между похожими объектами. При $y=0$ штраф начисляется только если $d < m$, предотвращая бесконечное расталкивание классов.</p>	AI_Course Block_B Ticket_08
[Билет 8: Метрические методы, Сиамские сети] Что такое hard, easy и semi-hard triplets?	<p>Easy: $D(a,n) > D(a,p)+m$ ($\mathcal{L}=0$, нет градиента). Hard: $D(a,n) < D(a,p)$ (максимальный лосс, риск нестабильности). Semi-Hard: $D(a,p) < D(a,n) < D(a,p)+m$ (оптимальный информативный градиент без коллапса).</p>	AI_Course Block_B Ticket_08
[Билет 8: Метрические методы, Сиамские сети] Напишите формулу triplet loss и объясните каждый член.	<p>$\mathcal{L} = \max(0, D(a,p)^2 - D(a,n)^2 + \alpha)$. Требует, чтобы негатив был дальше позитива минимум на $\alpha$. Если $D(a,n)^2 \ge D(a,p)^2 + \alpha$, лосс равен нулю.</p>	AI_Course Block_B Ticket_08
[Билет 8: Метрические методы, Сиамские сети] Почему нормализуют эмбеддинги на единичную сферу?	<p>Нормализация $\|z\|=1$ устраняет дрейф норм векторов, обеспечивает монотонную связь $L_2$ и косинусного расстояния $\|a-b\|_2^2 = 2(1-\cos(a,b))$ и ускоряет поиск в векторных индексах (FAISS).</p>	AI_Course Block_B Ticket_08
[Билет 8: Метрические методы, Сиамские сети] ArcFace vs CosFace: в чём разница и почему ArcFace лучше?	<p>CosFace вычитает margin из косинуса ($\cos\theta - m$), а ArcFace добавляет его к углу ($\cos(\theta + m)$). Угловой margin геодезически естественен на гиперсфере и обеспечивает более строгое разделение классов.</p>	AI_Course Block_B Ticket_08
[Билет 8: Метрические методы, Сиамские сети] Как практически работает верификация лица?	<p>1) Лицо прогоняется через энкодер $\to z \in S^{d-1}$. 2) Вычисляется расстояние $D(z, z_{ref})$ до эталона. 3) При $D < \tau$ верификация успешна. Порог $\tau$ настраивается по ROC-кривой (баланс FAR и FRR).</p>	AI_Course Block_B Ticket_08
[Билет 8: Метрические методы, Сиамские сети] Что такое collapse в triplet loss и как его избежать?	<p>Коллапс — отображение всех объектов в одну константную точку с нулевым лоссом. Устраняется использованием Semi-Hard mining, корректной инициализацией весов и $L_2$-нормализацией эмбеддингов.</p>	AI_Course Block_B Ticket_08
[Билет 8: Метрические методы, Сиамские сети] Почему сиамская сеть, а не две разные сети?	<p>Разные веса нарушают симметрию и транзитивность метрики: одинаковые входы дали бы разные эмбеддинги. Единые веса формируют единое метрическое пространство.</p>	AI_Course Block_B Ticket_08
[Билет 8: Метрические методы, Сиамские сети] Как работает linear probing и почему это честная оценка качества представления?	<p>Энкодер замораживается, поверх обучается линейный классификатор. Это объективно оценивает линейную разделимость и информативность признаков без адаптации весов самого энкодера.</p>	AI_Course Block_B Ticket_08
[Билет 9: Контрастивное обучение, SSL, InfoNCE] Почему pretask первого поколения (поворот, jigsaw) работают хуже контрастивных методов?	<p>Эвристические задачи опираются на локальные признаки (стыки текстур, границы), игнорируя глобальную семантику. Контрастивный loss требует распознавать объект при любых искажениях, заставляя сеть учить высокоуровневые инварианты.</p>	AI_Course Block_B Ticket_09
[Билет 9: Контрастивное обучение, SSL, InfoNCE] Зачем в SimCLR нужна сильная аугментация (crop + color jitter)?	<p>Без Color Jitter сеть учит тривиальный признак — цветовую гистограмму картинки. Random Crop заставляет модель понимать, что разные фрагменты принадлежат одному объекту.</p>	AI_Course Block_B Ticket_09
[Билет 9: Контрастивное обучение, SSL, InfoNCE] Что такое проекционная голова (projection head) в SimCLR и почему её выбрасывают?	<p>MLP-голова $g(h)$ проецирует признаки в пространство для расчёта контрастивного лосса, беря на себя потерю информации о трансформациях. Для downstream задач полезнее общее представление $h=f(x)$, поэтому $g$ удаляется.</p>	AI_Course Block_B Ticket_09
[Билет 9: Контрастивное обучение, SSL, InfoNCE] Почему в SimCLR нужен большой батч?	<p>В батче размера $B$ содержится $2B-2$ негативов. Малый батч даёт слабый контрастивный сигнал, провоцируя коллапс представлений. Батчи $B \ge 4096$ обеспечивают разнообразие негативов.</p>	AI_Course Block_B Ticket_09
[Билет 9: Контрастивное обучение, SSL, InfoNCE] Как решает проблему большого батча алгоритм MoCo?	<p>MoCo заменяет батч FIFO-очередью негативов ($K \approx 65\,536$). Консистентность ключей гарантируется медленным EMA-обновлением momentum-энкодера ($\theta_k \leftarrow m\theta_k + (1-m)\theta_q$, $m=0.999$) без обратного распространения.</p>	AI_Course Block_B Ticket_09
[Билет 9: Контрастивное обучение, SSL, InfoNCE] BYOL обучается без явных негативов — почему не коллапсирует?	<p>Коллапс предотвращается комбинацией архитектурной асимметрии (дополнительный Predictor в онлайн-ветке), заморозки градиентов (`stop_gradient`) в целевой ветке и медленного EMA-обновления весов.</p>	AI_Course Block_B Ticket_09
[Билет 9: Контрастивное обучение, SSL, InfoNCE] Что такое коллапс представлений и как его обнаружить?	<p>Коллапс — проецирование всех входов в константный вектор (ранг матрицы $Z$ падает до 1). Обнаруживается анализом спектра сингулярных чисел $Z$ и падением точности Linear Probing до случайного уровня.</p>	AI_Course Block_B Ticket_09
[Билет 9: Контрастивное обучение, SSL, InfoNCE] Чем контрастивное обучение отличается от метрического обучения (лекция 8)?	<p>Математический аппарат схож (InfoNCE), но различается источник позитивов: в метрическом обучении это примеры одного класса из разметки, в SSL — две аугментации одного неразмеченного снимка.</p>	AI_Course Block_B Ticket_09
[Билет 9: Контрастивное обучение, SSL, InfoNCE] Как CLIP делает zero-shot классификацию?	<p>Текстовые описания классов пропускаются через Text Encoder, а изображение — через Image Encoder. Вычисляются косинусные сходства между вектором картинки и векторами всех промптов, выбирается $\arg\max$.</p>	AI_Course Block_B Ticket_09
[Билет 9: Контрастивное обучение, SSL, InfoNCE] Linear probing vs fine-tuning: когда что использовать?	<p>Linear Probing (замороженный энкодер + линейный слой) оценивает первичное качество представлений при минимуме данных. Fine-Tuning (дообучение всех слоёв) максимизирует точность при достаточном объёме разметки.</p>	AI_Course Block_B Ticket_09
[Билет 9: Контрастивное обучение, SSL, InfoNCE] Почему MAE (75% маскирование) работает лучше BERT (15% маскирование)?	<p>Изображения обладают высокой пространственной избыточностью. Маскирование 75% патчей исключает тривиальную интерполяцию соседей и заставляет модель реконструировать глобальную структуру.</p>	AI_Course Block_B Ticket_09
[Билет 9: Контрастивное обучение, SSL, InfoNCE] Объясни роль температуры τ в контрастивном loss. Что если τ → 0 или τ → ∞?	<p>$\tau$ масштабирует логиты. При $\tau \to 0$ градиент фокусируется только на сложнейшем негативе (риск нестабильности); при $\tau \to \infty$ распределение вырождается в равномерное (потеря дискриминативности). Оптимум $\tau \approx 0.07$.</p>	AI_Course Block_B Ticket_09
[Билет 10: Автоэнкодеры: VAE, ELBO, CVAE] В чем фундаментальная разница между классическим AE и VAE?	<p>Классический AE детерминирован ($x \to z$); его латент содержит разрывы, сэмплирование из которых даёт шум. VAE вероятностен: энкодер предсказывает $q(z|x) = \mathcal{N}(\mu, \Sigma)$, а $D_{\text{KL}}$ регуляризует латент к $\mathcal{N}(0, I)$, обеспечивая связность пространства для генерации.</p>	AI_Course Block_B Ticket_10
[Билет 10: Автоэнкодеры: VAE, ELBO, CVAE] Почему в VAE нельзя просто взять сэмпл z ~ N(μ, σ²) без репараметризации?	<p>Прямой сэмплинг стохастичен и разрывает вычислительный граф (градиент Backprop не проходит через случайный узел). Репараметризация $z = \mu + \sigma \odot \epsilon$ выносит случайность в $\epsilon \sim \mathcal{N}(0, I)$, делая $z$ детерминированной функцией параметров.</p>	AI_Course Block_B Ticket_10
[Билет 10: Автоэнкодеры: VAE, ELBO, CVAE] Почему энкодер VAE предсказывает log(σ²), а не саму дисперсию σ² или отклонение σ?	<p>Дисперсия $\sigma^2 > 0$ обязана быть строго положительной. Линейный слой сети может выдать отрицательное число. Предсказание $\log(\sigma^2) \in (-\infty, +\infty)$ с переходом $\sigma = \exp(0.5\log\sigma^2)$ автоматически гарантирует положительность $\sigma$.</p>	AI_Course Block_B Ticket_10
[Билет 10: Автоэнкодеры: VAE, ELBO, CVAE] Что такое Posterior Collapse (схлопывание апостериора) в VAE и как с ним бороться?	<p>Posterior Collapse — энкодер игнорирует $x$ ($q(z|x) \approx p(z), D_{\text{KL}} \to 0$), а декодер выдаёт среднее по выборке. Борьба: 1) KL Annealing (плавный рост веса $\beta$); 2) Free Bits ($\max(\tau, D_{\text{KL}})$); 3) ослабление декодера или переход к VQ-VAE.</p>	AI_Course Block_B Ticket_10
[Билет 10: Автоэнкодеры: VAE, ELBO, CVAE] Почему сгенерированные VAE изображения часто получаются размытыми (blurry)?	<p>Пиксельные лоссы (L2/BCE) при неопределённости высокочастотных деталей оптимизируются на условном математическом ожидании всех вариантов, что приводит к усреднению (размытию) пикселей.</p>	AI_Course Block_B Ticket_10
[Билет 10: Автоэнкодеры: VAE, ELBO, CVAE] Что такое β-VAE и как параметр β управляет Disentanglement?	<p>В $\beta$-VAE лосс равен $\text{Recon} + \beta D_{\text{KL}}$. При $\beta > 1$ строгое информационное горлышко заставляет сеть кодировать независимые семантические факторы (угол, толщина) в отдельные координаты $z$ (Disentanglement).</p>	AI_Course Block_B Ticket_10
[Билет 10: Автоэнкодеры: VAE, ELBO, CVAE] Как математически устроена условная генерация в CVAE?	<p>В CVAE вариационный вывод строится от условного распределения: энкодер $q_\phi(z|x, y)$, декодер $p_\theta(x|z, y)$. Вектор условия $y$ конкатенируется с $x$ на входе энкодера и с $z$ на входе декодера, позволяя генерировать объекты заданного класса.</p>	AI_Course Block_B Ticket_10
[Билет 10: Автоэнкодеры: VAE, ELBO, CVAE] В чём разница между q(z|x) и p(z|x)? Как они связаны с ELBO?	<p>$p(z|x)$ — истинный апостериор с неберущимся интегралом в знаменателе; $q_\phi(z|x)$ — параметрическое вариационное приближение (энкодер). Связь: $\log p(x) = \text{ELBO} + D_{\text{KL}}(q_\phi(z|x) \parallel p(z|x))$.</p>	AI_Course Block_B Ticket_10
[Билет 10: Автоэнкодеры: VAE, ELBO, CVAE] Как подавать условие y в CVAE на практике?	<p>1) Конкатенация One-Hot вектора с $x$ и $z$; 2) Embedding Layer $y \to e_y$ с добавлением к признакам; 3) FiLM-модуляция (предсказание масштаба $\gamma(y)$ и сдвига $\beta(y)$ для нормализации).</p>	AI_Course Block_B Ticket_10
[Билет 10: Автоэнкодеры: VAE, ELBO, CVAE] Почему репараметризационный трюк даёт меньшую дисперсию градиента, чем Score Function Estimator (REINFORCE)?	<p>REINFORCE использует логарифмическую производную $\nabla_\phi \log q_\phi(z)$ с огромной дисперсией. Репараметризация вычисляет градиент через прямые частные производные $\nabla_z f(z) \nabla_\phi g(x, \epsilon)$, снижая дисперсию на порядки.</p>	AI_Course Block_B Ticket_10
[Билет 10: Автоэнкодеры: VAE, ELBO, CVAE] Что такое VQ-VAE и почему он используется в Stable Diffusion?	<p>В VQ-VAE латент квантуется по кодовой книге (Codebook), устраняя размытие. В Stable Diffusion VAE сжимает картинку $512\times512\times3$ в латент $64\times64\times4$, ускоряя процесс диффузии в 64 раза.</p>	AI_Course Block_B Ticket_10
[Билет 10: Автоэнкодеры: VAE, ELBO, CVAE] Что произойдет, если в функции потерь VAE полностью убрать KL-дивергенцию?	<p>Модель выродится в детерминированный AE: $\sigma_j^2 \to 0$, средние $\mu(x)$ разлетятся по $\mathbb{R}^d$, латент потеряет непрерывность, а генерация через сэмплирование $z \sim \mathcal{N}(0, I)$ станет невозможной.</p>	AI_Course Block_B Ticket_10
[Билет 11: Генеративные модели: GAN] Почему в GAN нельзя просто обучить генератор минимизировать MSE между $G(z)$ и реальными картинками?	<p>Шум $z$ не привязан к конкретному изображению $x$. Минимизация пиксельного MSE приведёт к усреднению всех картинок датасета в серое пятно. Дискриминатор оценивает распределение целиком, заставляя синтезировать чёткие текстуры.</p>	AI_Course Block_B Ticket_11
[Билет 11: Генеративные модели: GAN] Чему равен оптимальный дискриминатор $D^*(x)$ и значение функции стоимости при идеальном генераторе?	<p>$D^*(x) = \frac{p_{\text{data}}(x)}{p_{\text{data}}(x) + p_g(x)}$. При $p_g = p_{\text{data}}$ имеем $D^*(x) = 1/2$ для всех $x$, а значение функционала $V(D^*, G^*) = -\log 4 = -2\ln 2 \approx -1.3863$.</p>	AI_Course Block_B Ticket_11
[Билет 11: Генеративные модели: GAN] В чем математическая причина проблемы Mode Collapse?	<p>Дивергенция $D_{\text{JS}}$ слабо штрафует пропуск мод. Генератор стягивает все сэмплы $z$ в одну моду, дающую низкий лосс (например, цифру «1»). При адаптации $D$ генератор просто прыгает на другую моду («7»), осциллируя по кругу.</p>	AI_Course Block_B Ticket_11
[Билет 11: Генеративные модели: GAN] Зачем в WGAN нужно требование 1-Липшицевости и как оно реализовано в WGAN-GP?	<p>1-Липшицевость $(\|\nabla f(x)\| \le 1)$ следует из двойственности Канторовича–Рубинштейна. В WGAN-GP она задаётся штрафом $\mathbb{E}_{\hat{x}} [(\|\nabla_{\hat{x}} D(\hat{x})\|_2 - 1)^2]$ на случайных интерполяциях $\hat{x} = \epsilon x + (1-\epsilon)\tilde{x}$.</p>	AI_Course Block_B Ticket_11
[Билет 11: Генеративные модели: GAN] Почему в шаге обучения дискриминатора нужно вызывать `fake_imgs.detach()`?	<p>`.detach()` отсоединяет тензор от графа генератора, предотвращая ненужный прогон градиентов через генератор и сохраняя ресурсы GPU.</p>	AI_Course Block_B Ticket_11
[Билет 11: Генеративные модели: GAN] Чем StyleGAN принципиально отличается от традиционных генераторов?	<p>StyleGAN переводит $z \to w \in \mathcal{W}$ через Mapping Network. Синтез стартует с константного тензора $4\times 4$, а вектор $w$ управляет слоями через модуляции AdaIN, распутывая глобальные и локальные стили.</p>	AI_Course Block_B Ticket_11
[Билет 11: Генеративные модели: GAN] Зачем в CycleGAN нужен Cycle Consistency Loss?	<p>Adversarial Loss гарантирует лишь правдоподобие $G(x) \in Y$, но не привязку к $x$. Cycle Consistency $\|F(G(x)) - x\|_1$ требует восстановимости исходного изображения, сохраняя геометрию и контент объекта.</p>	AI_Course Block_B Ticket_11
[Билет 11: Генеративные модели: GAN] В чем главные недостатки Inception Score (IS) и почему все перешли на FID?	<p>IS оценивает только $p(y|x)$ и $p(y)$, игнорируя реальный датасет (слеп к Mode Collapse при запоминании 1000 картинок). FID сравнивает распределения признаков (средние и ковариации) реальных и синтетических данных.</p>	AI_Course Block_B Ticket_11
[Билет 11: Генеративные модели: GAN] В чем математическая разница между Minimax Loss и Non-Saturating Loss генератора и почему первый приводит к затуханию градиентов на старте?	<p>В Minimax $\mathcal{L}_G = \mathbb{E}[\log(1 - D(G(z)))]$. При $D \approx 0$ производная насыщается ($\approx 0$). В Non-Saturating $\mathcal{L}_G^{\text{NS}} = -\mathbb{E}[\log D(G(z))]$ градиент $-\frac{1}{D} \to -\infty$, давая сильный обучающий сигнал.</p>	AI_Course Block_B Ticket_11
[Билет 11: Генеративные модели: GAN] Почему в WGAN ограничение весов (Weight Clipping) приводит к деградации сети и как штраф на градиент (Gradient Penalty, WGAN-GP) решает эту проблему?	<p>Клиппинг весов $w \in [-c, c]$ вызывает затухание/взрыв градиентов и сбивает веса к $\pm c$, убивая ёмкость критика. WGAN-GP накладывает мягкий штраф за отклонение нормы градиента от 1, стабилизируя обучение.</p>	AI_Course Block_B Ticket_11
[Билет 12 (ч.1): Диффузионные модели] Почему прямой процесс диффузии можно вычислить за один шаг без итераций?	<p>Сумма независимых гауссовских величин остаётся Гауссианом. Рекуррентная подстановка $x_t = \sqrt{\alpha_t}x_{t-1} + \sqrt{1-\alpha_t}\epsilon$ сворачивает дисперсии в произведение $\bar{\alpha}_t = \prod \alpha_s$, давая замкнутую формулу $q(x_t|x_0) = \mathcal{N}(\sqrt{\bar{\alpha}_t}x_0, (1-\bar{\alpha}_t)I)$.</p>	AI_Course Block_B Ticket_12
[Билет 12 (ч.1): Диффузионные модели] Что на самом деле предсказывает нейросеть в DDPM: картинку, среднее или шум?	<p>Предсказание стандартного белого шума $\epsilon_\theta(x_t, t)$ стабильнее всего, так как целевой шум распределён как $\mathcal{N}(0, I)$ на всех шагах, что нормализует масштаб градиентов.</p>	AI_Course Block_B Ticket_12
[Билет 12 (ч.1): Диффузионные модели] В чем фундаментальная разница между VAE, GAN и Диффузией?	<p>VAE: одностадийный ELBO, быстрый, но размытый. GAN: состязательный, чёткий, но нестабильный (Mode Collapse). Диффузия: многостадийный обратный процесс, идеальное покрытие мод и стабильный MSE лосс, но медленный инференс.</p>	AI_Course Block_B Ticket_12
[Билет 12 (ч.1): Диффузионные модели] Как работает Classifier-Free Guidance (CFG) и зачем нужен параметр $s > 1$?	<p>CFG экстраполирует вектор шума: $\tilde{\epsilon} = \epsilon_{\text{uncond}} + s(\epsilon_{\text{cond}} - \epsilon_{\text{uncond}})$. При $s > 1$ усиливается семантика текстового промпта, повышая соответствие описанию.</p>	AI_Course Block_B Ticket_12
[Билет 12 (ч.1): Диффузионные модели] Зачем в Stable Diffusion перешли от пиксельной диффузии к латентной (Latent Diffusion)?	<p>Пиксельная диффузия тратит 95% ресурсов на невидимый высокочастотный шум. Latent Diffusion сжимает изображение через VAE в 64 раза по площади ($64\times 64$), запуская U-Net в компактном латенте.</p>	AI_Course Block_B Ticket_12
[Билет 12 (ч.1): Диффузионные модели] Как DDIM удается генерировать изображения за 20–50 шагов вместо 1000?	<p>DDIM строит детерминированный немарковский процесс ($\sigma_t = 0$), эквивалентный решению ОДУ. Траекторию ODE можно интегрировать с крупным шагом, пропуская промежуточные стадии.</p>	AI_Course Block_B Ticket_12
[Билет 12 (ч.1): Диффузионные модели] Почему в расписании шума $\beta_t$ выбирают малыми величинами ($\approx 10^{-4} \dots 0.02$)?	<p>Гауссовская форма обратного шага $q(x_{t-1}|x_t)$ строго доказуема только в пределе малого шага шума ($\beta_t \ll 1$). При большом $\beta$ обратное распределение становится мультимодальным.</p>	AI_Course Block_B Ticket_12
[Билет 12 (ч.1): Диффузионные модели] Как временной шаг $t$ передается в свёрточные слои U-Net?	<p>Шаг $t$ переводится в синусоидальный позиционный эмбеддинг, пропускается через MLP и прибавляется (или модулирует AdaGN) к картам признаков в каждом блоке ResNet.</p>	AI_Course Block_B Ticket_12
[Билет 12 (ч.1): Диффузионные модели] Как математически устроено сэмплирование DDIM и почему оно является немарковским процессом?	<p>DDIM задаёт семейство немарковских процессов с тем же маргинальным $q(x_t|x_0)$. При $\sigma_t = 0$ стохастический член исчезает, процесс становится детерминированным и обратимым (Inversion).</p>	AI_Course Block_B Ticket_12
[Билет 12 (ч.1): Диффузионные модели] Что такое Predictor-Corrector (PC) сэмплеры в диффузионных моделях и какую роль в них играет динамика Ланжевена?	<p>Predictor делает шаг по времени $t \to t-\Delta t$ (численный интегратор), а Corrector выполняет MCMC-шаги динамики Ланжевена при фиксированном $t$, сдвигая сэмпл вдоль градиента плотности (Score) и устраняя накопленные ошибки.</p>	AI_Course Block_B Ticket_12
[Билет 12 (ч.2): Задачи Computer Vision] Что такое IoU и почему это хорошая метрика?	<p>$\text{IoU} = \frac{|A \cap B|}{|A \cup B|}$. Преимущества: 1) инвариантность к масштабу (одинаково штрафует ошибку для малых и больших боксов); 2) диапазон $[0, 1]$; 3) стандартный порог ($\text{IoU} \ge 0.5$) для фиксации True Positive.</p>	AI_Course Block_B Ticket_13
[Билет 12 (ч.2): Задачи Computer Vision] Объясни NMS алгоритм и почему он нужен.	<p>NMS сортирует боксы по $\text{conf}$, берёт лучший и удаляет пересекающиеся с $\text{IoU} > 0.5$. Устраняет избыточные дублирующие рамки вокруг одного объекта.</p>	AI_Course Block_B Ticket_13
[Билет 12 (ч.2): Задачи Computer Vision] Как вычисляется mAP? Что мера AP?	<p>AP — площадь под Precision-Recall кривой при ранжировании по уверенности. mAP — среднее AP по всем классам. Стандарт COCO $\text{mAP}@[0.5:0.95]$ усредняет AP по порогам IoU от $0.5$ до $0.95$ с шагом $0.05$.</p>	AI_Course Block_B Ticket_13
[Билет 12 (ч.2): Задачи Computer Vision] Почему Faster R-CNN двухстадийная, а YOLO одностадийная? Плюсы и минусы.	<p>Faster R-CNN сначала генерирует предложения регионов (RPN), затем классифицирует (высокая точность, низкая скорость). YOLO предсказывает боксы и классы за один проход по сетке (real-time скорость, ниже точность на мелких объектах).</p>	AI_Course Block_B Ticket_13
[Билет 12 (ч.2): Задачи Computer Vision] Что такое Focal Loss и когда её использовать?	<p>$\text{FL} = -\alpha(1-p_t)^\gamma \log p_t$. Подавляет влияние лёгких примеров фона ($(1-p_t)^\gamma \to 0$), фокусируя градиенты на редких сложных объектах в 1-стадийных детекторах.</p>	AI_Course Block_B Ticket_13
[Билет 12 (ч.2): Задачи Computer Vision] DETR: как это детектирует без anchor'ов и NMS?	<p>DETR использует Transformer с $N$ объектными запросами (queries) и венгерский алгоритм (Bipartite Matching) для сопоставления $1$-к-$1$ между предсказаниями и GT, исключая необходимость в NMS.</p>	AI_Course Block_B Ticket_13
[Билет 12 (ч.2): Задачи Computer Vision] Сегментация: семантическая vs instance vs panoptic?	<p>Семантическая: класс каждому пикселю без деления объектов. Instance: отдельная маска для каждого экземпляра (Things). Panoptic: объединяет семантику фона (Stuff) и маски экземпляров (Things).</p>	AI_Course Block_B Ticket_13
[Билет 12 (ч.2): Задачи Computer Vision] U-Net: почему skip-connections помогают?	<p>Skip-connections передают высокодетализированные пространственные карты признаков из энкодера напрямую в декодер, восстанавливая точные границы объектов, утерянные при пулинге.</p>	AI_Course Block_B Ticket_13
[Билет 12 (ч.2): Задачи Computer Vision] Dice loss vs Cross-entropy в сегментации. Когда что использовать?	<p>Cross-Entropy штрафует каждый пиксель по отдельности и страдает от дисбаланса классов. Dice Loss $\mathcal{L}_{\text{Dice}} = 1 - \frac{2\text{TP}}{2\text{TP}+\text{FP}+\text{FN}}$ оптимизирует перекрытие масок и инвариантен к дисбалансу.</p>	AI_Course Block_B Ticket_13
[Билет 12 (ч.2): Задачи Computer Vision] Ключевые точки: прямая регрессия vs heatmap. Почему heatmap работает лучше?	<p>Heatmap представляет координату как 2D-гауссиан вероятности: задача сводится к свёрточному прогнозу маски, сохраняет пространственную структуру и даёт точность ~95% против ~75% у регрессии координат.</p>	AI_Course Block_B Ticket_13
[Билет 12 (ч.2): Задачи Computer Vision] SORT vs DeepSORT: в чём разница?	<p>SORT использует фильтр Калмана + венгерский алгоритм по IoU. DeepSORT добавляет re-ID нейросетевые эмбеддинги внешности, сохраняя ID объекта при длительных перекрытиях (окклюзиях).</p>	AI_Course Block_B Ticket_13
[Билет 12 (ч.2): Задачи Computer Vision] Что такое "anchor" в детекции и почему anchor-free лучше?	<p>Якоря (Anchors) — шаблонные рамки с регрессией смещений ($\Delta$). Anchor-free методы (FCOS, CenterNet) предсказывают координаты и центры напрямую, избавляя от гиперпараметров форм якорей.</p>	AI_Course Block_B Ticket_13
[Билет 13: Рекуррентные сети, LSTM, biLSTM] В чём математическая причина отсутствия затухания градиента в LSTM?	<p>Обновление $C_t = f_t \odot C_{t-1} + i_t \odot \tilde{C}_t$ аддитивно: $\frac{\partial C_t}{\partial C_{t-1}} = f_t$. При $f_t \approx 1$ градиент $\frac{\partial \mathcal{L}}{\partial C_0} = \frac{\partial \mathcal{L}}{\partial C_T} \prod_{t=1}^T f_t \approx \frac{\partial \mathcal{L}}{\partial C_T} \cdot 1^T$ распространяется назад без затухания и матричных перемножений (Constant Error Carousel).</p>	AI_Course Block_C Ticket_14
[Билет 13: Рекуррентные сети, LSTM, biLSTM] Сколько обучаемых параметров в одном слое LSTM по сравнению с обычной RNN?	<p>В обычной RNN: 1 пара $(W_{xh}, W_{hh})$ и вектор $b_h$. В LSTM — 4 независимых гейта ($f_t, i_t, \tilde{C}_t, o_t$). Параметров <strong>в 4 раза больше</strong>: $4 \times (d_{\text{in}} d_{\text{hidden}} + d_{\text{hidden}}^2 + d_{\text{hidden}})$.</p>	AI_Course Block_C Ticket_14
[Билет 13: Рекуррентные сети, LSTM, biLSTM] Зачем в гейтах LSTM используется сигмоида $\sigma$, а при создании кандидата $\tilde{C}_t$ — $\tanh$?	<p><strong>Сигмоида ($\sigma \in [0, 1]$):</strong> мягкий бинарный вентиль ($0$ — закрыт, $1$ — открыт).<br> <strong>Тангенс ($\tanh \in [-1, 1]$):</strong> создаёт центрированные относительно нуля значения, позволяя и увеличивать, и уменьшать память $C_t$ без накопления смещения.</p>	AI_Course Block_C Ticket_14
[Билет 13: Рекуррентные сети, LSTM, biLSTM] Что такое Teacher Forcing и к какой проблеме на инференсе (Exposure Bias) он приводит?	<p><strong>Teacher Forcing</strong> — подача эталонного $y_{t-1}^{\text{true}}$ вместо предсказанного $\hat{y}_{t-1}$ на вход декодера при обучении. <strong>Exposure Bias</strong>: на инференсе подсказок нет, и первая же ошибка уводит модель в не встречавшееся состояние (накопление ошибок). Лечение: Scheduled Sampling.</p>	AI_Course Block_C Ticket_14
[Билет 13: Рекуррентные сети, LSTM, biLSTM] В чём главное отличие GRU от LSTM?	<p>1. В GRU 2 гейта (Update $z_t$, Reset $r_t$) вместо 3 в LSTM.<br> 2. Нет отдельного $C_t$: состояние $h_t$ объединяет долговременную и рабочую память.<br> 3. На 25% меньше параметров при сопоставимом качестве.</p>	AI_Course Block_C Ticket_14
[Билет 13: Рекуррентные сети, LSTM, biLSTM] Можно ли распараллелить вычисления в RNN по времени при обучении?	<p><strong>Нет.</strong> Для вычисления $h_t$ строго необходимо готовое $h_{t-1}$. Временная сложность — $O(T)$ последовательных шагов на GPU. Это ограничение стимулировало создание Transformer.</p>	AI_Course Block_C Ticket_14
[Билет 13: Рекуррентные сети, LSTM, biLSTM] Зачем смещение Forget Gate инициализируют единицей ($b_f = 1.0$)?	<p>При $b_f = 0$ имеем $\sigma(0) = 0.5$, и память затухает за 10 шагов ($0.5^{10} \approx 0.001$). Инициализация $b_f = 1.0$ даёт $\sigma(1) \approx 0.73$, заставляя сеть по умолчанию <strong>помнить всю историю</strong> в начале обучения.</p>	AI_Course Block_C Ticket_14
[Билет 13: Рекуррентные сети, LSTM, biLSTM] Почему biLSTM нельзя использовать для авторегрессионной генерации текста?	<p>В biLSTM обратный слой $\overleftarrow{h}_t$ идёт от $T$ к $1$. При генерации будущих токенов ещё не существует, поэтому вычислить $\overleftarrow{h}_t$ невозможно. biLSTM применима только к готовым текстам.</p>	AI_Course Block_C Ticket_14
[Билет 13: Рекуррентные сети, LSTM, biLSTM] Как устроен PackedSequence в PyTorch и почему он ускоряет обучение?	<p>Padding батча нулями тратит FLOPs и искажает скрытые состояния через bias. <code>pack_padded_sequence</code> сжимает батч в 1D-массив реальных токенов с массивом <code>batch_sizes</code>, исключая холостые операции на нулях.</p>	AI_Course Block_C Ticket_14
[Билет 13: Рекуррентные сети, LSTM, biLSTM] Как работает Gradient Clipping по норме (torch.nn.utils.clip_grad_norm_)?	<p>Вычисляется $\|g\|_2 = \sqrt{\sum_i \|g_i\|_2^2}$. Если $\|g\|_2 > C$, градиенты масштабируются: $g \leftarrow g \cdot \frac{C}{\|g\|_2}$. Это ограничивает шаг обновления, <strong>сохраняя точное направление антиградиента</strong> и предотвращая взрыв параметров.</p>	AI_Course Block_C Ticket_14
[Билет 14: Механизм внимания в seq2seq] В чём фундаментальное отличие Bahdanau Attention от Luong Attention?	<p>1. <strong>Скоринг:</strong> Bahdanau использует аддитивный перцептрон $v_a^\top \tanh(W_a s_{t-1} + U_a h_i)$, а Luong — скалярное произведение $s_t^\top h_i$ или билинейную форму $s_t^\top W_a h_i$.<br> 2. <strong>Время:</strong> Bahdanau берёт $s_{t-1}$ (до шага RNN), Luong — $s_t$ (после шага RNN).</p>	AI_Course Block_C Ticket_15
[Билет 14: Механизм внимания в seq2seq] По какой размерности вычисляется Softmax при расчёте весов внимания в Seq2Seq?	<p>Softmax <strong>всегда вычисляется по длине входной последовательности энкодера $S$</strong> (Source Length). На каждом шаге декодера сумма весов равна единице: $\sum_{i=1}^S \alpha_{t, i} = 1$.</p>	AI_Course Block_C Ticket_15
[Билет 14: Механизм внимания в seq2seq] Почему механизм внимания называют дифференцируемым поиском по словарю (Differentiable Key-Value Lookup)?	<p>Запрос (Query, $s_{t-1}$) непрерывно сравнивается со всеми ключами (Keys, $h_i$), формируя веса через Softmax. Результат — непрерывная взвешенная сумма значений (Values, $h_i$), пропускающая градиенты Backpropagation сквозным образом.</p>	AI_Course Block_C Ticket_15
[Билет 14: Механизм внимания в seq2seq] Какова размерность вектора контекста $c_t$ и зависит ли она от длины входа $S$?	<p>Размерность $c_t$ равна $d_{\text{enc}}$ (или $2 d_{\text{enc}}$ для biLSTM) и <strong>не зависит от $S$</strong>, так как суммирование по оси $S$ схлопывает это измерение.</p>	AI_Course Block_C Ticket_15
[Билет 14: Механизм внимания в seq2seq] Что показывает матрица выравнивания (Alignment Matrix) при переводе на язык с другим порядком слов?	<p>Матрица $\alpha_{t, i}$ размера $T \times S$ визуализирует Soft Alignment. При прямом порядке слов веса идут по диагонали; при инверсиях (например, прилагательное после существительного) диагональ локально смещается, фиксируя перестановку.</p>	AI_Course Block_C Ticket_15
[Билет 14: Механизм внимания в seq2seq] В чём преимущество Local Attention перед Global Attention?	<p>Global Attention требует $O(S \cdot T)$ операций. Local Attention находит центр $p_t$ и вычисляет внимание только в окне $[p_t - D, p_t + D]$, снижая сложность до $O(D \cdot T)$ для длинных текстов.</p>	AI_Course Block_C Ticket_15
[Билет 14: Механизм внимания в seq2seq] Какова максимальная длина пути градиента в Seq2Seq с вниманием по сравнению с классической RNN?	<p>В классической RNN путь градиента равен $O(S + T)$ шагам (затухание). В модели с вниманием вектор $c_t$ связывает декодер с любым $h_i$ напрямую за <strong>$O(1)$</strong> шаг без затухания.</p>	AI_Course Block_C Ticket_15
[Билет 14: Механизм внимания в seq2seq] Зачем вектор контекста $c_t$ объединяется с состоянием декодера $s_t$ перед генерацией?	<p>Это даёт классификатору одновременный доступ к грамматическому контексту перевода ($s_t$) и семантическому содержанию фрагмента оригинала ($c_t$).</p>	AI_Course Block_C Ticket_15
[Билет 14: Механизм внимания в seq2seq] Сравните функции скоринга: Bahdanau, Luong General и Scaled Dot-Product.	<p>1. <strong>Bahdanau:</strong> $v_a^\top \tanh(W_a q + U_a k)$ — перцептрон, тяжело для GPU.<br> 2. <strong>Luong General:</strong> $q^\top W_a k$ — быстрый GEMM на GPU, требует $d_q \times d_k$ параметров.<br> 3. <strong>Scaled Dot-Product:</strong> $\frac{q^\top k}{\sqrt{d_k}}$ — 0 параметров внутри скоринга, масштабирование стабилизирует Softmax.</p>	AI_Course Block_C Ticket_15
[Билет 14: Механизм внимания в seq2seq] Как по матрице выравнивания выявить пропуск слов, зацикливание и галлюцинации?	<p>• <strong>Пропуск слов:</strong> столбец $j$, где все $\alpha_{t, j} \approx 0$.<br> • <strong>Зацикливание:</strong> повторный фокус на одном участке входа.<br> • <strong>Галлюцинации:</strong> равномерное размытие ($\alpha_{t, i} \approx 1/S$) или фокус только на пунктуации.</p>	AI_Course Block_C Ticket_15
[Билет 15: Архитектура Transformer] В чём принципиальная разница между Self-Attention и Cross-Attention?	<p>В <strong>Self-Attention</strong> $Q, K, V$ поступают из <em>одного источника</em> (выход предыдущего слоя того же стека). В <strong>Cross-Attention</strong> запросы $Q$ идут от <em>декодера</em>, а ключи $K$ и значения $V$ — из <em>выхода энкодера</em>, связывая целевой текст с исходным.</p>	AI_Course Block_C Ticket_16
[Билет 15: Архитектура Transformer] Зачем в декодере применяется маскирование в Masked Multi-Head Attention?	<p>При авторегрессионном обучении вся последовательность подаётся разом. Без маски токен $t$ «подглядывал» бы в $t+1, t+2$. Причинная маска с $-\infty$ зануляет веса внимания к будущим токенам после Softmax.</p>	AI_Course Block_C Ticket_16
[Билет 15: Архитектура Transformer] Чем Layer Normalization отличается от Batch Normalization и почему в NLP используется LayerNorm?	<p>BatchNorm считает статистики по батчу для каждого признака, что ломается на переменной длине $T$ и при $B=1$. LayerNorm вычисляет $\mu$ и $\sigma^2$ <strong>по скрытым каналам одного токена</strong>, не завися от размера батча и соседних предложений.</p>	AI_Course Block_C Ticket_16
[Билет 15: Архитектура Transformer] Почему позиционное кодирование прибавляется к эмбеддингам, а не конкатенируется?	<p>Конкатенация увеличила бы входную размерность до $d_{\text{model}} + d_{\text{pos}}$, требуя больше весов во всех слоях. В многомерных пространствах ($d=512, 4096$) векторы практически ортогональны, поэтому сложение сохраняет и семантику, и позицию.</p>	AI_Course Block_C Ticket_16
[Билет 15: Архитектура Transformer] Какую роль выполняет подблок Position-wise Feed-Forward Network (FFN)?	<p>Внимание лишь перевзвешивает токены линейно. FFN добавляет нелинейность (GELU/ReLU) и расширяет размерность ($4 d_{\text{model}}$), выполняя роль ассоциативной памяти фактов и трансформации признаков.</p>	AI_Course Block_C Ticket_16
[Билет 15: Архитектура Transformer] В чём преимущество топологии Pre-LN перед оригинальной Post-LN?	<p>В Post-LN нормализация $\text{LN}(x + F(x))$ искажала градиенты в глубоких сетях (требовался Warmup). В Pre-LN нормализуется вход $x + F(\text{LN}(x))$, создавая чистый Residual Stream и позволяя стабильно обучать 100+ слоёв с первого шага.</p>	AI_Course Block_C Ticket_16
[Билет 15: Архитектура Transformer] Сколько раз вызываются энкодер и декодер при генерации фразы из 20 токенов?	<p>Энкодер вызывается <strong>1 раз</strong> в начале, формируя память $H_{\text{enc}}$. Декодер вызывается <strong>20 раз пошагово</strong> (авторегрессионная генерация).</p>	AI_Course Block_C Ticket_16
[Билет 15: Архитектура Transformer] Почему в архитектуре Transformer выбрана размерность $d_{\text{ff}} = 4 \times d_{\text{model}}$?	<p>Четырёхкратное расширение даёт сети нелинейную ёмкость для аппроксимации лингвистических правил и фактов без утяжеления слоёв внимания.</p>	AI_Course Block_C Ticket_16
[Билет 15: Архитектура Transformer] Каким свойством обладает синусоидальное кодирование при относительном сдвиге?	<p>Вектор позиции $pos + k$ выражается через вектор $pos$ с помощью <strong>ортогональной матрицы поворота</strong> $M_k$: $PE_{pos + k} = M_k PE_{pos}$. Это позволяет вниманию легко обучаться учёту относительных расстояний.</p>	AI_Course Block_C Ticket_16
[Билет 15: Архитектура Transformer] Почему современные LLM (LLaMA, Mistral) перешли от абсолютных эмбеддингов к RoPE?	<p>Абсолютные эмбеддинги не экстраполируют длину контекста за пределы $L_{\text{train}}$. <strong>RoPE</strong> поворачивает $Q$ и $K$ на угол, пропорциональный позиции, делая скалярное произведение $q_m^\top k_n$ функцией строго <em>относительного расстояния</em> $(m - n)$.</p>	AI_Course Block_C Ticket_16
[Билет 16: Внимание и самовнимание (Q, K, V, маски)] Что произойдёт с обучением трансформера, если убрать деление на $\sqrt{d_k}$?	<p>При больших $d_k$ дисперсия $q \cdot k$ вырастет до $d_k$. Softmax уйдёт в крайнее насыщение (one-hot вектор), его производные станут равны 0 ($\text{Softmax}' \to 0$), и обучение полностью остановится из-за затухания градиентов.</p>	AI_Course Block_C Ticket_17
[Билет 16: Внимание и самовнимание (Q, K, V, маски)] Почему вычислительная сложность внимания квадратична $O(T^2)$?	<p>Каждый из $T$ токенов вычисляет скалярное произведение со всеми $T$ токенами, формируя матрицу $Q K^\top$ размера $T \times T$. Умножение $(T \times d) \times (d \times T)$ требует $O(T^2 d)$ FLOPs и $O(T^2)$ памяти.</p>	AI_Course Block_C Ticket_17
[Билет 16: Внимание и самовнимание (Q, K, V, маски)] Зачем нужны отдельные проекционные матрицы $W^Q$ и $W^K$ при одинаковом размере?	<p>$W^Q$ определяет, «что токен ищет», а $W^K$ — «чем токен является». При $W^Q = W^K$ матрица $Q K^\top$ была бы симметричной, исключая направленные асимметричные зависимости (например, глагол управляет дополнением, но не наоборот).</p>	AI_Course Block_C Ticket_17
[Билет 16: Внимание и самовнимание (Q, K, V, маски)] Как технически устроена каузальная маска (Causal Mask) на уровне тензоров?	<p>Верхнетреугольная матрица $T \times T$ с $-\infty$ выше главной диагонали прибавляется к логитам. После Softmax вероятности будущих позиций строго обращаются в ноль ($e^{-\infty} = 0$).</p>	AI_Course Block_C Ticket_17
[Билет 16: Внимание и самовнимание (Q, K, V, маски)] Какова размерность выхода Multi-Head Attention после объединения голов?	<p>Конкатенация $h$ голов даёт $(B, T, h \cdot d_v) = (B, T, d_{\text{model}})$. Проекция $W^O \in \mathbb{R}^{d_{\text{model}} \times d_{\text{model}}}$ сохраняет размерность $(B, T, d_{\text{model}})$, равную входу.</p>	AI_Course Block_C Ticket_17
[Билет 16: Внимание и самовнимание (Q, K, V, маски)] Что делает алгоритм FlashAttention и меняет ли он результат внимания?	<p>FlashAttention даёт <strong>математически абсолютно точный результат</strong>. Он разбивает вычисления на блоки (тайлы) в SRAM GPU через Online Softmax, не сохраняя матрицу $T \times T$ в медленной HBM памяти.</p>	AI_Course Block_C Ticket_17
[Билет 16: Внимание и самовнимание (Q, K, V, маски)] Почему сумма весов внимания по каждой строке матрицы равна 1?	<p>Softmax применяется строго построчно (по последней оси dim=-1), гарантируя, что выход является выпуклой комбинацией (взвешенным средним) векторов $V$.</p>	AI_Course Block_C Ticket_17
[Билет 16: Внимание и самовнимание (Q, K, V, маски)] Докажите, почему дисперсия скалярного произведения $\text{Var}(q \cdot k) = d_k$.	<p>Для независимых величин с $\text{Var}=1$: $z = \sum_{i=1}^{d_k} q_i k_i$. $\text{Var}(q_i k_i) = \mathbb{E}[q_i^2]\mathbb{E}[k_i^2] = 1$. В силу независимости дисперсия суммы равна сумме дисперсий: $\text{Var}(z) = \sum_{i=1}^{d_k} 1 = d_k$.</p>	AI_Course Block_C Ticket_17
[Билет 16: Внимание и самовнимание (Q, K, V, маски)] Почему в причинной маске используют $-\infty$ и как избежать NaN в float16?	<p>$e^{-\infty} = 0$. В `float16` константа `-1e9` переполняется в `-inf`. Если вся строка замаскирована, деление $\frac{0}{0}$ даёт NaN. Решение: `torch.finfo(dtype).min` или безопасное `-1e4`.</p>	AI_Course Block_C Ticket_17
[Билет 16: Внимание и самовнимание (Q, K, V, маски)] В чём разница между MHA, MQA и GQA?	<p>В MHA у каждой головы $Q$ своя пара $K, V$. В MQA все $h$ голов $Q$ делят одну пару $K, V$. В GQA головы $Q$ разбиты на $G$ групп, делящих общие $K, V$ (стандарт LLaMA-3, экономит кэш в 4–8 раз при качестве MHA).</p>	AI_Course Block_C Ticket_17
[Билет 17: LSTM vs Трансформер] Почему обучение LSTM медленнее обучения Трансформера в десятки раз?	<p>В LSTM шаг $t$ строго ждёт завершения $t-1$ ($O(T)$ тактов), что блокирует распараллеливание на GPU. В Трансформере матрицы $Q, K, V$ и $Q K^\top$ вычисляются одновременно для всех $T$ токенов за $O(1)$ параллельных операций GEMM.</p>	AI_Course Block_C Ticket_18
[Билет 17: LSTM vs Трансформер] В чём преимущество LSTM перед Трансформером на инференсе?	<p>LSTM хранит лишь компактный вектор $h_t, C_t$, требуя строго $O(1)$ памяти независимо от длины текста. Трансформер вынужден хранить растущий KV-кэш ($O(T)$ памяти), требующий десятки гигабайт VRAM на длинных диалогах.</p>	AI_Course Block_C Ticket_18
[Билет 17: LSTM vs Трансформер] Что такое индуктивное смещение и у кого оно сильнее: у CNN, LSTM или Transformer?	<p>Индуктивное смещение — априорные предположения архитектуры о данных. Оно максимально у <strong>CNN</strong> (локальность) и <strong>LSTM</strong> (временной порядок). У <strong>Transformer</strong> оно минимально, поэтому он требует больше данных, но лишён искусственных ограничений.</p>	AI_Course Block_C Ticket_18
[Билет 17: LSTM vs Трансформер] Какова сложность слоя по времени и памяти для LSTM и Transformer?	<p><strong>LSTM:</strong> время $O(T \cdot d^2)$, память активаций $O(T \cdot d)$.<br> <strong>Transformer:</strong> время $O(T^2 \cdot d + T \cdot d^2)$, память $O(T^2)$ (без FlashAttention) или $O(T \cdot d)$ (с FlashAttention).</p>	AI_Course Block_C Ticket_18
[Билет 17: LSTM vs Трансформер] Почему в Трансформере длина пути градиента равна $O(1)$, а в LSTM — $O(T)$?	<p>Внимание связывает позиции $i$ и $j$ напрямую через $q_i^\top k_j$ ($O(1)$). В LSTM сигнал ошибки обязан пройти через цепочку из $|i - j|$ промежуточных ячеек ($O(T)$), вызывая затухание на длинных дистанциях.</p>	AI_Course Block_C Ticket_18
[Билет 17: LSTM vs Трансформер] Что такое KV-кэш и почему он становится узким местом для LLM?	<p>KV-кэш — сохранённые ключи ($K$) и значения ($V$) прошлых токенов. На длинных контекстах (128K+) он занимает десятки гигабайт VRAM, упираясь в пропускную способность шины памяти GPU.</p>	AI_Course Block_C Ticket_18
[Билет 17: LSTM vs Трансформер] Как архитектура Mamba объединяет преимущества LSTM и Трансформера?	<p>Mamba использует селективные пространства состояний (SSM). При обучении она разворачивается в параллельное сканирование ($O(1)$ тактов как Transformer), а при инференсе работает рекуррентно с памятью $O(1)$ без KV-кэша.</p>	AI_Course Block_C Ticket_18
[Билет 17: LSTM vs Трансформер] Как рассчитывается объём памяти под KV-кэш для LLM?	<p>Формула: $\text{Mem} = 2 \times n_{\text{layers}} \times n_{\text{kv\_heads}} \times d_{\text{head}} \times L \times B \times 2 \text{ Б}$. Для LLaMA-3-8B (32 слоя, 8 kv-голов, $d_h=128$) на токен: $2 \times 32 \times 8 \times 128 \times 2 = 128$ КБ. При $L=128\,000, B=4 \implies \approx 65.5$ ГБ VRAM.</p>	AI_Course Block_C Ticket_18
[Билет 17: LSTM vs Трансформер] Что такое индукционные головы (Induction Heads) в трансформерах?	<p>Двухслойный паттерн внимания: голова 1-го слоя связывает $[A] \to [B]$, а голова 2-го слоя при повторении $[A]$ извлекает $[B]$, обеспечивая In-Context Learning без обновления весов.</p>	AI_Course Block_C Ticket_18
[Билет 17: LSTM vs Трансформер] В чём компромисс между Linear Attention / SSM и классическим Softmax Attention?	<p>Linear Attention заменяет Softmax на ядерные отображения, давая $O(T)$ время и $O(1)$ память, но сжатие истории в матрицу $d \times d$ теряет точность извлечения фактов («иголка в стоге сена»).</p>	AI_Course Block_C Ticket_18
[Билет 18: Тексты, токенизация, Word2Vec] В чём разница между CBOW и Skip-Gram и какой алгоритм лучше для редких слов?	<p>CBOW предсказывает центр по среднему контексту. Skip-Gram предсказывает контекст по центру. <strong>Skip-Gram лучше для редких слов</strong>: в CBOW сигнал редкого слова размывается при усреднении, а в Skip-Gram редкое слово в центре даёт персональные обновления градиента.</p>	AI_Course Block_C Ticket_19
[Билет 18: Тексты, токенизация, Word2Vec] Зачем в Negative Sampling частоты возводят в степень 3/4 ($f(w)^{0.75}$)?	<p>Степень $0.75$ — компромисс: она снижает долю сверхчастотных стоп-слов (<em>«и», «в»</em>) и повышает вероятность выбора редких слов в качестве негативных примеров.</p>	AI_Course Block_C Ticket_19
[Билет 18: Тексты, токенизация, Word2Vec] Что такое BPE и почему LLM используют субсловную токенизацию?	<p>Byte-Pair Encoding итеративно объединяет частые пары символов/байтов. Это решает проблему Out-Of-Vocabulary (любое слово делится до морфем/байтов) при компактном словаре (32K–128K).</p>	AI_Course Block_C Ticket_19
[Билет 18: Тексты, токенизация, Word2Vec] Почему в Word2Vec обучаются две независимые матрицы ($W$ и $W'$)?	<p>$W$ — векторы центральных слов, $W'$ — контекстных. Разделение устраняет автокорреляцию и стабилизирует сходимость SGD. В финале используют $W$ или $\frac{W + W'}{2}$.</p>	AI_Course Block_C Ticket_19
[Билет 18: Тексты, токенизация, Word2Vec] Чем FastText принципиально отличается от Word2Vec?	<p>Word2Vec даёт слову единый неделимый вектор. FastText представляет вектор слова суммой эмбеддингов его символьных $n$-грамм (3–6 символов), что позволяет обрабатывать опечатки и неологизмы.</p>	AI_Course Block_C Ticket_19
[Билет 18: Тексты, токенизация, Word2Vec] В чём разница между статическими (Word2Vec) и контекстными (BERT) эмбеддингами?	<p>В Word2Vec у слова всегда <strong>один фиксированный вектор</strong> (нет учёта полисемии: «песчаный замок» vs «дверной замок»). В BERT вектор токена динамически формируется слоем Self-Attention с учётом контекста.</p>	AI_Course Block_C Ticket_19
[Билет 18: Тексты, токенизация, Word2Vec] Как пошагово работает Byte-Pair Encoding (BPE)?	<p>1. Инициализация словарём символов.<br> 2. Подсчёт частот всех смежных пар токенов в корпусе.<br> 3. Объединение самой частой пары в новый токен и запись правила слияния.<br> 4. Повторение до достижения целевого размера $|V|$.</p>	AI_Course Block_C Ticket_19
[Билет 18: Тексты, токенизация, Word2Vec] Как выводят целевую функцию SGNS из бинарной логистической регрессии?	<p>Для истинной пары максимизируется $P(y=1) = \sigma({v'_O}^\top v_I)$, для $K$ шумовых — $P(y=0) = \sigma(-{v'_k}^\top v_I)$. Логарифм правдоподобия: $\mathcal{L} = \log \sigma({v'_O}^\top v_I) + \sum_{k=1}^K \log \sigma(-{v'_k}^\top v_I)$.</p>	AI_Course Block_C Ticket_19
[Билет 18: Тексты, токенизация, Word2Vec] В чём разница между токенизаторами BPE, WordPiece и SentencePiece (Unigram LM)?	<p>BPE максимизирует абсолютную частоту пары. WordPiece максимизирует $\frac{\text{count}(ab)}{\text{count}(a)\text{count}(b)}$ (прирост правдоподобия). Unigram LM начинает с избыточного словаря и удаляет токены с наименьшим вкладом в языковую модель.</p>	AI_Course Block_C Ticket_19
[Билет 18: Тексты, токенизация, Word2Vec] Почему в Word2Vec работает векторная арифметика ($\vec{v}_{\text{Король}} - \vec{v}_{\text{Мужчина}} + \vec{v}_{\text{Женщина}} \approx \vec{v}_{\text{Королева}}$)?	<p>SGNS неявно факторизует матрицу поточечной взаимной информации $M_{ij} = \text{PMI}(w_i, c_j) - \log K$. Логарифмические отношения вероятностей контекстов линейно транслируются в постоянные векторные сдвиги в $\mathbb{R}^d$.</p>	AI_Course Block_C Ticket_19
[Билет 19: Машинный перевод, BLEU] Что такое Перплексия (Perplexity) и как она связана с кросс-энтропией?	<p>Перплексия — это $\text{PPL} = \exp(\text{NLLLoss})$. Она отражает эффективное число равновероятных слов при выборе токена. Чем ниже PPL, тем точнее модель.</p>	AI_Course Block_C Ticket_20
[Билет 19: Машинный перевод, BLEU] Зачем в формулу BLEU введён штраф за краткость (Brevity Penalty)?	<p>Без BP модель могла бы перевести фразу одним частым словом («the») с точностью $p_1=100\%$. $\text{BP} = \exp(1 - r/c)$ штрафует переводы, длина которых $c < r$.</p>	AI_Course Block_C Ticket_20
[Билет 19: Машинный перевод, BLEU] В чём фундаментальный недостаток метрики BLEU?	<p>BLEU требует <strong>строгого совпадения слов</strong>. Синонимы («автомобиль» вместо «машина») или изменение порядка слов штрафуются нулём. Нейросетевые метрики (BERTScore) лишены этого недостатка.</p>	AI_Course Block_C Ticket_20
[Билет 19: Машинный перевод, BLEU] Чем Top-$p$ (Nucleus) сэмплирование лучше Top-$k$?	<p>В Top-$k$ размер пула фиксирован ($k=50$). При очевидном выборе (вероятность 99%) Top-$k$ берёт 49 маловероятных токенов (риск галлюцинаций). Top-$p$ адаптивно сужает пул до 1 токена.</p>	AI_Course Block_C Ticket_20
[Билет 19: Машинный перевод, BLEU] Как температура генерации $T$ влияет на распределение вероятностей?	<p>Логиты делятся на $T$. При $T \to 0$ Softmax вырождается в жадный выбор (пиковое распределение). При $T > 1$ вероятности сглаживаются, увеличивая креативность и случайность.</p>	AI_Course Block_C Ticket_20
[Билет 19: Машинный перевод, BLEU] В чём принципиальная разница между метриками BLEU и ROUGE?	<p>BLEU ориентирован на <strong>Precision</strong> (точность перевода: отсутствие выдуманных слов). ROUGE ориентирован на <strong>Recall</strong> (полнота покрытия ключевых тезисов в суммаризации).</p>	AI_Course Block_C Ticket_20
[Билет 19: Машинный перевод, BLEU] Как рассчитывается модифицированная точность $n$-грамм в BLEU?	<p>Используется <strong>клиппинг</strong>: $\text{Count}_{\text{clip}} = \min(\text{Count}_{\text{cand}}, \text{Count}_{\text{ref}})$. Для «the the the» при эталоне «the cat» засчитается лишь 1 совпадение, предотвращая обман повторами.</p>	AI_Course Block_C Ticket_20
[Билет 19: Машинный перевод, BLEU] Какова формула Brevity Penalty и почему при $c > r$ штраф не применяется?	<p>$\text{BP} = 1$ при $c > r$ и $\exp(1 - r/c)$ при $c \le r$. Избыточная длина при $c > r$ уже штрафуется знаменателем модифицированной точности $p_n$.</p>	AI_Course Block_C Ticket_20
[Билет 19: Машинный перевод, BLEU] В чём преимущества метрик chrF и BERTScore перед BLEU?	<p>chrF оценивает символьные $n$-граммы (устойчив к морфологии русского языка). BERTScore считает сходство контекстных эмбеддингов, учитывая синонимы и парафразы.</p>	AI_Course Block_C Ticket_20
[Билет 19: Машинный перевод, BLEU] Почему в Beam Search необходима нормализация по длине (Length Penalty)?	<p>Логарифмы вероятностей отрицательны. Длинные фразы накапливают больше штрафов. Без $\text{LP}(Y) = \frac{(5+|Y|)^\alpha}{(5+1)^\alpha}$ поиск преждевременно выдаёт короткие фразы с `&lt;EOS&gt;`.</p>	AI_Course Block_C Ticket_20
[Билет 20: Архитектуры Энкодер, Декодер, Энкодер-Декодер] Почему BERT плохо приспособлен для авторегрессионной генерации текста?	<p>BERT обучался на задаче MLM, восстанавливая маскированные слова при одновременной видимости левого и правого контекста. У него нет каузальной маски, и пошаговая генерация токенов слева направо быстро приводит к деградации из-за сдвига распределения.</p>	AI_Course Block_C Ticket_21
[Билет 20: Архитектуры Энкодер, Декодер, Энкодер-Декодер] Зачем в BERT используется токен `[CLS]`?	<p>Токен `[CLS]` ставится первым. Благодаря двунаправленному вниманию его финальное скрытое состояние агрегирует семантику всей фразы и подаётся в классификатор (определение тональности, тематики).</p>	AI_Course Block_C Ticket_21
[Билет 20: Архитектуры Энкодер, Декодер, Энкодер-Декодер] В чём суть концепции Text-to-Text в архитектуре T5?	<p>Любая задача формулируется как преобразование строки в строку. Перевод: <em>«translate English to German: That is good»</em> $\to$ <em>«Das ist gut»</em>. Классификация: <em>«sst2 sentence: I loved it»</em> $\to$ <em>«positive»</em>. Это позволяет обучать единую модель на разных задачах с одним лоссом.</p>	AI_Course Block_C Ticket_21
[Билет 20: Архитектуры Энкодер, Декодер, Энкодер-Декодер] Зачем в схеме 80/10/10 в BERT 10% слов заменяют случайными, а 10% оставляют неизменными?	<p>При 100% замене на `[MASK]` сеть опиралась бы только на спецсимвол `[MASK]`, отсутствующий при Fine-tuning. Схема 80/10/10 заставляет сеть строить качественные контекстные векторы и для обычных реальных слов.</p>	AI_Course Block_C Ticket_21
[Билет 20: Архитектуры Энкодер, Декодер, Энкодер-Декодер] Как LoRA экономит память видеокарты при дообучении?	<p>LoRA замораживает исходные веса $W_0$ и оптимизирует низкоранговые матрицы $A$ и $B$ ($r \ll d$). Это сокращает число обучаемых параметров на 99.9%, избавляя от необходимости хранить моменты Adam для базовых весов.</p>	AI_Course Block_C Ticket_21
[Билет 20: Архитектуры Энкодер, Декодер, Энкодер-Декодер] Чем архитектура RoBERTa превзошла оригинальный BERT?	<p>RoBERTa удалила бесполезную задачу NSP, ввела динамическое маскирование на каждой эпохе, увеличила объём обучающего корпуса (160 ГБ) и размер батча.</p>	AI_Course Block_C Ticket_21
[Билет 20: Архитектуры Энкодер, Декодер, Энкодер-Декодер] Как формулируется лосс MLM в BERT?	<p>Маскируется 15% токенов $M$. Лосс равен кросс-энтропии на маскированных позициях: $\mathcal{L} = -\sum_{i \in M} \log P(x_i \mid \tilde{X})$.</p>	AI_Course Block_C Ticket_21
[Билет 20: Архитектуры Энкодер, Декодер, Энкодер-Декодер] Как устроена причинная маска в декодерах (GPT)?	<p>Верхнетреугольная матрица с нулями на диагонали и ниже, и $-\infty$ выше диагонали. Прибавляясь к логитам, она зануляет внимание к будущим токенам ($e^{-\infty} = 0$).</p>	AI_Course Block_C Ticket_21
[Билет 20: Архитектуры Энкодер, Декодер, Энкодер-Декодер] В чём заключается предобучение через Span Corruption в T5?	<p>T5 вырезает спаны текста (средняя длина 3 токена) и заменяет их маркерами-стражами (`&lt;extra_id_0&gt;`). Декодер обучается восстанавливать исключительно вырезанные спаны.</p>	AI_Course Block_C Ticket_21
[Билет 20: Архитектуры Энкодер, Декодер, Энкодер-Декодер] Как устроены вращательные позиционные эмбеддинги (RoPE)?	<p>RoPE поворачивает векторы $Q$ и $K$ на угол, пропорциональный позиции. Скалярное произведение зависит строго от <em>относительного сдвига</em> $(n - m)$, обеспечивая экстраполяцию длины контекста.</p>	AI_Course Block_C Ticket_21
[Билет 21: RL: Строение агента, MDP] 1. В чем строгое математическое определение Марковского свойства и почему оно фундаментально для RL?	<p>$\mathbb{P}(S_{t+1}, R_{t+1} \mid S_t, A_t, \dots, S_0, A_0) = \mathbb{P}(S_{t+1}, R_{t+1} \mid S_t, A_t)$. Состояние $S_t$ полностью определяет будущее, позволяя выводить рекуррентные уравнения Беллмана без предыстории.</p>	AI_Course Block_D Ticket_22
[Билет 21: RL: Строение агента, MDP] 2. Зачем нужен коэффициент дисконтирования $\gamma < 1$? Что произойдет при $\gamma = 0$ и $\gamma = 1$?	<p>$\gamma$ гарантирует сходимость ряда $\sum \gamma^k R \le \frac{R_{\max}}{1 - \gamma}$, отражает неопределённость и задаёт горизонт $H \approx \frac{1}{1-\gamma}$. При $\gamma = 0$ агент близорук (максимизирует $R_{t+1}$). При $\gamma = 1$ доход расходится в бесконечных задачах, но допустим в эпизодических.</p>	AI_Course Block_D Ticket_22
[Билет 21: RL: Строение агента, MDP] 3. Чем принципиально отличаются $V^\pi(s)$ и $Q^\pi(s, a)$?	<p>$V^\pi(s) = \mathbb{E}_\pi [G_t \mid S_t = s]$ — ожидаемый доход из $s$ при следовании $\pi$ со старта. $Q^\pi(s, a) = \mathbb{E}_\pi [G_t \mid S_t = s, A_t = a]$ — доход при фиксированном первом действии $a$ и последующем следовании $\pi$. Связь: $V^\pi(s) = \sum_a \pi(a \mid s) Q^\pi(s, a)$.</p>	AI_Course Block_D Ticket_22
[Билет 21: RL: Строение агента, MDP] 4. Что такое Credit Assignment Problem и почему она сложна в RL?	<p>Задача определения действий из длинной траектории, определивших итоговую отложенную награду. Сложность обусловлена временной задержкой между действием и результатом, а также стохастичностью переходов.</p>	AI_Course Block_D Ticket_22
[Билет 21: RL: Строение агента, MDP] 5. Что произойдет, если ко всем наградам в среде прибавить положительную константу $c > 0$?	<p>В бесконечных задачах $V(s)$ вырастет на $\frac{c}{1 - \gamma}$, сохраняя оптимальную политику $\arg\max_a Q(s, a)$. В эпизодических задачах со штрафом за шаг ($R=-1$) сдвиг $+c$ может сделать награды положительными, вызвав зацикливание агента.</p>	AI_Course Block_D Ticket_22
[Билет 21: RL: Строение агента, MDP] 6. В чем разница между Partially Observable MDP (POMDP) и классическим MDP?	<p>В MDP агент видит полное марковское состояние $S_t$. В POMDP наблюдение $O_t = g(S_t)$ неполно (шумные датчики, 1 кадр). Для восстановления марковости используют память (RNN/LSTM или Frame Stacking).</p>	AI_Course Block_D Ticket_22
[Билет 21: RL: Строение агента, MDP] 7. В чем отличие Model-Based RL от Model-Free RL?	<p>Model-Based RL знает или обучает модель переходов $\mathcal{P}$ и наград $\mathcal{R}$, используя её для планирования (VI, PI, MCTS). Model-Free RL не моделирует динамику, напрямую оценивая $Q(s, a)$ или оптимизируя стратегию $\pi_\theta(a \mid s)$.</p>	AI_Course Block_D Ticket_22
[Билет 21: RL: Строение агента, MDP] 8. Как температура $\tau$ в Softmax exploration влияет на стратегию агента?	<p>В $\pi(a \mid s) \propto \exp(Q(s, a)/\tau)$: при $\tau \to \infty$ политика стремится к равномерной $\pi = 1/|\mathcal{A}|$ (максимальный exploration); при $\tau \to 0$ переходит в детерминированную жадную $\arg\max_a Q(s, a)$ (чистый exploitation).</p>	AI_Course Block_D Ticket_22
[Билет 21: RL: Строение агента, MDP] 9. Почему нельзя обучать RL-агента обычной кросс-энтропией как в Supervised Learning?	<p>В RL отсутствуют эталонные метки правильных действий $y^*$. Скалярная награда $R$ лишь оценивает текущее действие. Кроме того, распределение данных нестационарно и зависит от текущей стратегии.</p>	AI_Course Block_D Ticket_22
[Билет 21: RL: Строение агента, MDP] 10. Что такое дилемма Exploration vs Exploitation и почему чистая эксплуатация гибельна?	<p>Exploitation — выбор известного наилучшего $Q(s, a)$. Exploration — выбор неоптимальных действий для поиска лучших путей. Чистая эксплуатация с первых шагов застревает в локальном минимуме, не исследуя среду.</p>	AI_Course Block_D Ticket_22
[Билет 22 (ч.1): Уравнение Беллмана] 1. Почему уравнение оптимальности Беллмана нельзя решить аналитически через обращение матрицы?	<p>Из-за нелинейного оператора $\max_{a \in \mathcal{A}}$. В отличие от $V^\pi$, где $\sum_a \pi(a|s)$ линейна, оператор $\max$ нарушает линейность $Ax = b$, требуя итерационных методов (Value Iteration).</p>	AI_Course Block_D Ticket_23
[Билет 22 (ч.1): Уравнение Беллмана] 2. В чем разница между $V^*(s)$ и $Q^*(s, a)$ и как получить одно из другого?	<p>$V^*(s) = \max_a Q^*(s, a)$ — оптимальная ценность состояния. $Q^*(s, a) = \sum_{s'} \mathcal{P}(s'|s, a) [\mathcal{R} + \gamma V^*(s')]$. Зная $Q^*$, политика строится без модели: $\pi^*(s) = \arg\max_a Q^*(s, a)$.</p>	AI_Course Block_D Ticket_23
[Билет 22 (ч.1): Уравнение Беллмана] 3. Почему теорема Банаха о сжатии критически важна для сходимости алгоритмов RL?	<p>Она гарантирует единственность неподвижной точки $V^*$ и сходимость итераций $V_{k+1} = \mathcal{T}^* V_k$ из любой начальной точки $V_0$, обосновывая сходимость Value Iteration и Q-learning.</p>	AI_Course Block_D Ticket_23
[Билет 22 (ч.1): Уравнение Беллмана] 4. Какова скорость сходимости Value Iteration и от чего она зависит?	<p>Геометрическая со знаменателем $\gamma$: $\|V_k - V^*\|_\infty \le \gamma^k \|V_0 - V^*\|_\infty$. Чем ближе $\gamma$ к 1, тем медленнее сходимость.</p>	AI_Course Block_D Ticket_23
[Билет 22 (ч.1): Уравнение Беллмана] 5. Почему матрица $(I - \gamma \mathcal{P}^\pi)$ всегда обратима при $\gamma < 1$?	<p>Спектральный радиус стохастической матрицы $\rho(\mathcal{P}^\pi) = 1$, поэтому $\rho(\gamma \mathcal{P}^\pi) = \gamma < 1$. Матрица не имеет нулевых собственных значений и строго невырождена.</p>	AI_Course Block_D Ticket_23
[Билет 22 (ч.1): Уравнение Беллмана] 6. Что произойдет со сжимающим свойством оператора Беллмана, если $\gamma = 1$?	<p>Коэффициент сжатия становится равным 1 (оператор нерастягивающий). Теорема Банаха не гарантирует единственность решения в непрерывных бесконечных задачах.</p>	AI_Course Block_D Ticket_23
[Билет 22 (ч.1): Уравнение Беллмана] 7. Чем отличаются Backup-диаграммы для $V^\pi$ и $V^*$?	<p>Для $V^\pi$ дуга обозначает усреднение по действиям $\sum_a \pi(a|s)$. Для $V^*$ дуга обозначает выбор единственной максимальной ветви $\max_a Q^*(s, a)$.</p>	AI_Course Block_D Ticket_23
[Билет 22 (ч.1): Уравнение Беллмана] 8. Как получить детерминированную оптимальную стратегию $\pi^*(s)$, зная $V^*(s)$?	<p>По формуле $\pi^*(s) = \arg\max_a \sum_{s'} \mathcal{P}(s' \mid s, a) [\mathcal{R}(s, a, s') + \gamma V^*(s')]$. Для этого требуется знание модели переходов $\mathcal{P}$.</p>	AI_Course Block_D Ticket_23
[Билет 22 (ч.1): Уравнение Беллмана] 9. В чем заключается неравенство Йенсена и как оно связано со сжатием Беллмана?	<p>Выпуклость нормы даёт $\|\sum_{s'} \mathcal{P}(s'|s, a) \Delta(s')\|_\infty \le \sum_{s'} \mathcal{P}(s'|s, a) \|\Delta\|_\infty = \|\Delta\|_\infty$, что позволяет вынести норму за знак математического ожидания.</p>	AI_Course Block_D Ticket_23
[Билет 22 (ч.1): Уравнение Беллмана] 10. Почему уравнения Беллмана называют уравнениями «динамического программирования»?	<p>Они опираются на оптимальную подструктуру и перекрывающиеся подзадачи: оптимальное решение строится рекуррентным переиспользованием ценностей подсостояний $V(s')$.</p>	AI_Course Block_D Ticket_23
[Билет 22 (ч.2): Value/Policy Iteration, Монте-Карло] 1. В чем ключевое отличие Policy Iteration от Value Iteration?	<p>Policy Iteration оценивает стратегию до полной сходимости $V \to V^\pi$ на каждом шаге перед улучшением. Value Iteration объединяет оценку и улучшение в 1 шаг с оператором $\max$, не дожидаясь точной оценки промежуточных стратегий.</p>	AI_Course Block_D Ticket_24
[Билет 22 (ч.2): Value/Policy Iteration, Монте-Карло] 2. В чем разница между First-Visit MC и Every-Visit MC?	<p>First-Visit MC учитывает доход $G_t$ только от первого визита в состояние за эпизод (строго несмещённая оценка). Every-Visit MC усредняет доходы от всех визитов (сэмплы зависимы, но меньше MSE).</p>	AI_Course Block_D Ticket_24
[Билет 22 (ч.2): Value/Policy Iteration, Монте-Карло] 3. Почему методы Монте-Карло неприменимы в бесконечных непрерывных средах без терминальных состояний?	<p>Для расчёта дохода $G_t = \sum \gamma^k R$ методу MC требуется дождаться окончания эпизода (шаг $T$). В бесконечных задачах эпизод не завершается, что требует бутстрэпинга (TD-обучение).</p>	AI_Course Block_D Ticket_24
[Билет 22 (ч.2): Value/Policy Iteration, Монте-Карло] 4. Что такое Bootstrapping в RL и почему Монте-Карло им не пользуется?	<p>Бутстрэпинг — обновление оценки $V(s)$ на основе оценки следующего состояния $V(s')$. Монте-Карло не бутстрэпит, а использует честный накопленный доход $G_t$ по завершённому эпизоду.</p>	AI_Course Block_D Ticket_24
[Билет 22 (ч.2): Value/Policy Iteration, Монте-Карло] 5. В чем разница между Ordinary Importance Sampling и Weighted Importance Sampling?	<p>Ordinary делит взвешенные доходы на число эпизодов $N$ (несмещённо, но дисперсия может быть бесконечной). Weighted делит на сумму весов $\sum \rho$ (небольшое смещение, но дисперсия строго ограничена).</p>	AI_Course Block_D Ticket_24
[Билет 22 (ч.2): Value/Policy Iteration, Монте-Карло] 6. Какова вычислительная сложность одной итерации Value Iteration?	<p>$O(|\mathcal{S}|^2 |\mathcal{A}|)$, так как для каждого состояния $s$ перебираются действия $a$ и суммируются переходы по всем преемникам $s'$. Для разреженных сред — $O(k |\mathcal{S}| |\mathcal{A}|)$.</p>	AI_Course Block_D Ticket_24
[Билет 22 (ч.2): Value/Policy Iteration, Монте-Карло] 7. Почему Policy Iteration сходится за меньшее число внешних итераций, чем Value Iteration?	<p>Число детерминированных стратегий конечно ($|\mathcal{A}|^{|\mathcal{S}|}$). Теорема об улучшении гарантирует $V^{\pi'} > V^\pi$, поэтому стратегии не повторяются и точный оптимум достигается за считанные шаги.</p>	AI_Course Block_D Ticket_24
[Билет 22 (ч.2): Value/Policy Iteration, Монте-Карло] 8. Как Монте-Карло решает проблему отсутствия модели среды?	<p>Заменяет математическое ожидание по $\mathcal{P}$ выборочным средним доходов $G_t$ по закону больших чисел: $\frac{1}{N}\sum G_t^{(i)} \xrightarrow{P} V^\pi(s)$.</p>	AI_Course Block_D Ticket_24
[Билет 22 (ч.2): Value/Policy Iteration, Монте-Карло] 9. В чем суть компромисса Bias-Variance между DP и Monte Carlo?	<p>DP имеет нулевую дисперсию (детерминированный расчёт), но чувствителен к ошибкам модели $\mathcal{P}$. MC свободен от смещения модели, но обладает высокой траекторной дисперсией.</p>	AI_Course Block_D Ticket_24
[Билет 22 (ч.2): Value/Policy Iteration, Монте-Карло] 10. Что такое асинхронное динамическое программирование (Asynchronous DP)?	<p>Обновление состояний по отдельности в произвольном порядке (In-Place VI, Prioritized Sweeping) вместо синхронного прохода, экономя память и фокусируя ресурсы на ключевых состояниях.</p>	AI_Course Block_D Ticket_24
[Билет 23: TD-обучение, SARSA, Q-learning] 1. В чем принципиальная разница в поведении SARSA и Q-learning на задаче Cliff Walking?	<p>Q-Learning (Off-Policy) предполагает безошибочные будущие жадные действия, выбирая кратчайший путь по краю обрыва. SARSA (On-Policy) учитывает $\epsilon$-исследование и риск случайного падения, выбирая более длинный, но безопасный путь вдалеке от обрыва.</p>	AI_Course Block_D Ticket_25
[Билет 23: TD-обучение, SARSA, Q-learning] 2. Зачем в DQN нужны Experience Replay и Target Network?	<p>Experience Replay устраняет автокорреляцию кадров и делает данные i.i.d. для SGD. Target Network $\theta^-$ фиксирует таргет на $C$ шагов, предотвращая эффект «бегущей цели» и расходимость.</p>	AI_Course Block_D Ticket_25
[Билет 23: TD-обучение, SARSA, Q-learning] 3. Что такое «Смертоносная триада» (Deadly Triad) в обучении с подкреплением?	<p>Одновременное сочетание: 1) аппроксимации функций (нейросети); 2) бутстрэпинга (TD); 3) Off-Policy обучения. Без стабилизации (Replay + Target) триада может приводить к расходимости весов.</p>	AI_Course Block_D Ticket_25
[Билет 23: TD-обучение, SARSA, Q-learning] 4. Почему стандартный Q-learning страдает от Overestimation Bias (завышения оценок)?	<p>Из-за оператора максимума: $\mathbb{E}[\max_a (\mu_a + \epsilon_a)] \ge \max_a \mu_a$. Шум систематически завышает таргет. Double DQN решает проблему разделением выбора действия ($\theta$) и оценки ($\theta^-$).</p>	AI_Course Block_D Ticket_25
[Билет 23: TD-обучение, SARSA, Q-learning] 5. Почему в формуле таргета DQN для терминального состояния $S_{t+1}$ отбрасывается член $\gamma \max Q$?	<p>В терминальном состоянии эпизод закончен, будущих наград нет ($G = R_{\text{term}}$). Множитель $(1 - d)$ обнуляет несуществующую будущую ценность.</p>	AI_Course Block_D Ticket_25
[Билет 23: TD-обучение, SARSA, Q-learning] 6. Можно ли применять Q-learning в задачах с непрерывным пространством действий $\mathcal{A} \subseteq \mathbb{R}^k$?	<p>Напрямую нельзя: взятие $\max_{a \in \mathcal{A}} Q(s', a)$ в непрерывном пространстве требует решения сложной оптимизационной задачи на каждом шаге. Для этого используют Actor-Critic (DDPG, SAC).</p>	AI_Course Block_D Ticket_25
[Билет 23: TD-обучение, SARSA, Q-learning] 7. Чем Dueling DQN отличается от стандартного DQN?	<p>Dueling DQN разделяет сеть на два потока: ценность состояния $V(s)$ и преимущество действий $A(s, a)$, восстанавливая $Q(s, a) = V(s) + (A(s, a) - \frac{1}{|\mathcal{A}|}\sum A(s, a'))$.</p>	AI_Course Block_D Ticket_25
[Билет 23: TD-обучение, SARSA, Q-learning] 8. Что такое Prioritized Experience Replay (PER)?	<p>Сэмплирование переходов с вероятностью $P(i) \propto |\delta_i|^\alpha$, пропорциональной TD-ошибке. Смещение компенсируется весами важности $w_i = (N \cdot P(i))^{-\beta}$.</p>	AI_Course Block_D Ticket_25
[Билет 23: TD-обучение, SARSA, Q-learning] 9. Каковы условия сходимости табличного Q-learning к $Q^*$ по теореме Ваткинса?	<p>1) Все пары $(s, a)$ посещаются бесконечно часто; 2) Условия Роббинса-Монро для шага: $\sum \alpha_t = \infty, \sum \alpha_t^2 < \infty$; 3) Ограниченные награды и $\gamma < 1$.</p>	AI_Course Block_D Ticket_25
[Билет 23: TD-обучение, SARSA, Q-learning] 10. Что такое TD($\lambda$) и Eligibility Traces (следы пригодности)?	<p>TD($\lambda$) объединяет $n$-шаговые TD-доходы с весами $(1-\lambda)\lambda^{n-1}$. Следы пригодности $e_t(s) = \gamma \lambda e_{t-1}(s) + \mathbb{I}(S_t=s)$ распространяют ошибку назад во времени онлайн.</p>	AI_Course Block_D Ticket_25
[Билет 24: Policy Gradient, REINFORCE] 1. В чем математическая суть трюка с логарифмической производной и почему он критически важен?	<p>$\nabla_\theta P(\tau) = P(\tau) \nabla_\theta \log P(\tau)$ преобразует градиент интеграла в математическое ожидание: $\nabla J = \mathbb{E}[\nabla \log P(\tau) R(\tau)]$. Члены динамики среды $\mathcal{P}$ обнуляются при дифференцировании по $\theta$, позволяя обучать политику без знания модели среды.</p>	AI_Course Block_D Ticket_26
[Билет 24: Policy Gradient, REINFORCE] 2. Почему вычитание Baseline $b(s)$ не смещает математическое ожидание градиента стратегии?	<p>Потому что $\mathbb{E}_{a \sim \pi} [\nabla_\theta \log \pi_\theta(a|s)] = \sum_a \nabla_\theta \pi_\theta(a|s) = \nabla_\theta(1) = 0$. Умножение на любую функцию $b(s)$, не зависящую от $a$, даёт тождественный ноль.</p>	AI_Course Block_D Ticket_26
[Билет 24: Policy Gradient, REINFORCE] 3. В чем разница между оптимизацией в пространстве параметров (CEM) и пространстве действий (Policy Gradient)?	<p>CEM возмущает веса $\theta \sim \mathcal{N}(\mu, \Sigma)$ и отбирает лучшие векторы (Black-Box эволюция). Policy Gradient дифференцирует стохастические действия $\pi_\theta(a|s)$ через Backprop, что эффективнее по выборке.</p>	AI_Course Block_D Ticket_26
[Билет 24: Policy Gradient, REINFORCE] 4. Как Policy Gradient работает в непрерывных пространствах действий?	<p>Сеть выводит параметры распределения (например, $\mu_\theta(s), \sigma_\theta(s)$ Гауссианы), действие сэмплируется $a \sim \mathcal{N}(\mu, \sigma^2)$, а $\nabla \log \pi$ вычисляется аналитически.</p>	AI_Course Block_D Ticket_26
[Билет 24: Policy Gradient, REINFORCE] 5. Почему алгоритм REINFORCE называют алгоритмом с высокой дисперсией (High Variance)?	<p>Градиент масштабируется полным доходом $G_t = \sum \gamma^k R$. Случайные колебания наград по всей длине эпизода перемножаются, создавая огромный разброс оценок.</p>	AI_Course Block_D Ticket_26
[Билет 24: Policy Gradient, REINFORCE] 6. Как регуляризация энтропией (Entropy Regularization) предотвращает преждевременную сходимость?	<p>Добавление штрафа $+\beta \mathcal{H}(\pi)$ к целевой функции стимулирует стохастичность политики, предотвращая вырождение в детерминированный локальный оптимум.</p>	AI_Course Block_D Ticket_26
[Билет 24: Policy Gradient, REINFORCE] 7. Зачем в PPO введен Clipped Surrogate Objective?	<p>Клиппинг отношения $r_t(\theta)$ интервалом $[1-\epsilon, 1+\epsilon]$ защищает от разрушительно больших шагов оптимизации, удерживая новую политику близко к старой.</p>	AI_Course Block_D Ticket_26
[Билет 24: Policy Gradient, REINFORCE] 8. Чем PPO превосходит TRPO (Trust Region Policy Optimization)?	<p>TRPO требует сложного вычисления матрицы Фишера и сопряжённых градиентов ($O(N^2)$). PPO аппроксимирует область доверия простым клиппингом первого порядка, совместимым с Adam.</p>	AI_Course Block_D Ticket_26
[Билет 24: Policy Gradient, REINFORCE] 9. Почему при использовании стохастической политики в RLHF для LLM используется именно PPO?	<p>Генерация текста стохастична ($|V| \sim 10^5$). PPO с клиппингом и штрафом за KL-дивергенцию оптимизирует Reward Model без разрушения базовых языковых способностей модели.</p>	AI_Course Block_D Ticket_26
[Билет 24: Policy Gradient, REINFORCE] 10. Что такое Advantage Function $A(s, a)$ и почему она лучше $Q(s, a)$ в градиенте стратегии?	<p>$A(s, a) = Q(s, a) - V(s)$ показывает относительное преимущество действия по сравнению со средним уровнем. Даже в плохом состоянии ($Q < 0$) лучшее действие получает $A > 0$ и поощряется.</p>	AI_Course Block_D Ticket_26
[Билет 25: Value-based vs Policy-based, Actor-Critic] 1. Какую роль выполняет Critic в архитектуре Actor-Critic? Может ли Критик сам выбирать действия?	<p>Критик выполняет роль оценщика: аппроксимирует $V(s)$ и вычисляет $\delta_t \approx A(S_t, A_t)$. Критик <strong>не выбирает действия</strong>; это делает Актор $\pi_\theta(a|s)$. Разделение позволяет Актору работать в непрерывных пространствах без поиска $\max$.</p>	AI_Course Block_D Ticket_27
[Билет 25: Value-based vs Policy-based, Actor-Critic] 2. В чем разница между синхронным A2C и асинхронным A3C?	<p>A3C асинхронно обновляет веса от нескольких параллельных потоков на CPU без блокировок. A2C синхронно собирает батч переходов со всех воркеров и делает один батчевый шаг на GPU, работая быстрее на современном оборудовании.</p>	AI_Course Block_D Ticket_27
[Билет 25: Value-based vs Policy-based, Actor-Critic] 3. Что регулирует параметр $\lambda$ в Generalized Advantage Estimation (GAE)?	<p>Компромисс Bias-Variance: $\lambda=0$ даёт 1-шаговый TD-критик (минимальная дисперсия, смещение от критика); $\lambda=1$ даёт Монте-Карло $G_t - V(S_t)$ (нулевое смещение, высокая дисперсия). $\lambda \approx 0.95$ оптимален.</p>	AI_Course Block_D Ticket_27
[Билет 25: Value-based vs Policy-based, Actor-Critic] 4. Зачем в Soft Actor-Critic (SAC) введена максимизация энтропии (Maximum Entropy RL)?	<p>Максимизация $\mathcal{H}(\pi)$ побуждает политику исследовать различные альтернативные решения, повышает робастность к шуму среды и облегчает дообучение (Transfer Learning).</p>	AI_Course Block_D Ticket_27
[Билет 25: Value-based vs Policy-based, Actor-Critic] 5. Зачем в SAC используются две Q-сети (Twin Q-Networks)?	<p>Для устранения Overestimation Bias: SAC берёт пессимистичный минимум $\min(Q_1(s', a'), Q_2(s', a'))$ при расчёте целевого значения критика.</p>	AI_Course Block_D Ticket_27
[Билет 25: Value-based vs Policy-based, Actor-Critic] 6. Можно ли использовать одну общую нейросеть (Backbone) для Актора и Критика?	<p>Да: единый бэкбон с двумя головами (политика $\pi_\theta$ и ценность $V_\phi$) оптимизируется совместным лоссом $\mathcal{L} = \mathcal{L}_{\text{policy}} + c_1 \mathcal{L}_{\text{value}} - c_2 \mathcal{H}(\pi)$.</p>	AI_Course Block_D Ticket_27
[Билет 25: Value-based vs Policy-based, Actor-Critic] 7. В чем отличие Off-Policy Actor-Critic (DDPG, SAC) от On-Policy Actor-Critic (A2C, PPO)?	<p>On-Policy (A2C, PPO) обучаются только на свежих данных текущей политики. Off-Policy (DDPG, SAC) используют Replay Buffer для переиспользования старых переходов, повышая Sample Efficiency.</p>	AI_Course Block_D Ticket_27
[Билет 25: Value-based vs Policy-based, Actor-Critic] 8. Как вычисляется градиент непрерывного действия в алгоритме DDPG (Deep Deterministic Policy Gradient)?	<p>По теореме детерминированного градиента: $\nabla_\theta J(\theta) = \mathbb{E}[\nabla_a Q_\phi(s, a)|_{a=\mu_\theta(s)} \cdot \nabla_\theta \mu_\theta(s)]$, дифференцируя $Q$ по действиям.</p>	AI_Course Block_D Ticket_27
[Билет 25: Value-based vs Policy-based, Actor-Critic] 9. Что такое Reparameterization Trick в SAC для стохастического актора?	<p>Действие дифференцируется через вспомогательный шум: $a = \tanh(\mu_\theta(s) + \sigma_\theta(s) \odot \epsilon)$, $\epsilon \sim \mathcal{N}(0, I)$, позволяя градиенту $\nabla_a Q$ протекать в веса $\theta$ через Autograd.</p>	AI_Course Block_D Ticket_27
[Билет 25: Value-based vs Policy-based, Actor-Critic] 10. Почему именно Actor-Critic стал доминирующей парадигмой современного Deep RL?	<p>Он совмещает поддержку непрерывных действий, низкую дисперсию градиентов за счёт бутстрэпинга критика и масштабируемость на глубокие нейросети (PPO/SAC в робототехнике и RLHF).</p>	AI_Course Block_D Ticket_27
